model_key,sample_id,sample_group,image_path,true_label,predicted_label,confidence,correct,target_type,target_label,target_layer,cam_min,cam_max,cam_mean,deletion_fraction,deletion_baseline,original_target_probability,salient_deleted_probability,shifted_control_deleted_probability,salient_probability_drop,shifted_control_probability_drop,salient_relative_drop,shifted_control_relative_drop,figure_png,status,error
resnet50_full_finetune,sample_01,strong_model_consensus_correct,test/348/2772725_4121b228-0a61-4daa-bc99-be897559b6a4.jpg,348,348,0.22728922963142395,True,predicted,348,model.layer4[-1],0.0,0.9999998807907104,0.040602702647447586,0.2,local_mean_blur_21_shifted_cam_control,0.22728922963142395,0.004173640161752701,0.00047252283548004925,0.22311558946967125,0.2268167067959439,0.981637316609675,0.997921050477199,results/grad_cam_extended/figures/per_model/resnet50_full_finetune/sample_01_predicted_class_348.png,completed,
resnet50_full_finetune,sample_02,strong_model_consensus_correct,test/398/2737429_b24d5ce4-1e94-4bbb-aabc-b1f292b9761b.jpg,398,398,0.9854059219360352,True,predicted,398,model.layer4[-1],0.0,0.9999998807907104,0.086686871945858,0.2,local_mean_blur_21_shifted_cam_control,0.9854059219360352,0.9203195571899414,0.9428249597549438,0.06508636474609375,0.04258096218109131,0.06605030809863414,0.043211595580258076,results/grad_cam_extended/figures/per_model/resnet50_full_finetune/sample_02_predicted_class_398.png,completed,
resnet50_full_finetune,sample_03,strong_model_consensus_correct,test/486/2726066_7e6f2f7f-a7ad-4b72-9509-d930c57b288f.jpg,486,486,0.8164163827896118,True,predicted,486,model.layer4[-1],0.0,0.9999998807907104,0.09134028106927872,0.2,local_mean_blur_21_shifted_cam_control,0.8164163827896118,0.9074859619140625,0.315177857875824,-0.09106957912445068,0.5012385249137878,-0.11154795646465984,0.6139496162498684,results/grad_cam_extended/figures/per_model/resnet50_full_finetune/sample_03_predicted_class_486.png,completed,
resnet50_full_finetune,sample_04,strong_model_consensus_correct,test/240/2697679_ee0a0f8e-cb7e-4c19-b7e6-80619f0b3d20.jpg,240,240,0.9850720763206482,True,predicted,240,model.layer4[-1],0.0,0.9999998807907104,0.13281476497650146,0.2,local_mean_blur_21_shifted_cam_control,0.9850720763206482,0.021527444943785667,0.9795655012130737,0.9635446313768625,0.005506575107574463,0.9781463250646663,0.0055900225373783025,results/grad_cam_extended/figures/per_model/resnet50_full_finetune/sample_04_predicted_class_240.png,completed,
resnet50_full_finetune,sample_05,strong_model_consensus_correct,test/111/2709151_72734e97-6c71-48a1-a2fc-d477b568e1a2.jpg,111,111,0.9099142551422119,True,predicted,111,model.layer4[-1],0.0,0.9999998807907104,0.07129669189453125,0.2,local_mean_blur_21_shifted_cam_control,0.9099142551422119,0.0031607975251972675,0.8737719058990479,0.9067534576170146,0.03614234924316406,0.9965262688134243,0.03972060997936044,results/grad_cam_extended/figures/per_model/resnet50_full_finetune/sample_05_predicted_class_111.png,completed,
resnet50_full_finetune,sample_06,strong_model_consensus_correct,test/485/2749752_e1cfd374-2b2d-45ae-b686-2545801190b7.jpg,485,485,0.528366208076477,True,predicted,485,model.layer4[-1],0.0,0.9999998807907104,0.05955655872821808,0.2,local_mean_blur_21_shifted_cam_control,0.528366208076477,0.022535186260938644,0.48106905817985535,0.5058310218155384,0.047297149896621704,0.9573493044852769,0.08951584937425786,results/grad_cam_extended/figures/per_model/resnet50_full_finetune/sample_06_predicted_class_485.png,completed,
resnet50_full_finetune,sample_07,strong_model_consensus_correct,test/311/2741711_a166ab02-f109-4f0e-9883-5e2351816635.jpg,311,311,0.952275276184082,True,predicted,311,model.layer4[-1],0.0,0.9999998807907104,0.05068327486515045,0.2,local_mean_blur_21_shifted_cam_control,0.952275276184082,0.9361675381660461,0.9281938076019287,0.01610773801803589,0.02408146858215332,0.016915001807651826,0.025288348006525574,results/grad_cam_extended/figures/per_model/resnet50_full_finetune/sample_07_predicted_class_311.png,completed,
resnet50_full_finetune,sample_08,strong_model_consensus_correct,test/192/2728793_dd08833f-e414-400b-a116-cb1a63fd5095.jpg,192,192,0.9937314391136169,True,predicted,192,model.layer4[-1],0.0,0.9999998807907104,0.13380438089370728,0.2,local_mean_blur_21_shifted_cam_control,0.9937314391136169,0.32683655619621277,0.9956932663917542,0.6668948829174042,-0.001961827278137207,0.6711017249411545,-0.001974202687888296,results/grad_cam_extended/figures/per_model/resnet50_full_finetune/sample_08_predicted_class_192.png,completed,
resnet50_full_finetune,sample_09,strong_model_consensus_correct,test/028/2725993_9a16e280-5973-423c-a4c2-55cf6247f447.jpg,28,28,0.9776071906089783,True,predicted,28,model.layer4[-1],0.0,0.9999998807907104,0.07249514013528824,0.2,local_mean_blur_21_shifted_cam_control,0.9776071906089783,0.9216599464416504,0.8595046997070312,0.05594724416732788,0.11810249090194702,0.05722875681026529,0.12080771503775228,results/grad_cam_extended/figures/per_model/resnet50_full_finetune/sample_09_predicted_class_028.png,completed,
resnet50_full_finetune,sample_10,strong_model_consensus_correct,test/367/2692017_393de909-7a55-4ef2-af16-deea1b8f3838.jpg,367,367,0.8405553698539734,True,predicted,367,model.layer4[-1],0.0,0.9999998807907104,0.04928229749202728,0.2,local_mean_blur_21_shifted_cam_control,0.8405553698539734,0.0249482374638319,0.6501527428627014,0.8156071323901415,0.19040262699127197,0.970319340808963,0.2265200292805814,results/grad_cam_extended/figures/per_model/resnet50_full_finetune/sample_10_predicted_class_367.png,completed,
resnet50_full_finetune,sample_11,confusable_error,test/455/2723789_7beb8135-0a4e-4822-ab0c-c9253df54396.jpg,455,456,0.9902140498161316,False,predicted,456,model.layer4[-1],0.0,0.9999998807907104,0.051548756659030914,0.2,local_mean_blur_21_shifted_cam_control,0.9902140498161316,0.07938511669635773,0.7502941489219666,0.9108289331197739,0.23991990089416504,0.9198303470738489,0.2422909480417034,results/grad_cam_extended/figures/per_model/resnet50_full_finetune/sample_11_predicted_class_456.png,completed,
resnet50_full_finetune,sample_11,confusable_error,test/455/2723789_7beb8135-0a4e-4822-ab0c-c9253df54396.jpg,455,456,0.9902140498161316,False,true,455,model.layer4[-1],0.0,0.9999998807907104,0.026329154148697853,0.2,local_mean_blur_21_shifted_cam_control,0.004902798216789961,0.00273868627846241,0.007513271179050207,0.002164111938327551,-0.0026104729622602463,0.4414034277234589,-0.5324455233177875,results/grad_cam_extended/figures/per_model/resnet50_full_finetune/sample_11_true_class_455.png,completed,
resnet50_full_finetune,sample_12,confusable_error,test/455/2785131_73404c39-fed5-4692-a964-dbdd9b8e1981.jpg,455,456,0.9951781034469604,False,predicted,456,model.layer4[-1],0.0,0.9999998807907104,0.1629987508058548,0.2,local_mean_blur_21_shifted_cam_control,0.9951781034469604,0.9769282937049866,0.9955488443374634,0.018249809741973877,-0.0003707408905029297,0.018338234813208516,-0.00037253722647112976,results/grad_cam_extended/figures/per_model/resnet50_full_finetune/sample_12_predicted_class_456.png,completed,
resnet50_full_finetune,sample_12,confusable_error,test/455/2785131_73404c39-fed5-4692-a964-dbdd9b8e1981.jpg,455,456,0.9951781034469604,False,true,455,model.layer4[-1],0.0,0.9999998807907104,0.08699598908424377,0.2,local_mean_blur_21_shifted_cam_control,0.004575926810503006,0.00290781632065773,0.0732889249920845,0.0016681104898452759,-0.0687129981815815,0.36454046555476044,-15.016192571932386,results/grad_cam_extended/figures/per_model/resnet50_full_finetune/sample_12_true_class_455.png,completed,
resnet50_full_finetune,sample_13,confusable_error,test/122/2769608_8a4061c6-c97d-4029-b140-a02b0257cedf.jpg,122,121,0.8856189846992493,False,predicted,121,model.layer4[-1],0.0,0.9999998807907104,0.10176761448383331,0.2,local_mean_blur_21_shifted_cam_control,0.8856189846992493,0.0531829372048378,0.8726215958595276,0.8324360474944115,0.01299738883972168,0.9399482868776821,0.014676050383151522,results/grad_cam_extended/figures/per_model/resnet50_full_finetune/sample_13_predicted_class_121.png,completed,
resnet50_full_finetune,sample_13,confusable_error,test/122/2769608_8a4061c6-c97d-4029-b140-a02b0257cedf.jpg,122,121,0.8856189846992493,False,true,122,model.layer4[-1],0.0,0.9999998807907104,0.0645361840724945,0.2,local_mean_blur_21_shifted_cam_control,0.10623009502887726,0.016835397109389305,0.5047935843467712,0.08939469791948795,-0.398563489317894,0.8415195137986762,-3.7518886640320686,results/grad_cam_extended/figures/per_model/resnet50_full_finetune/sample_13_true_class_122.png,completed,
resnet50_full_finetune,sample_14,confusable_error,test/122/2761891_3b5a30f6-dc3e-4b12-a8a1-89e756275a99.jpg,122,122,0.3923194706439972,True,predicted,122,model.layer4[-1],0.0,0.9999998807907104,0.04022100567817688,0.2,local_mean_blur_21_shifted_cam_control,0.3923194706439972,0.2527097165584564,0.4957665503025055,0.13960975408554077,-0.1034470796585083,0.35585731663118747,-0.26368071788203284,results/grad_cam_extended/figures/per_model/resnet50_full_finetune/sample_14_predicted_class_122.png,completed,
resnet50_full_finetune,sample_15,confusable_error,test/203/2736545_ad8bd1c4-de0d-4a3f-96f9-79616b12335d.jpg,203,202,0.9681833982467651,False,predicted,202,model.layer4[-1],0.0,0.9999998807907104,0.12381932884454727,0.2,local_mean_blur_21_shifted_cam_control,0.9681833982467651,0.4045724868774414,0.9667942523956299,0.5636109113693237,0.001389145851135254,0.5821323856512501,0.0014347961901131424,results/grad_cam_extended/figures/per_model/resnet50_full_finetune/sample_15_predicted_class_202.png,completed,
resnet50_full_finetune,sample_15,confusable_error,test/203/2736545_ad8bd1c4-de0d-4a3f-96f9-79616b12335d.jpg,203,202,0.9681833982467651,False,true,203,model.layer4[-1],0.0,0.9999998807907104,0.07440472394227982,0.2,local_mean_blur_21_shifted_cam_control,0.006126014050096273,0.006437193136662245,0.03245144709944725,-0.0003111790865659714,-0.026325433049350977,-0.05079633902587622,-4.2973184250103476,results/grad_cam_extended/figures/per_model/resnet50_full_finetune/sample_15_true_class_203.png,completed,
resnet50_full_finetune,sample_16,confusable_error,test/335/2761282_7d64f2f7-cc02-408a-8cda-a7595ca8d4cc.jpg,335,333,0.702366054058075,False,predicted,333,model.layer4[-1],0.0,0.9999998807907104,0.28486064076423645,0.2,local_mean_blur_21_shifted_cam_control,0.702366054058075,0.13642899692058563,0.6506078243255615,0.5659370571374893,0.05175822973251343,0.8057579859784838,0.07369124608666497,results/grad_cam_extended/figures/per_model/resnet50_full_finetune/sample_16_predicted_class_333.png,completed,
resnet50_full_finetune,sample_16,confusable_error,test/335/2761282_7d64f2f7-cc02-408a-8cda-a7595ca8d4cc.jpg,335,333,0.702366054058075,False,true,335,model.layer4[-1],0.0,0.9999998807907104,0.2573058009147644,0.2,local_mean_blur_21_shifted_cam_control,0.23494859039783478,0.18447427451610565,0.22620408236980438,0.050474315881729126,0.008744508028030396,0.21483132031676272,0.037218814606307944,results/grad_cam_extended/figures/per_model/resnet50_full_finetune/sample_16_true_class_335.png,completed,
resnet50_full_finetune,sample_17,confusable_error,test/139/2758817_8e34db25-e482-4763-832c-2bb1e00ba746.jpg,139,134,0.6125780940055847,False,predicted,134,model.layer4[-1],0.0,0.9999998807907104,0.0413600318133831,0.2,local_mean_blur_21_shifted_cam_control,0.6125780940055847,0.36209288239479065,0.29165464639663696,0.25048521161079407,0.32092344760894775,0.40890331218489584,0.523889852982601,results/grad_cam_extended/figures/per_model/resnet50_full_finetune/sample_17_predicted_class_134.png,completed,
resnet50_full_finetune,sample_17,confusable_error,test/139/2758817_8e34db25-e482-4763-832c-2bb1e00ba746.jpg,139,134,0.6125780940055847,False,true,139,model.layer4[-1],0.0,0.9999998807907104,0.029815688729286194,0.2,local_mean_blur_21_shifted_cam_control,0.012194274924695492,0.03863366320729256,0.006266319192945957,-0.026439388282597065,0.005927955731749535,-2.1681804326924583,0.4861261344653146,results/grad_cam_extended/figures/per_model/resnet50_full_finetune/sample_17_true_class_139.png,completed,
resnet50_full_finetune,sample_18,confusable_error,test/335/2761654_59379efb-ca49-478d-975c-fff93f3f0fcf.jpg,335,334,0.8758331537246704,False,predicted,334,model.layer4[-1],0.0,0.9999998807907104,0.15835203230381012,0.2,local_mean_blur_21_shifted_cam_control,0.8758331537246704,0.8388699293136597,0.8309345245361328,0.03696322441101074,0.0448986291885376,0.042203499894719235,0.051263906826998315,results/grad_cam_extended/figures/per_model/resnet50_full_finetune/sample_18_predicted_class_334.png,completed,
resnet50_full_finetune,sample_18,confusable_error,test/335/2761654_59379efb-ca49-478d-975c-fff93f3f0fcf.jpg,335,334,0.8758331537246704,False,true,335,model.layer4[-1],0.0,0.9999998807907104,0.09046515822410583,0.2,local_mean_blur_21_shifted_cam_control,0.05167928338050842,0.008065086789429188,0.020633766427636147,0.043614196591079235,0.031045516952872276,0.8439396550829292,0.6007342772980775,results/grad_cam_extended/figures/per_model/resnet50_full_finetune/sample_18_true_class_335.png,completed,
resnet50_full_finetune,sample_19,confusable_error,test/203/2752018_dbebe97e-7bfa-4391-a33f-b4640aadc719.jpg,203,202,0.35613641142845154,False,predicted,202,model.layer4[-1],0.0,0.9999998807907104,0.0624740868806839,0.2,local_mean_blur_21_shifted_cam_control,0.35613641142845154,0.3476707637310028,0.13823075592517853,0.00846564769744873,0.217905655503273,0.023770800810546985,0.6118600865024177,results/grad_cam_extended/figures/per_model/resnet50_full_finetune/sample_19_predicted_class_202.png,completed,
resnet50_full_finetune,sample_19,confusable_error,test/203/2752018_dbebe97e-7bfa-4391-a33f-b4640aadc719.jpg,203,202,0.35613641142845154,False,true,203,model.layer4[-1],0.0,0.9999998807907104,0.06463892757892609,0.2,local_mean_blur_21_shifted_cam_control,0.008522789925336838,0.004237264860421419,0.010001251474022865,0.004285525064915419,-0.0014784615486860275,0.502831244517158,-0.1734715464816054,results/grad_cam_extended/figures/per_model/resnet50_full_finetune/sample_19_true_class_203.png,completed,
resnet50_full_finetune,sample_20,confusable_error,test/139/2720439_c4e5a066-5637-4baa-9329-7a8c7e58ba15.jpg,139,139,0.22681646049022675,True,predicted,139,model.layer4[-1],0.0,0.9999998807907104,0.047349121421575546,0.2,local_mean_blur_21_shifted_cam_control,0.22681646049022675,0.053499165922403336,0.2122952938079834,0.1733172945678234,0.014521166682243347,0.7641301437877409,0.06402166161511477,results/grad_cam_extended/figures/per_model/resnet50_full_finetune/sample_20_predicted_class_139.png,completed,
resnet50_full_finetune,sample_21,consensus_difficult,test/166/2732378_f08aebf2-10c1-4bab-94f8-4bc2c7770a31.jpg,166,181,0.20211181044578552,False,predicted,181,model.layer4[-1],0.0,0.9999998807907104,0.3503623902797699,0.2,local_mean_blur_21_shifted_cam_control,0.20211181044578552,0.19643574953079224,0.20904721319675446,0.005676060914993286,-0.006935402750968933,0.028083766616478024,-0.0343146832224794,results/grad_cam_extended/figures/per_model/resnet50_full_finetune/sample_21_predicted_class_181.png,completed,
resnet50_full_finetune,sample_21,consensus_difficult,test/166/2732378_f08aebf2-10c1-4bab-94f8-4bc2c7770a31.jpg,166,181,0.20211181044578552,False,true,166,model.layer4[-1],,,,,,,,,,,,,results/grad_cam_extended/figures/per_model/resnet50_full_finetune/sample_21_true_class_166.png,failed,ValueError: The Grad-CAM heatmap is empty.
resnet50_full_finetune,sample_22,consensus_difficult,test/389/2734196_899d7a03-966e-4ad9-8e56-a0f7da4a7e64.jpg,389,103,0.2542141079902649,False,predicted,103,model.layer4[-1],0.0,0.9999998807907104,0.020732101052999496,0.2,local_mean_blur_21_shifted_cam_control,0.2542141079902649,0.02291056513786316,0.12548774480819702,0.23130354285240173,0.12872636318206787,0.909876893462024,0.5063698635757754,results/grad_cam_extended/figures/per_model/resnet50_full_finetune/sample_22_predicted_class_103.png,completed,
resnet50_full_finetune,sample_22,consensus_difficult,test/389/2734196_899d7a03-966e-4ad9-8e56-a0f7da4a7e64.jpg,389,103,0.2542141079902649,False,true,389,model.layer4[-1],0.0,0.9999998807907104,0.03484252467751503,0.2,local_mean_blur_21_shifted_cam_control,0.03686385229229927,0.18164390325546265,0.12744000554084778,-0.14478005096316338,-0.09057615324854851,-3.9274259731505983,-2.457045252090204,results/grad_cam_extended/figures/per_model/resnet50_full_finetune/sample_22_true_class_389.png,completed,
resnet50_full_finetune,sample_23,consensus_difficult,test/381/2718365_976a8e1c-35b7-4aa5-aacb-50495ded9078.jpg,381,468,0.47717881202697754,False,predicted,468,model.layer4[-1],0.0,0.9999998807907104,0.02637503854930401,0.2,local_mean_blur_21_shifted_cam_control,0.47717881202697754,0.6355938911437988,0.46733370423316956,-0.1584150791168213,0.009845107793807983,-0.331982634442422,0.020631904740253608,results/grad_cam_extended/figures/per_model/resnet50_full_finetune/sample_23_predicted_class_468.png,completed,
resnet50_full_finetune,sample_23,consensus_difficult,test/381/2718365_976a8e1c-35b7-4aa5-aacb-50495ded9078.jpg,381,468,0.47717881202697754,False,true,381,model.layer4[-1],0.0,0.9999998807907104,0.05191739648580551,0.2,local_mean_blur_21_shifted_cam_control,0.0005275934236124158,0.0007338150753639638,0.021161343902349472,-0.00020622165175154805,-0.020633750478737056,-0.39087229393337547,-39.109188165118525,results/grad_cam_extended/figures/per_model/resnet50_full_finetune/sample_23_true_class_381.png,completed,
resnet50_full_finetune,sample_24,consensus_difficult,test/184/2687534_d31397b7-bac3-4524-bc11-1d7d2c0ca7ad.jpg,184,436,0.13700781762599945,False,predicted,436,model.layer4[-1],0.0,0.9999998807907104,0.04226201772689819,0.2,local_mean_blur_21_shifted_cam_control,0.13700781762599945,0.13500571250915527,0.16416272521018982,0.0020021051168441772,-0.02715490758419037,0.014613072097166559,-0.19819969440223595,results/grad_cam_extended/figures/per_model/resnet50_full_finetune/sample_24_predicted_class_436.png,completed,
resnet50_full_finetune,sample_24,consensus_difficult,test/184/2687534_d31397b7-bac3-4524-bc11-1d7d2c0ca7ad.jpg,184,436,0.13700781762599945,False,true,184,model.layer4[-1],0.0,0.9999998807907104,0.06835607439279556,0.2,local_mean_blur_21_shifted_cam_control,0.00218195584602654,0.00023911308380775154,6.003530870657414e-05,0.0019428427622187883,0.0021219205373199657,0.8904134177402401,0.9724855528970021,results/grad_cam_extended/figures/per_model/resnet50_full_finetune/sample_24_true_class_184.png,completed,
resnet50_full_finetune,sample_25,consensus_difficult,test/193/2716562_fec115c3-cced-4be1-b6f6-aa8684b4976e.jpg,193,225,0.20120932161808014,False,predicted,225,model.layer4[-1],0.0,0.9999998807907104,0.0692976713180542,0.2,local_mean_blur_21_shifted_cam_control,0.20120932161808014,0.19858679175376892,0.14184755086898804,0.0026225298643112183,0.0593617707490921,0.013033838806380453,0.29502495347490904,results/grad_cam_extended/figures/per_model/resnet50_full_finetune/sample_25_predicted_class_225.png,completed,
resnet50_full_finetune,sample_25,consensus_difficult,test/193/2716562_fec115c3-cced-4be1-b6f6-aa8684b4976e.jpg,193,225,0.20120932161808014,False,true,193,model.layer4[-1],0.0,0.9999998807907104,0.09847195446491241,0.2,local_mean_blur_21_shifted_cam_control,0.0004191025218460709,0.0002686269290279597,0.0005128671764396131,0.00015047559281811118,-9.376465459354222e-05,0.35904244182376516,-0.22372724979206962,results/grad_cam_extended/figures/per_model/resnet50_full_finetune/sample_25_true_class_193.png,completed,
resnet50_full_finetune,sample_26,consensus_difficult,test/039/2753388_86b35091-7dfa-4c36-9b78-8583ceac3421.jpg,39,56,0.3530785143375397,False,predicted,56,model.layer4[-1],0.0,0.9999998807907104,0.10606057941913605,0.2,local_mean_blur_21_shifted_cam_control,0.3530785143375397,0.33219265937805176,0.4100363552570343,0.020885854959487915,-0.05695784091949463,0.05915357098030961,-0.16131777666041577,results/grad_cam_extended/figures/per_model/resnet50_full_finetune/sample_26_predicted_class_056.png,completed,
resnet50_full_finetune,sample_26,consensus_difficult,test/039/2753388_86b35091-7dfa-4c36-9b78-8583ceac3421.jpg,39,56,0.3530785143375397,False,true,39,model.layer4[-1],,,,,,,,,,,,,results/grad_cam_extended/figures/per_model/resnet50_full_finetune/sample_26_true_class_039.png,failed,ValueError: The Grad-CAM heatmap is empty.
resnet50_full_finetune,sample_27,consensus_difficult,test/256/2733011_568aaf96-6d06-4f0e-843e-b94a458995bf.jpg,256,490,0.2506934702396393,False,predicted,490,model.layer4[-1],0.0,0.9999998807907104,0.10980195552110672,0.2,local_mean_blur_21_shifted_cam_control,0.2506934702396393,0.0004454942245502025,0.15927597880363464,0.2502479760150891,0.09141749143600464,0.9982229524202432,0.36465844662255525,results/grad_cam_extended/figures/per_model/resnet50_full_finetune/sample_27_predicted_class_490.png,completed,
resnet50_full_finetune,sample_27,consensus_difficult,test/256/2733011_568aaf96-6d06-4f0e-843e-b94a458995bf.jpg,256,490,0.2506934702396393,False,true,256,model.layer4[-1],0.0,0.9999998807907104,0.06293194741010666,0.2,local_mean_blur_21_shifted_cam_control,0.08635123819112778,0.1444627344608307,0.188245490193367,-0.05811149626970291,-0.10189425200223923,-0.6729665663980441,-1.1799975789195856,results/grad_cam_extended/figures/per_model/resnet50_full_finetune/sample_27_true_class_256.png,completed,
resnet50_full_finetune,sample_28,consensus_difficult,test/178/2697466_171420fb-5b5f-4b5c-a93b-cfcaadfb5f0a.jpg,178,215,0.6937161684036255,False,predicted,215,model.layer4[-1],0.0,0.9999998807907104,0.04974622279405594,0.2,local_mean_blur_21_shifted_cam_control,0.6937161684036255,0.7446757555007935,0.21438626945018768,-0.05095958709716797,0.4793298989534378,-0.07345884299400977,0.6909596759961184,results/grad_cam_extended/figures/per_model/resnet50_full_finetune/sample_28_predicted_class_215.png,completed,
resnet50_full_finetune,sample_28,consensus_difficult,test/178/2697466_171420fb-5b5f-4b5c-a93b-cfcaadfb5f0a.jpg,178,215,0.6937161684036255,False,true,178,model.layer4[-1],0.0,0.9999998807907104,0.03169042617082596,0.2,local_mean_blur_21_shifted_cam_control,0.0026479025837033987,0.0006918045110069215,0.0006851130747236311,0.001956098072696477,0.0019627895089797676,0.7387349084272757,0.741261978843111,results/grad_cam_extended/figures/per_model/resnet50_full_finetune/sample_28_true_class_178.png,completed,
resnet50_full_finetune,sample_29,consensus_difficult,test/020/2719934_33eebbd4-e793-4137-ab05-b9b6db58af47.jpg,20,133,0.11831457912921906,False,predicted,133,model.layer4[-1],0.0,0.9999998807907104,0.04240623116493225,0.2,local_mean_blur_21_shifted_cam_control,0.11831457912921906,0.09187072515487671,0.05575457960367203,0.026443853974342346,0.06255999952554703,0.22350461091917753,0.5287598534853526,results/grad_cam_extended/figures/per_model/resnet50_full_finetune/sample_29_predicted_class_133.png,completed,
resnet50_full_finetune,sample_29,consensus_difficult,test/020/2719934_33eebbd4-e793-4137-ab05-b9b6db58af47.jpg,20,133,0.11831457912921906,False,true,20,model.layer4[-1],0.0,0.9999998807907104,0.05773249268531799,0.2,local_mean_blur_21_shifted_cam_control,0.11729200929403305,0.09692205488681793,0.0002809685538522899,0.02036995440721512,0.11701104074018076,0.17366873097169622,0.9976045379771102,results/grad_cam_extended/figures/per_model/resnet50_full_finetune/sample_29_true_class_020.png,completed,
resnet50_full_finetune,sample_30,consensus_difficult,test/322/2731272_d07811e7-53a9-4ebe-91d9-f3335f6f560d.jpg,322,136,0.4052221477031708,False,predicted,136,model.layer4[-1],0.0,0.9999998807907104,0.030289091169834137,0.2,local_mean_blur_21_shifted_cam_control,0.4052221477031708,0.020296018570661545,9.025865438161418e-05,0.38492612913250923,0.40513188904878916,0.949913846798106,0.9997772613000222,results/grad_cam_extended/figures/per_model/resnet50_full_finetune/sample_30_predicted_class_136.png,completed,
resnet50_full_finetune,sample_30,consensus_difficult,test/322/2731272_d07811e7-53a9-4ebe-91d9-f3335f6f560d.jpg,322,136,0.4052221477031708,False,true,322,model.layer4[-1],0.0,0.9999998807907104,0.024765541777014732,0.2,local_mean_blur_21_shifted_cam_control,0.0026137756649404764,0.001032767933793366,0.003122733673080802,0.0015810077311471105,-0.0005089580081403255,0.6048750672652371,-0.19472138139747966,results/grad_cam_extended/figures/per_model/resnet50_full_finetune/sample_30_true_class_322.png,completed,
resnet50_scratch,sample_01,strong_model_consensus_correct,test/348/2772725_4121b228-0a61-4daa-bc99-be897559b6a4.jpg,348,348,0.1218743845820427,True,predicted,348,model.layer4[-1],0.0,0.9999998807907104,0.044036589562892914,0.2,local_mean_blur_21_shifted_cam_control,0.1218743845820427,0.06437303870916367,0.07439520210027695,0.05750134587287903,0.04747918248176575,0.4718082972896622,0.38957474652767565,results/grad_cam_extended/figures/per_model/resnet50_scratch/sample_01_predicted_class_348.png,completed,
resnet50_scratch,sample_02,strong_model_consensus_correct,test/398/2737429_b24d5ce4-1e94-4bbb-aabc-b1f292b9761b.jpg,398,381,0.2571016252040863,False,predicted,381,model.layer4[-1],0.0,0.9999998807907104,0.026299335062503815,0.2,local_mean_blur_21_shifted_cam_control,0.2571016252040863,0.32858842611312866,0.0868963822722435,-0.07148680090904236,0.1702052429318428,-0.27804880989101644,0.6620154298781057,results/grad_cam_extended/figures/per_model/resnet50_scratch/sample_02_predicted_class_381.png,completed,
resnet50_scratch,sample_02,strong_model_consensus_correct,test/398/2737429_b24d5ce4-1e94-4bbb-aabc-b1f292b9761b.jpg,398,381,0.2571016252040863,False,true,398,model.layer4[-1],0.0,0.9999998807907104,0.022579709067940712,0.2,local_mean_blur_21_shifted_cam_control,0.23170316219329834,0.1638796627521515,0.0957193598151207,0.06782349944114685,0.13598380237817764,0.29271719384030287,0.5868879867281792,results/grad_cam_extended/figures/per_model/resnet50_scratch/sample_02_true_class_398.png,completed,
resnet50_scratch,sample_03,strong_model_consensus_correct,test/486/2726066_7e6f2f7f-a7ad-4b72-9509-d930c57b288f.jpg,486,321,0.155890554189682,False,predicted,321,model.layer4[-1],0.0,0.9999998807907104,0.06629842519760132,0.2,local_mean_blur_21_shifted_cam_control,0.155890554189682,0.047760091722011566,0.035169828683137894,0.10813046246767044,0.12072072550654411,0.693630624573322,0.7743941006178956,results/grad_cam_extended/figures/per_model/resnet50_scratch/sample_03_predicted_class_321.png,completed,
resnet50_scratch,sample_03,strong_model_consensus_correct,test/486/2726066_7e6f2f7f-a7ad-4b72-9509-d930c57b288f.jpg,486,321,0.155890554189682,False,true,486,model.layer4[-1],,,,,,,,,,,,,results/grad_cam_extended/figures/per_model/resnet50_scratch/sample_03_true_class_486.png,failed,ValueError: The Grad-CAM heatmap is empty.
resnet50_scratch,sample_04,strong_model_consensus_correct,test/240/2697679_ee0a0f8e-cb7e-4c19-b7e6-80619f0b3d20.jpg,240,240,0.6764807105064392,True,predicted,240,model.layer4[-1],0.0,0.9999998807907104,0.034144144505262375,0.2,local_mean_blur_21_shifted_cam_control,0.6764807105064392,0.08039285242557526,0.6452693939208984,0.596087858080864,0.03121131658554077,0.8811601703093794,0.04613777761996316,results/grad_cam_extended/figures/per_model/resnet50_scratch/sample_04_predicted_class_240.png,completed,
resnet50_scratch,sample_05,strong_model_consensus_correct,test/111/2709151_72734e97-6c71-48a1-a2fc-d477b568e1a2.jpg,111,56,0.560675859451294,False,predicted,56,model.layer4[-1],0.0,0.9999998807907104,0.027543403208255768,0.2,local_mean_blur_21_shifted_cam_control,0.560675859451294,0.023199154064059258,0.47366365790367126,0.5374767053872347,0.08701220154762268,0.9586228768851166,0.15519163181517617,results/grad_cam_extended/figures/per_model/resnet50_scratch/sample_05_predicted_class_056.png,completed,
resnet50_scratch,sample_05,strong_model_consensus_correct,test/111/2709151_72734e97-6c71-48a1-a2fc-d477b568e1a2.jpg,111,56,0.560675859451294,False,true,111,model.layer4[-1],0.0,0.9999998807907104,0.0737231969833374,0.2,local_mean_blur_21_shifted_cam_control,0.07149073481559753,0.053893983364105225,0.08206145465373993,0.01759675145149231,-0.010570719838142395,0.2461403075081154,-0.1478613958215481,results/grad_cam_extended/figures/per_model/resnet50_scratch/sample_05_true_class_111.png,completed,
resnet50_scratch,sample_06,strong_model_consensus_correct,test/485/2749752_e1cfd374-2b2d-45ae-b686-2545801190b7.jpg,485,323,0.3421793282032013,False,predicted,323,model.layer4[-1],0.0,0.9999998807907104,0.10726675391197205,0.2,local_mean_blur_21_shifted_cam_control,0.3421793282032013,0.20313289761543274,0.5731478929519653,0.13904643058776855,-0.23096856474876404,0.40635543741905006,-0.6749927471118438,results/grad_cam_extended/figures/per_model/resnet50_scratch/sample_06_predicted_class_323.png,completed,
resnet50_scratch,sample_06,strong_model_consensus_correct,test/485/2749752_e1cfd374-2b2d-45ae-b686-2545801190b7.jpg,485,323,0.3421793282032013,False,true,485,model.layer4[-1],0.0,0.9999998807907104,0.09322025626897812,0.2,local_mean_blur_21_shifted_cam_control,0.014711476862430573,0.009324493817985058,0.004813649691641331,0.005386983044445515,0.009897827170789242,0.36617554408847425,0.6727962979750737,results/grad_cam_extended/figures/per_model/resnet50_scratch/sample_06_true_class_485.png,completed,
resnet50_scratch,sample_07,strong_model_consensus_correct,test/311/2741711_a166ab02-f109-4f0e-9883-5e2351816635.jpg,311,311,0.3121652901172638,True,predicted,311,model.layer4[-1],0.0,0.9999998807907104,0.023884767666459084,0.2,local_mean_blur_21_shifted_cam_control,0.3121652901172638,0.06481137871742249,0.35231244564056396,0.2473539113998413,-0.04014715552330017,0.7923812135132758,-0.1286086467467893,results/grad_cam_extended/figures/per_model/resnet50_scratch/sample_07_predicted_class_311.png,completed,
resnet50_scratch,sample_08,strong_model_consensus_correct,test/192/2728793_dd08833f-e414-400b-a116-cb1a63fd5095.jpg,192,192,0.6935988068580627,True,predicted,192,model.layer4[-1],0.0,0.9999998807907104,0.1616654247045517,0.2,local_mean_blur_21_shifted_cam_control,0.6935988068580627,0.38029196858406067,0.6857978105545044,0.3133068382740021,0.00780099630355835,0.4517119048881479,0.011247130511795612,results/grad_cam_extended/figures/per_model/resnet50_scratch/sample_08_predicted_class_192.png,completed,
resnet50_scratch,sample_09,strong_model_consensus_correct,test/028/2725993_9a16e280-5973-423c-a4c2-55cf6247f447.jpg,28,30,0.37833938002586365,False,predicted,30,model.layer4[-1],,,,,,,,,,,,,results/grad_cam_extended/figures/per_model/resnet50_scratch/sample_09_predicted_class_030.png,failed,ValueError: The Grad-CAM heatmap is empty.
resnet50_scratch,sample_09,strong_model_consensus_correct,test/028/2725993_9a16e280-5973-423c-a4c2-55cf6247f447.jpg,28,30,0.37833938002586365,False,true,28,model.layer4[-1],0.0,0.9999998807907104,0.020732101052999496,0.2,local_mean_blur_21_shifted_cam_control,0.3357403874397278,0.1993449330329895,0.3343741297721863,0.13639545440673828,0.001366257667541504,0.40625274619731006,0.004069387296417459,results/grad_cam_extended/figures/per_model/resnet50_scratch/sample_09_true_class_028.png,completed,
resnet50_scratch,sample_10,strong_model_consensus_correct,test/367/2692017_393de909-7a55-4ef2-af16-deea1b8f3838.jpg,367,498,0.14551548659801483,False,predicted,498,model.layer4[-1],0.0,0.9999998807907104,0.0783936083316803,0.2,local_mean_blur_21_shifted_cam_control,0.14551548659801483,0.00022130407160148025,0.09414111077785492,0.14529418252641335,0.05137437582015991,0.9984791716897266,0.35305091589379173,results/grad_cam_extended/figures/per_model/resnet50_scratch/sample_10_predicted_class_498.png,completed,
resnet50_scratch,sample_10,strong_model_consensus_correct,test/367/2692017_393de909-7a55-4ef2-af16-deea1b8f3838.jpg,367,498,0.14551548659801483,False,true,367,model.layer4[-1],0.0,0.9999998807907104,0.16360828280448914,0.2,local_mean_blur_21_shifted_cam_control,0.09938091784715652,0.02259526215493679,0.13284243643283844,0.07678565569221973,-0.033461518585681915,0.7726398322292887,-0.3366996331946165,results/grad_cam_extended/figures/per_model/resnet50_scratch/sample_10_true_class_367.png,completed,
resnet50_scratch,sample_11,confusable_error,test/455/2723789_7beb8135-0a4e-4822-ab0c-c9253df54396.jpg,455,342,0.3917541205883026,False,predicted,342,model.layer4[-1],0.0,0.9999998807907104,0.046386029571294785,0.2,local_mean_blur_21_shifted_cam_control,0.3917541205883026,1.388461168971844e-05,0.4168434739112854,0.3917402359766129,-0.025089353322982788,0.9999645578413601,-0.06404362329439128,results/grad_cam_extended/figures/per_model/resnet50_scratch/sample_11_predicted_class_342.png,completed,
resnet50_scratch,sample_11,confusable_error,test/455/2723789_7beb8135-0a4e-4822-ab0c-c9253df54396.jpg,455,342,0.3917541205883026,False,true,455,model.layer4[-1],0.0,0.9999998807907104,0.021061180159449577,0.2,local_mean_blur_21_shifted_cam_control,0.061202093958854675,0.09936700761318207,0.05207463353872299,-0.03816491365432739,0.009127460420131683,-0.6235883641495198,0.14913640742860773,results/grad_cam_extended/figures/per_model/resnet50_scratch/sample_11_true_class_455.png,completed,
resnet50_scratch,sample_12,confusable_error,test/455/2785131_73404c39-fed5-4692-a964-dbdd9b8e1981.jpg,455,456,0.4803852438926697,False,predicted,456,model.layer4[-1],0.0,0.9999998807907104,0.09138329327106476,0.2,local_mean_blur_21_shifted_cam_control,0.4803852438926697,0.13882805407047272,0.615626335144043,0.34155718982219696,-0.1352410912513733,0.7110068307978867,-0.2815263228226669,results/grad_cam_extended/figures/per_model/resnet50_scratch/sample_12_predicted_class_456.png,completed,
resnet50_scratch,sample_12,confusable_error,test/455/2785131_73404c39-fed5-4692-a964-dbdd9b8e1981.jpg,455,456,0.4803852438926697,False,true,455,model.layer4[-1],0.0,0.9999998807907104,0.05412593111395836,0.2,local_mean_blur_21_shifted_cam_control,0.0034667751751840115,0.0014833335299044847,0.001957531785592437,0.0019834416452795267,0.0015092433895915747,0.5721287205116347,0.4353450435422211,results/grad_cam_extended/figures/per_model/resnet50_scratch/sample_12_true_class_455.png,completed,
resnet50_scratch,sample_13,confusable_error,test/122/2769608_8a4061c6-c97d-4029-b140-a02b0257cedf.jpg,122,475,0.39285728335380554,False,predicted,475,model.layer4[-1],0.0,0.9999998807907104,0.034077614545822144,0.2,local_mean_blur_21_shifted_cam_control,0.39285728335380554,0.2775481641292572,0.5067766904830933,0.11530911922454834,-0.11391940712928772,0.2935140166936945,-0.28997656898903007,results/grad_cam_extended/figures/per_model/resnet50_scratch/sample_13_predicted_class_475.png,completed,
resnet50_scratch,sample_13,confusable_error,test/122/2769608_8a4061c6-c97d-4029-b140-a02b0257cedf.jpg,122,475,0.39285728335380554,False,true,122,model.layer4[-1],0.0,0.9999998807907104,0.020732101052999496,0.2,local_mean_blur_21_shifted_cam_control,2.1469884813996032e-05,1.1720775546564255e-05,7.672540959902108e-06,9.749109267431777e-06,1.3797343854093924e-05,0.45408297957315624,0.6426370692543052,results/grad_cam_extended/figures/per_model/resnet50_scratch/sample_13_true_class_122.png,completed,
resnet50_scratch,sample_14,confusable_error,test/122/2761891_3b5a30f6-dc3e-4b12-a8a1-89e756275a99.jpg,122,61,0.199616476893425,False,predicted,61,model.layer4[-1],0.0,0.9999998807907104,0.1018933653831482,0.2,local_mean_blur_21_shifted_cam_control,0.199616476893425,0.20376817882061005,0.04578489437699318,-0.004151701927185059,0.1538315825164318,-0.020798392957319087,0.770635695562157,results/grad_cam_extended/figures/per_model/resnet50_scratch/sample_14_predicted_class_061.png,completed,
resnet50_scratch,sample_14,confusable_error,test/122/2761891_3b5a30f6-dc3e-4b12-a8a1-89e756275a99.jpg,122,61,0.199616476893425,False,true,122,model.layer4[-1],,,,,,,,,,,,,results/grad_cam_extended/figures/per_model/resnet50_scratch/sample_14_true_class_122.png,failed,ValueError: The Grad-CAM heatmap is empty.
resnet50_scratch,sample_15,confusable_error,test/203/2736545_ad8bd1c4-de0d-4a3f-96f9-79616b12335d.jpg,203,202,0.3418475091457367,False,predicted,202,model.layer4[-1],0.0,0.9999998807907104,0.24131228029727936,0.2,local_mean_blur_21_shifted_cam_control,0.3418475091457367,0.3758406639099121,0.3883531391620636,-0.033993154764175415,-0.046505630016326904,-0.09943952743468266,-0.13604203269622359,results/grad_cam_extended/figures/per_model/resnet50_scratch/sample_15_predicted_class_202.png,completed,
resnet50_scratch,sample_15,confusable_error,test/203/2736545_ad8bd1c4-de0d-4a3f-96f9-79616b12335d.jpg,203,202,0.3418475091457367,False,true,203,model.layer4[-1],0.0,0.9999998807907104,0.21541622281074524,0.2,local_mean_blur_21_shifted_cam_control,0.00042585458140820265,0.0004277373373042792,0.0001410929107805714,-1.88275589607656e-06,0.00028476167062763125,-0.004421123966427041,0.6686828862706848,results/grad_cam_extended/figures/per_model/resnet50_scratch/sample_15_true_class_203.png,completed,
resnet50_scratch,sample_16,confusable_error,test/335/2761282_7d64f2f7-cc02-408a-8cda-a7595ca8d4cc.jpg,335,334,0.25331589579582214,False,predicted,334,model.layer4[-1],0.0,0.9999998807907104,0.10933660715818405,0.2,local_mean_blur_21_shifted_cam_control,0.25331589579582214,0.17204806208610535,0.3908965587615967,0.0812678337097168,-0.13758066296577454,0.32081616297470866,-0.543118948511101,results/grad_cam_extended/figures/per_model/resnet50_scratch/sample_16_predicted_class_334.png,completed,
resnet50_scratch,sample_16,confusable_error,test/335/2761282_7d64f2f7-cc02-408a-8cda-a7595ca8d4cc.jpg,335,334,0.25331589579582214,False,true,335,model.layer4[-1],0.0,0.9999998807907104,0.03897862136363983,0.2,local_mean_blur_21_shifted_cam_control,0.005063110031187534,0.003616022178903222,0.002460045740008354,0.0014470878522843122,0.00260306429117918,0.2858100739210882,0.5141235871124532,results/grad_cam_extended/figures/per_model/resnet50_scratch/sample_16_true_class_335.png,completed,
resnet50_scratch,sample_17,confusable_error,test/139/2758817_8e34db25-e482-4763-832c-2bb1e00ba746.jpg,139,140,0.508091151714325,False,predicted,140,model.layer4[-1],0.0,0.9999998807907104,0.08566111326217651,0.2,local_mean_blur_21_shifted_cam_control,0.508091151714325,0.3221437931060791,0.019073525443673134,0.18594735860824585,0.4890176262706518,0.3659724401435651,0.9624604258914604,results/grad_cam_extended/figures/per_model/resnet50_scratch/sample_17_predicted_class_140.png,completed,
resnet50_scratch,sample_17,confusable_error,test/139/2758817_8e34db25-e482-4763-832c-2bb1e00ba746.jpg,139,140,0.508091151714325,False,true,139,model.layer4[-1],,,,,,,,,,,,,results/grad_cam_extended/figures/per_model/resnet50_scratch/sample_17_true_class_139.png,failed,ValueError: The Grad-CAM heatmap is empty.
resnet50_scratch,sample_18,confusable_error,test/335/2761654_59379efb-ca49-478d-975c-fff93f3f0fcf.jpg,335,334,0.8587354421615601,False,predicted,334,model.layer4[-1],0.0,0.9999998807907104,0.13064922392368317,0.2,local_mean_blur_21_shifted_cam_control,0.8587354421615601,0.008494134061038494,0.8855676054954529,0.8502413081005216,-0.026832163333892822,0.9901085553897048,-0.03124613474244457,results/grad_cam_extended/figures/per_model/resnet50_scratch/sample_18_predicted_class_334.png,completed,
resnet50_scratch,sample_18,confusable_error,test/335/2761654_59379efb-ca49-478d-975c-fff93f3f0fcf.jpg,335,334,0.8587354421615601,False,true,335,model.layer4[-1],0.0,0.9999998807907104,0.08183712512254715,0.2,local_mean_blur_21_shifted_cam_control,0.02466164529323578,0.005216090939939022,0.02822192944586277,0.019445554353296757,-0.0035602841526269913,0.7884937976392963,-0.14436523233928394,results/grad_cam_extended/figures/per_model/resnet50_scratch/sample_18_true_class_335.png,completed,
resnet50_scratch,sample_19,confusable_error,test/203/2752018_dbebe97e-7bfa-4391-a33f-b4640aadc719.jpg,203,207,0.20996487140655518,False,predicted,207,model.layer4[-1],0.0,0.9999998807907104,0.5653495788574219,0.2,local_mean_blur_21_shifted_cam_control,0.20996487140655518,0.1902737021446228,0.20241104066371918,0.019691169261932373,0.0075538307428359985,0.093783160630734,0.03597664072200682,results/grad_cam_extended/figures/per_model/resnet50_scratch/sample_19_predicted_class_207.png,completed,
resnet50_scratch,sample_19,confusable_error,test/203/2752018_dbebe97e-7bfa-4391-a33f-b4640aadc719.jpg,203,207,0.20996487140655518,False,true,203,model.layer4[-1],0.0,0.9999998807907104,0.25798743963241577,0.2,local_mean_blur_21_shifted_cam_control,0.002355321543291211,0.0023926531430333853,0.004801401402801275,-3.733159974217415e-05,-0.002446079859510064,-0.015849895250399145,-1.0385333019507952,results/grad_cam_extended/figures/per_model/resnet50_scratch/sample_19_true_class_203.png,completed,
resnet50_scratch,sample_20,confusable_error,test/139/2720439_c4e5a066-5637-4baa-9329-7a8c7e58ba15.jpg,139,271,0.09415385127067566,False,predicted,271,model.layer4[-1],0.0,0.9999998807907104,0.11210048198699951,0.2,local_mean_blur_21_shifted_cam_control,0.09415385127067566,0.1134173721075058,0.1185644194483757,-0.01926352083683014,-0.024410568177700043,-0.20459620691936356,-0.25926255642505774,results/grad_cam_extended/figures/per_model/resnet50_scratch/sample_20_predicted_class_271.png,completed,
resnet50_scratch,sample_20,confusable_error,test/139/2720439_c4e5a066-5637-4baa-9329-7a8c7e58ba15.jpg,139,271,0.09415385127067566,False,true,139,model.layer4[-1],,,,,,,,,,,,,results/grad_cam_extended/figures/per_model/resnet50_scratch/sample_20_true_class_139.png,failed,ValueError: The Grad-CAM heatmap is empty.
resnet50_scratch,sample_21,consensus_difficult,test/166/2732378_f08aebf2-10c1-4bab-94f8-4bc2c7770a31.jpg,166,170,0.24883529543876648,False,predicted,170,model.layer4[-1],0.0,0.9999998807907104,0.15566599369049072,0.2,local_mean_blur_21_shifted_cam_control,0.24883529543876648,0.24883544445037842,0.32903555035591125,-1.4901161193847656e-07,-0.08020025491714478,-5.988363173147413e-07,-0.32230256875629004,results/grad_cam_extended/figures/per_model/resnet50_scratch/sample_21_predicted_class_170.png,completed,
resnet50_scratch,sample_21,consensus_difficult,test/166/2732378_f08aebf2-10c1-4bab-94f8-4bc2c7770a31.jpg,166,170,0.24883529543876648,False,true,166,model.layer4[-1],0.0,0.9999998807907104,0.040758147835731506,0.2,local_mean_blur_21_shifted_cam_control,1.263816830032738e-05,0.00014549253683071584,3.966777148889378e-05,-0.00013285436853038846,-2.7029603188566398e-05,-10.512153768908663,-2.1387279031460773,results/grad_cam_extended/figures/per_model/resnet50_scratch/sample_21_true_class_166.png,completed,
resnet50_scratch,sample_22,consensus_difficult,test/389/2734196_899d7a03-966e-4ad9-8e56-a0f7da4a7e64.jpg,389,150,0.12461914122104645,False,predicted,150,model.layer4[-1],0.0,0.9999998807907104,0.021061182022094727,0.2,local_mean_blur_21_shifted_cam_control,0.12461914122104645,0.020237023010849953,0.2757243514060974,0.1043821182101965,-0.15110521018505096,0.8376090317060202,-1.2125361216943724,results/grad_cam_extended/figures/per_model/resnet50_scratch/sample_22_predicted_class_150.png,completed,
resnet50_scratch,sample_22,consensus_difficult,test/389/2734196_899d7a03-966e-4ad9-8e56-a0f7da4a7e64.jpg,389,150,0.12461914122104645,False,true,389,model.layer4[-1],,,,,,,,,,,,,results/grad_cam_extended/figures/per_model/resnet50_scratch/sample_22_true_class_389.png,failed,ValueError: The Grad-CAM heatmap is empty.
resnet50_scratch,sample_23,consensus_difficult,test/381/2718365_976a8e1c-35b7-4aa5-aacb-50495ded9078.jpg,381,121,0.12951186299324036,False,predicted,121,model.layer4[-1],,,,,,,,,,,,,results/grad_cam_extended/figures/per_model/resnet50_scratch/sample_23_predicted_class_121.png,failed,ValueError: The Grad-CAM heatmap is empty.
resnet50_scratch,sample_23,consensus_difficult,test/381/2718365_976a8e1c-35b7-4aa5-aacb-50495ded9078.jpg,381,121,0.12951186299324036,False,true,381,model.layer4[-1],,,,,,,,,,,,,results/grad_cam_extended/figures/per_model/resnet50_scratch/sample_23_true_class_381.png,failed,ValueError: The Grad-CAM heatmap is empty.
resnet50_scratch,sample_24,consensus_difficult,test/184/2687534_d31397b7-bac3-4524-bc11-1d7d2c0ca7ad.jpg,184,376,0.9679059982299805,False,predicted,376,model.layer4[-1],0.0,0.9999998807907104,0.03660374507308006,0.2,local_mean_blur_21_shifted_cam_control,0.9679059982299805,0.9505104422569275,0.9661136269569397,0.01739555597305298,0.0017923712730407715,0.017972360957432237,0.0018518030431865274,results/grad_cam_extended/figures/per_model/resnet50_scratch/sample_24_predicted_class_376.png,completed,
resnet50_scratch,sample_24,consensus_difficult,test/184/2687534_d31397b7-bac3-4524-bc11-1d7d2c0ca7ad.jpg,184,376,0.9679059982299805,False,true,184,model.layer4[-1],,,,,,,,,,,,,results/grad_cam_extended/figures/per_model/resnet50_scratch/sample_24_true_class_184.png,failed,ValueError: The Grad-CAM heatmap is empty.
resnet50_scratch,sample_25,consensus_difficult,test/193/2716562_fec115c3-cced-4be1-b6f6-aa8684b4976e.jpg,193,231,0.10490676760673523,False,predicted,231,model.layer4[-1],0.0,0.9999998807907104,0.06970571726560593,0.2,local_mean_blur_21_shifted_cam_control,0.10490676760673523,0.07286393642425537,0.07826734334230423,0.03204283118247986,0.026639424264431,0.3054410302927172,0.2539342777607485,results/grad_cam_extended/figures/per_model/resnet50_scratch/sample_25_predicted_class_231.png,completed,
resnet50_scratch,sample_25,consensus_difficult,test/193/2716562_fec115c3-cced-4be1-b6f6-aa8684b4976e.jpg,193,231,0.10490676760673523,False,true,193,model.layer4[-1],,,,,,,,,,,,,results/grad_cam_extended/figures/per_model/resnet50_scratch/sample_25_true_class_193.png,failed,ValueError: The Grad-CAM heatmap is empty.
resnet50_scratch,sample_26,consensus_difficult,test/039/2753388_86b35091-7dfa-4c36-9b78-8583ceac3421.jpg,39,156,0.0570002906024456,False,predicted,156,model.layer4[-1],0.0,0.9999998807907104,0.09546242654323578,0.2,local_mean_blur_21_shifted_cam_control,0.0570002906024456,0.04251953959465027,0.06418697535991669,0.014480751007795334,-0.007186684757471085,0.25404696808991417,-0.1260815459274648,results/grad_cam_extended/figures/per_model/resnet50_scratch/sample_26_predicted_class_156.png,completed,
resnet50_scratch,sample_26,consensus_difficult,test/039/2753388_86b35091-7dfa-4c36-9b78-8583ceac3421.jpg,39,156,0.0570002906024456,False,true,39,model.layer4[-1],,,,,,,,,,,,,results/grad_cam_extended/figures/per_model/resnet50_scratch/sample_26_true_class_039.png,failed,ValueError: The Grad-CAM heatmap is empty.
resnet50_scratch,sample_27,consensus_difficult,test/256/2733011_568aaf96-6d06-4f0e-843e-b94a458995bf.jpg,256,492,0.32323959469795227,False,predicted,492,model.layer4[-1],0.0,0.9999998807907104,0.03211662545800209,0.2,local_mean_blur_21_shifted_cam_control,0.32323959469795227,0.02427942492067814,0.19770005345344543,0.29896016977727413,0.12553954124450684,0.9248872188960459,0.3883792187086978,results/grad_cam_extended/figures/per_model/resnet50_scratch/sample_27_predicted_class_492.png,completed,
resnet50_scratch,sample_27,consensus_difficult,test/256/2733011_568aaf96-6d06-4f0e-843e-b94a458995bf.jpg,256,492,0.32323959469795227,False,true,256,model.layer4[-1],0.0,0.9999998807907104,0.05275914445519447,0.2,local_mean_blur_21_shifted_cam_control,0.00012085735215805471,9.527188376523554e-05,9.223226516041905e-05,2.5585468392819166e-05,2.8625086997635663e-05,0.21169972646230928,0.23685019145711858,results/grad_cam_extended/figures/per_model/resnet50_scratch/sample_27_true_class_256.png,completed,
resnet50_scratch,sample_28,consensus_difficult,test/178/2697466_171420fb-5b5f-4b5c-a93b-cfcaadfb5f0a.jpg,178,291,0.25050225853919983,False,predicted,291,model.layer4[-1],0.0,0.9999998807907104,0.051128510385751724,0.2,local_mean_blur_21_shifted_cam_control,0.25050225853919983,0.08590716868638992,0.1296105682849884,0.1645950898528099,0.12089169025421143,0.6570603028197978,0.48259720674452,results/grad_cam_extended/figures/per_model/resnet50_scratch/sample_28_predicted_class_291.png,completed,
resnet50_scratch,sample_28,consensus_difficult,test/178/2697466_171420fb-5b5f-4b5c-a93b-cfcaadfb5f0a.jpg,178,291,0.25050225853919983,False,true,178,model.layer4[-1],,,,,,,,,,,,,results/grad_cam_extended/figures/per_model/resnet50_scratch/sample_28_true_class_178.png,failed,ValueError: The Grad-CAM heatmap is empty.
resnet50_scratch,sample_29,consensus_difficult,test/020/2719934_33eebbd4-e793-4137-ab05-b9b6db58af47.jpg,20,269,0.18602465093135834,False,predicted,269,model.layer4[-1],0.0,0.9999998807907104,0.038861099630594254,0.2,local_mean_blur_21_shifted_cam_control,0.18602465093135834,0.11813359707593918,0.29369473457336426,0.06789105385541916,-0.10767008364200592,0.3649572974093118,-0.578794708674042,results/grad_cam_extended/figures/per_model/resnet50_scratch/sample_29_predicted_class_269.png,completed,
resnet50_scratch,sample_29,consensus_difficult,test/020/2719934_33eebbd4-e793-4137-ab05-b9b6db58af47.jpg,20,269,0.18602465093135834,False,true,20,model.layer4[-1],0.0,0.9999998807907104,0.020732099190354347,0.2,local_mean_blur_21_shifted_cam_control,0.00018625131633598357,1.2383224202494603e-05,1.6013376580303884e-06,0.00017386809213348897,0.00018464997867795319,0.9335133600873124,0.9914022746816903,results/grad_cam_extended/figures/per_model/resnet50_scratch/sample_29_true_class_020.png,completed,
resnet50_scratch,sample_30,consensus_difficult,test/322/2731272_d07811e7-53a9-4ebe-91d9-f3335f6f560d.jpg,322,484,0.45346328616142273,False,predicted,484,model.layer4[-1],0.0,0.9999998807907104,0.02780734933912754,0.2,local_mean_blur_21_shifted_cam_control,0.45346328616142273,0.1982795000076294,0.16337481141090393,0.25518378615379333,0.2900884747505188,0.562744094045474,0.6397176653618962,results/grad_cam_extended/figures/per_model/resnet50_scratch/sample_30_predicted_class_484.png,completed,
resnet50_scratch,sample_30,consensus_difficult,test/322/2731272_d07811e7-53a9-4ebe-91d9-f3335f6f560d.jpg,322,484,0.45346328616142273,False,true,322,model.layer4[-1],0.0,0.9999998807907104,0.04198891669511795,0.2,local_mean_blur_21_shifted_cam_control,9.788409806787968e-05,8.912460907595232e-05,0.00028464748174883425,8.759488991927356e-06,-0.00018676338368095458,0.08948837620031921,-1.9080053590670039,results/grad_cam_extended/figures/per_model/resnet50_scratch/sample_30_true_class_322.png,completed,
convnext_full_finetune,sample_01,strong_model_consensus_correct,test/348/2772725_4121b228-0a61-4daa-bc99-be897559b6a4.jpg,348,348,0.989548921585083,True,predicted,348,model.stages[-1].blocks[-1],0.0,0.9999998807907104,0.05877472460269928,0.2,local_mean_blur_21_shifted_cam_control,0.989548921585083,0.8311589360237122,0.9875816106796265,0.15838998556137085,0.001967310905456543,0.16006281458794175,0.001988088575050193,results/grad_cam_extended/figures/per_model/convnext_full_finetune/sample_01_predicted_class_348.png,completed,
convnext_full_finetune,sample_02,strong_model_consensus_correct,test/398/2737429_b24d5ce4-1e94-4bbb-aabc-b1f292b9761b.jpg,398,398,0.9773462414741516,True,predicted,398,model.stages[-1].blocks[-1],0.0,0.9999998807907104,0.08207616955041885,0.2,local_mean_blur_21_shifted_cam_control,0.9773462414741516,0.600943386554718,0.9769366383552551,0.3764028549194336,0.0004096031188964844,0.3851274389224615,0.0004190972467225857,results/grad_cam_extended/figures/per_model/convnext_full_finetune/sample_02_predicted_class_398.png,completed,
convnext_full_finetune,sample_03,strong_model_consensus_correct,test/486/2726066_7e6f2f7f-a7ad-4b72-9509-d930c57b288f.jpg,486,486,0.9797041416168213,True,predicted,486,model.stages[-1].blocks[-1],0.0,0.9999998807907104,0.12122148275375366,0.2,local_mean_blur_21_shifted_cam_control,0.9797041416168213,0.9189732074737549,0.968736469745636,0.060730934143066406,0.010967671871185303,0.06198905522930748,0.011194881602812437,results/grad_cam_extended/figures/per_model/convnext_full_finetune/sample_03_predicted_class_486.png,completed,
convnext_full_finetune,sample_04,strong_model_consensus_correct,test/240/2697679_ee0a0f8e-cb7e-4c19-b7e6-80619f0b3d20.jpg,240,240,0.971060574054718,True,predicted,240,model.stages[-1].blocks[-1],0.0,0.9999998807907104,0.057578183710575104,0.2,local_mean_blur_21_shifted_cam_control,0.971060574054718,0.012092295102775097,0.9714746475219727,0.9589682789519429,-0.00041407346725463867,0.9875473318288652,-0.0004264136330091661,results/grad_cam_extended/figures/per_model/convnext_full_finetune/sample_04_predicted_class_240.png,completed,
convnext_full_finetune,sample_05,strong_model_consensus_correct,test/111/2709151_72734e97-6c71-48a1-a2fc-d477b568e1a2.jpg,111,111,0.9824146628379822,True,predicted,111,model.stages[-1].blocks[-1],0.0,0.9999998807907104,0.14219264686107635,0.2,local_mean_blur_21_shifted_cam_control,0.9824146628379822,0.7164372801780701,0.9821261763572693,0.2659773826599121,0.0002884864807128906,0.2707384088624668,0.00029365042239853787,results/grad_cam_extended/figures/per_model/convnext_full_finetune/sample_05_predicted_class_111.png,completed,
convnext_full_finetune,sample_06,strong_model_consensus_correct,test/485/2749752_e1cfd374-2b2d-45ae-b686-2545801190b7.jpg,485,485,0.9639946222305298,True,predicted,485,model.stages[-1].blocks[-1],0.0,0.9999998807907104,0.18823520839214325,0.2,local_mean_blur_21_shifted_cam_control,0.9639946222305298,0.8677816987037659,0.9558578133583069,0.09621292352676392,0.0081368088722229,0.09980649404883873,0.008440720191359182,results/grad_cam_extended/figures/per_model/convnext_full_finetune/sample_06_predicted_class_485.png,completed,
convnext_full_finetune,sample_07,strong_model_consensus_correct,test/311/2741711_a166ab02-f109-4f0e-9883-5e2351816635.jpg,311,311,0.951439619064331,True,predicted,311,model.stages[-1].blocks[-1],0.0,0.9999998807907104,0.11918342113494873,0.2,local_mean_blur_21_shifted_cam_control,0.951439619064331,0.0787087008357048,0.9479907751083374,0.8727309182286263,0.0034488439559936523,0.9172740978422689,0.00362486897422385,results/grad_cam_extended/figures/per_model/convnext_full_finetune/sample_07_predicted_class_311.png,completed,
convnext_full_finetune,sample_08,strong_model_consensus_correct,test/192/2728793_dd08833f-e414-400b-a116-cb1a63fd5095.jpg,192,192,0.9633887410163879,True,predicted,192,model.stages[-1].blocks[-1],0.0,0.9999998807907104,0.07834966480731964,0.2,local_mean_blur_21_shifted_cam_control,0.9633887410163879,0.09011529386043549,0.9618237018585205,0.8732734471559525,0.0015650391578674316,0.9064600923554882,0.00162451468575011,results/grad_cam_extended/figures/per_model/convnext_full_finetune/sample_08_predicted_class_192.png,completed,
convnext_full_finetune,sample_09,strong_model_consensus_correct,test/028/2725993_9a16e280-5973-423c-a4c2-55cf6247f447.jpg,28,28,0.9502907395362854,True,predicted,28,model.stages[-1].blocks[-1],0.0,0.9999998807907104,0.08068270236253738,0.2,local_mean_blur_21_shifted_cam_control,0.9502907395362854,0.7691001296043396,0.9745678305625916,0.1811906099319458,-0.024277091026306152,0.19066860529479812,-0.025547014209727725,results/grad_cam_extended/figures/per_model/convnext_full_finetune/sample_09_predicted_class_028.png,completed,
convnext_full_finetune,sample_10,strong_model_consensus_correct,test/367/2692017_393de909-7a55-4ef2-af16-deea1b8f3838.jpg,367,367,0.9567468166351318,True,predicted,367,model.stages[-1].blocks[-1],0.0,0.9999998807907104,0.22585409879684448,0.2,local_mean_blur_21_shifted_cam_control,0.9567468166351318,0.6743103265762329,0.9412639141082764,0.2824364900588989,0.015482902526855469,0.2952050481361673,0.01618286286157572,results/grad_cam_extended/figures/per_model/convnext_full_finetune/sample_10_predicted_class_367.png,completed,
convnext_full_finetune,sample_11,confusable_error,test/455/2723789_7beb8135-0a4e-4822-ab0c-c9253df54396.jpg,455,456,0.5117697715759277,False,predicted,456,model.stages[-1].blocks[-1],0.0,0.9999998807907104,0.11615673452615738,0.2,local_mean_blur_21_shifted_cam_control,0.5117697715759277,0.26511991024017334,0.5764405727386475,0.2466498613357544,-0.06467080116271973,0.48195472854175925,-0.12636698131578677,results/grad_cam_extended/figures/per_model/convnext_full_finetune/sample_11_predicted_class_456.png,completed,
convnext_full_finetune,sample_11,confusable_error,test/455/2723789_7beb8135-0a4e-4822-ab0c-c9253df54396.jpg,455,456,0.5117697715759277,False,true,455,model.stages[-1].blocks[-1],0.0,0.9999998807907104,0.1602638214826584,0.2,local_mean_blur_21_shifted_cam_control,0.0877021998167038,0.02041812613606453,0.45223185420036316,0.06728407368063927,-0.36452965438365936,0.7671879818438068,-4.156448243550567,results/grad_cam_extended/figures/per_model/convnext_full_finetune/sample_11_true_class_455.png,completed,
convnext_full_finetune,sample_12,confusable_error,test/455/2785131_73404c39-fed5-4692-a964-dbdd9b8e1981.jpg,455,456,0.34258776903152466,False,predicted,456,model.stages[-1].blocks[-1],0.0,0.9999998807907104,0.15547527372837067,0.2,local_mean_blur_21_shifted_cam_control,0.34258776903152466,0.4116223454475403,0.3805980086326599,-0.06903457641601562,-0.038010239601135254,-0.20150916832545507,-0.11095036961940571,results/grad_cam_extended/figures/per_model/convnext_full_finetune/sample_12_predicted_class_456.png,completed,
convnext_full_finetune,sample_12,confusable_error,test/455/2785131_73404c39-fed5-4692-a964-dbdd9b8e1981.jpg,455,456,0.34258776903152466,False,true,455,model.stages[-1].blocks[-1],0.0,0.9999998807907104,0.15486913919448853,0.2,local_mean_blur_21_shifted_cam_control,0.2831140458583832,0.14434102177619934,0.33929869532585144,0.13877302408218384,-0.05618464946746826,0.49016651103068076,-0.19845235617724333,results/grad_cam_extended/figures/per_model/convnext_full_finetune/sample_12_true_class_455.png,completed,
convnext_full_finetune,sample_13,confusable_error,test/122/2769608_8a4061c6-c97d-4029-b140-a02b0257cedf.jpg,122,121,0.5656160116195679,False,predicted,121,model.stages[-1].blocks[-1],0.0,0.9999998807907104,0.08912225812673569,0.2,local_mean_blur_21_shifted_cam_control,0.5656160116195679,0.019050784409046173,0.5983192920684814,0.5465652272105217,-0.032703280448913574,0.966318519954029,-0.05781887318796366,results/grad_cam_extended/figures/per_model/convnext_full_finetune/sample_13_predicted_class_121.png,completed,
convnext_full_finetune,sample_13,confusable_error,test/122/2769608_8a4061c6-c97d-4029-b140-a02b0257cedf.jpg,122,121,0.5656160116195679,False,true,122,model.stages[-1].blocks[-1],0.0,0.9999998807907104,0.09713462740182877,0.2,local_mean_blur_21_shifted_cam_control,0.10271655023097992,0.008824297226965427,0.08663894236087799,0.09389225300401449,0.01607760787010193,0.9140907944520905,0.15652402493997336,results/grad_cam_extended/figures/per_model/convnext_full_finetune/sample_13_true_class_122.png,completed,
convnext_full_finetune,sample_14,confusable_error,test/122/2761891_3b5a30f6-dc3e-4b12-a8a1-89e756275a99.jpg,122,121,0.6073648929595947,False,predicted,121,model.stages[-1].blocks[-1],0.0,0.9999998807907104,0.11469227820634842,0.2,local_mean_blur_21_shifted_cam_control,0.6073648929595947,0.0139416279271245,0.7080670595169067,0.5934232650324702,-0.10070216655731201,0.977045713229836,-0.1658017572708327,results/grad_cam_extended/figures/per_model/convnext_full_finetune/sample_14_predicted_class_121.png,completed,
convnext_full_finetune,sample_14,confusable_error,test/122/2761891_3b5a30f6-dc3e-4b12-a8a1-89e756275a99.jpg,122,121,0.6073648929595947,False,true,122,model.stages[-1].blocks[-1],0.0,0.9999998807907104,0.09806086122989655,0.2,local_mean_blur_21_shifted_cam_control,0.056646764278411865,0.009448054246604443,0.06713584810495377,0.04719871003180742,-0.0104890838265419,0.8332110515585953,-0.1851665132184664,results/grad_cam_extended/figures/per_model/convnext_full_finetune/sample_14_true_class_122.png,completed,
convnext_full_finetune,sample_15,confusable_error,test/203/2736545_ad8bd1c4-de0d-4a3f-96f9-79616b12335d.jpg,203,202,0.6918678879737854,False,predicted,202,model.stages[-1].blocks[-1],0.0,0.9999998807907104,0.12335891276597977,0.2,local_mean_blur_21_shifted_cam_control,0.6918678879737854,0.023348096758127213,0.6896763443946838,0.6685197912156582,0.0021915435791015625,0.9662535331325973,0.0031675752223733777,results/grad_cam_extended/figures/per_model/convnext_full_finetune/sample_15_predicted_class_202.png,completed,
convnext_full_finetune,sample_15,confusable_error,test/203/2736545_ad8bd1c4-de0d-4a3f-96f9-79616b12335d.jpg,203,202,0.6918678879737854,False,true,203,model.stages[-1].blocks[-1],0.0,0.9999998807907104,0.10120896995067596,0.2,local_mean_blur_21_shifted_cam_control,0.07578497380018234,0.01367092877626419,0.07321982085704803,0.06211404502391815,0.002565152943134308,0.8196089793168035,0.03384777765969401,results/grad_cam_extended/figures/per_model/convnext_full_finetune/sample_15_true_class_203.png,completed,
convnext_full_finetune,sample_16,confusable_error,test/335/2761282_7d64f2f7-cc02-408a-8cda-a7595ca8d4cc.jpg,335,333,0.7361797094345093,False,predicted,333,model.stages[-1].blocks[-1],0.0,0.9999998807907104,0.1494138538837433,0.2,local_mean_blur_21_shifted_cam_control,0.7361797094345093,0.05536700412631035,0.7485982775688171,0.6808127053081989,-0.012418568134307861,0.9247914559220328,-0.016868935635087103,results/grad_cam_extended/figures/per_model/convnext_full_finetune/sample_16_predicted_class_333.png,completed,
convnext_full_finetune,sample_16,confusable_error,test/335/2761282_7d64f2f7-cc02-408a-8cda-a7595ca8d4cc.jpg,335,333,0.7361797094345093,False,true,335,model.stages[-1].blocks[-1],0.0,0.9999998807907104,0.20940767228603363,0.2,local_mean_blur_21_shifted_cam_control,0.0799427255988121,0.41072016954421997,0.31654393672943115,-0.33077744394540787,-0.23660121113061905,-4.13768033886404,-2.9596340299677597,results/grad_cam_extended/figures/per_model/convnext_full_finetune/sample_16_true_class_335.png,completed,
convnext_full_finetune,sample_17,confusable_error,test/139/2758817_8e34db25-e482-4763-832c-2bb1e00ba746.jpg,139,140,0.6537142395973206,False,predicted,140,model.stages[-1].blocks[-1],0.0,0.9999998807907104,0.09017676115036011,0.2,local_mean_blur_21_shifted_cam_control,0.6537142395973206,0.0007210795301944017,0.5910419225692749,0.6529931600671262,0.06267231702804565,0.9988969499415546,0.09587112109818961,results/grad_cam_extended/figures/per_model/convnext_full_finetune/sample_17_predicted_class_140.png,completed,
convnext_full_finetune,sample_17,confusable_error,test/139/2758817_8e34db25-e482-4763-832c-2bb1e00ba746.jpg,139,140,0.6537142395973206,False,true,139,model.stages[-1].blocks[-1],0.0,0.9999998807907104,0.07614567875862122,0.2,local_mean_blur_21_shifted_cam_control,0.13771773874759674,0.020299555733799934,0.22156879305839539,0.1174181830137968,-0.08385105431079865,0.8526002828800137,-0.6088616838566985,results/grad_cam_extended/figures/per_model/convnext_full_finetune/sample_17_true_class_139.png,completed,
convnext_full_finetune,sample_18,confusable_error,test/335/2761654_59379efb-ca49-478d-975c-fff93f3f0fcf.jpg,335,333,0.40111401677131653,False,predicted,333,model.stages[-1].blocks[-1],0.0,0.9999998807907104,0.13296596705913544,0.2,local_mean_blur_21_shifted_cam_control,0.40111401677131653,0.07842560857534409,0.4409583508968353,0.32268840819597244,-0.0398443341255188,0.8044805085431453,-0.09933418544242717,results/grad_cam_extended/figures/per_model/convnext_full_finetune/sample_18_predicted_class_333.png,completed,
convnext_full_finetune,sample_18,confusable_error,test/335/2761654_59379efb-ca49-478d-975c-fff93f3f0fcf.jpg,335,333,0.40111401677131653,False,true,335,model.stages[-1].blocks[-1],0.0,0.9999998807907104,0.16185325384140015,0.2,local_mean_blur_21_shifted_cam_control,0.2300383299589157,0.1702803522348404,0.2815215289592743,0.05975797772407532,-0.05148319900035858,0.2597740025966453,-0.2238026984874797,results/grad_cam_extended/figures/per_model/convnext_full_finetune/sample_18_true_class_335.png,completed,
convnext_full_finetune,sample_19,confusable_error,test/203/2752018_dbebe97e-7bfa-4391-a33f-b4640aadc719.jpg,203,202,0.3565859794616699,False,predicted,202,model.stages[-1].blocks[-1],0.0,0.9999998807907104,0.07645011693239212,0.2,local_mean_blur_21_shifted_cam_control,0.3565859794616699,0.017531579360365868,0.28157714009284973,0.33905440010130405,0.07500883936882019,0.9508349167658445,0.21035274432847698,results/grad_cam_extended/figures/per_model/convnext_full_finetune/sample_19_predicted_class_202.png,completed,
convnext_full_finetune,sample_19,confusable_error,test/203/2752018_dbebe97e-7bfa-4391-a33f-b4640aadc719.jpg,203,202,0.3565859794616699,False,true,203,model.stages[-1].blocks[-1],0.0,0.9999998807907104,0.07252757251262665,0.2,local_mean_blur_21_shifted_cam_control,0.04831252619624138,0.013693109154701233,0.05219687521457672,0.034619417041540146,-0.0038843490183353424,0.7165722798455831,-0.08040045355023347,results/grad_cam_extended/figures/per_model/convnext_full_finetune/sample_19_true_class_203.png,completed,
convnext_full_finetune,sample_20,confusable_error,test/139/2720439_c4e5a066-5637-4baa-9329-7a8c7e58ba15.jpg,139,139,0.3275405764579773,True,predicted,139,model.stages[-1].blocks[-1],0.0,0.9999998807907104,0.09615308046340942,0.2,local_mean_blur_21_shifted_cam_control,0.3275405764579773,0.03383028879761696,0.21970921754837036,0.29371028766036034,0.10783135890960693,0.8967142051117526,0.3292152687636289,results/grad_cam_extended/figures/per_model/convnext_full_finetune/sample_20_predicted_class_139.png,completed,
convnext_full_finetune,sample_21,consensus_difficult,test/166/2732378_f08aebf2-10c1-4bab-94f8-4bc2c7770a31.jpg,166,222,0.012654302641749382,False,predicted,222,model.stages[-1].blocks[-1],0.0,0.9999998807907104,0.03541494533419609,0.2,local_mean_blur_21_shifted_cam_control,0.012654302641749382,0.006800051312893629,0.015052721835672855,0.005854251328855753,-0.0023984191939234734,0.4626293123053075,-0.18953388913036984,results/grad_cam_extended/figures/per_model/convnext_full_finetune/sample_21_predicted_class_222.png,completed,
convnext_full_finetune,sample_21,consensus_difficult,test/166/2732378_f08aebf2-10c1-4bab-94f8-4bc2c7770a31.jpg,166,222,0.012654302641749382,False,true,166,model.stages[-1].blocks[-1],0.0,0.9999998807907104,0.14291992783546448,0.2,local_mean_blur_21_shifted_cam_control,0.002165052341297269,0.0023149808403104544,0.002318717772141099,-0.0001499284990131855,-0.0001536654308438301,-0.0692493646242984,-0.07097538840643268,results/grad_cam_extended/figures/per_model/convnext_full_finetune/sample_21_true_class_166.png,completed,
convnext_full_finetune,sample_22,consensus_difficult,test/389/2734196_899d7a03-966e-4ad9-8e56-a0f7da4a7e64.jpg,389,323,0.029475262388586998,False,predicted,323,model.stages[-1].blocks[-1],0.0,0.9999998807907104,0.09247687458992004,0.2,local_mean_blur_21_shifted_cam_control,0.029475262388586998,0.009220818057656288,0.025614671409130096,0.02025444433093071,0.0038605909794569016,0.6871675666159075,0.13097732357937367,results/grad_cam_extended/figures/per_model/convnext_full_finetune/sample_22_predicted_class_323.png,completed,
convnext_full_finetune,sample_22,consensus_difficult,test/389/2734196_899d7a03-966e-4ad9-8e56-a0f7da4a7e64.jpg,389,323,0.029475262388586998,False,true,389,model.stages[-1].blocks[-1],0.0,0.9999998807907104,0.05367594212293625,0.2,local_mean_blur_21_shifted_cam_control,0.006622612476348877,0.0038227178156375885,0.003197108395397663,0.0027998946607112885,0.003425504080951214,0.4227779702814353,0.5172436245038656,results/grad_cam_extended/figures/per_model/convnext_full_finetune/sample_22_true_class_389.png,completed,
convnext_full_finetune,sample_23,consensus_difficult,test/381/2718365_976a8e1c-35b7-4aa5-aacb-50495ded9078.jpg,381,478,0.052747394889593124,False,predicted,478,model.stages[-1].blocks[-1],0.0,0.9999998807907104,0.10685228556394577,0.2,local_mean_blur_21_shifted_cam_control,0.052747394889593124,0.00826574768871069,0.06504862010478973,0.044481647200882435,-0.01230122521519661,0.8432956223523089,-0.2332100995877542,results/grad_cam_extended/figures/per_model/convnext_full_finetune/sample_23_predicted_class_478.png,completed,
convnext_full_finetune,sample_23,consensus_difficult,test/381/2718365_976a8e1c-35b7-4aa5-aacb-50495ded9078.jpg,381,478,0.052747394889593124,False,true,381,model.stages[-1].blocks[-1],0.0,0.9999998807907104,0.08574049919843674,0.2,local_mean_blur_21_shifted_cam_control,0.000976982875727117,0.0009747433941811323,0.0009503767942078412,2.239481545984745e-06,2.6606081519275904e-05,0.0022922423735605565,0.027232904670385746,results/grad_cam_extended/figures/per_model/convnext_full_finetune/sample_23_true_class_381.png,completed,
convnext_full_finetune,sample_24,consensus_difficult,test/184/2687534_d31397b7-bac3-4524-bc11-1d7d2c0ca7ad.jpg,184,79,0.031322628259658813,False,predicted,79,model.stages[-1].blocks[-1],0.0,0.9999998807907104,0.13379570841789246,0.2,local_mean_blur_21_shifted_cam_control,0.031322628259658813,0.005352279171347618,0.04220205917954445,0.025970349088311195,-0.010879430919885635,0.8291241997006698,-0.3473345477172975,results/grad_cam_extended/figures/per_model/convnext_full_finetune/sample_24_predicted_class_079.png,completed,
convnext_full_finetune,sample_24,consensus_difficult,test/184/2687534_d31397b7-bac3-4524-bc11-1d7d2c0ca7ad.jpg,184,79,0.031322628259658813,False,true,184,model.stages[-1].blocks[-1],0.0,0.9999998807907104,0.08947344124317169,0.2,local_mean_blur_21_shifted_cam_control,0.015424920246005058,0.0019594216719269753,0.04171254485845566,0.013465498574078083,-0.0262876246124506,0.8729703855399543,-1.7042308286332244,results/grad_cam_extended/figures/per_model/convnext_full_finetune/sample_24_true_class_184.png,completed,
convnext_full_finetune,sample_25,consensus_difficult,test/193/2716562_fec115c3-cced-4be1-b6f6-aa8684b4976e.jpg,193,227,0.07611773163080215,False,predicted,227,model.stages[-1].blocks[-1],0.0,0.9999998807907104,0.12135124206542969,0.2,local_mean_blur_21_shifted_cam_control,0.07611773163080215,0.031430795788764954,0.07851659506559372,0.0446869358420372,-0.002398863434791565,0.5870765573885544,-0.03151517239671432,results/grad_cam_extended/figures/per_model/convnext_full_finetune/sample_25_predicted_class_227.png,completed,
convnext_full_finetune,sample_25,consensus_difficult,test/193/2716562_fec115c3-cced-4be1-b6f6-aa8684b4976e.jpg,193,227,0.07611773163080215,False,true,193,model.stages[-1].blocks[-1],0.0,0.9999998807907104,0.034802600741386414,0.2,local_mean_blur_21_shifted_cam_control,0.0008787484839558601,0.0012053789105266333,0.0009948817314580083,-0.0003266304265707731,-0.00011613324750214815,-0.3716995619729341,-0.13215755090620626,results/grad_cam_extended/figures/per_model/convnext_full_finetune/sample_25_true_class_193.png,completed,
convnext_full_finetune,sample_26,consensus_difficult,test/039/2753388_86b35091-7dfa-4c36-9b78-8583ceac3421.jpg,39,50,0.053485557436943054,False,predicted,50,model.stages[-1].blocks[-1],0.0,0.9999998807907104,0.07844886183738708,0.2,local_mean_blur_21_shifted_cam_control,0.053485557436943054,0.005300940480083227,0.0590730682015419,0.04818461695685983,-0.0055875107645988464,0.9008902452529772,-0.10446765505223084,results/grad_cam_extended/figures/per_model/convnext_full_finetune/sample_26_predicted_class_050.png,completed,
convnext_full_finetune,sample_26,consensus_difficult,test/039/2753388_86b35091-7dfa-4c36-9b78-8583ceac3421.jpg,39,50,0.053485557436943054,False,true,39,model.stages[-1].blocks[-1],0.0,0.9999998807907104,0.11562931537628174,0.2,local_mean_blur_21_shifted_cam_control,0.002129379892721772,0.00068226846633479,0.002697194926440716,0.0014471114263869822,-0.0005678150337189436,0.6795928858599699,-0.26665746007076396,results/grad_cam_extended/figures/per_model/convnext_full_finetune/sample_26_true_class_039.png,completed,
convnext_full_finetune,sample_27,consensus_difficult,test/256/2733011_568aaf96-6d06-4f0e-843e-b94a458995bf.jpg,256,259,0.026155570521950722,False,predicted,259,model.stages[-1].blocks[-1],0.0,0.9999998807907104,0.1869792342185974,0.2,local_mean_blur_21_shifted_cam_control,0.026155570521950722,0.011041072197258472,0.01708867773413658,0.01511449832469225,0.00906689278781414,0.577869188974777,0.3466524570819386,results/grad_cam_extended/figures/per_model/convnext_full_finetune/sample_27_predicted_class_259.png,completed,
convnext_full_finetune,sample_27,consensus_difficult,test/256/2733011_568aaf96-6d06-4f0e-843e-b94a458995bf.jpg,256,259,0.026155570521950722,False,true,256,model.stages[-1].blocks[-1],0.0,0.9999998807907104,0.09442136436700821,0.2,local_mean_blur_21_shifted_cam_control,0.017577845603227615,0.0021967345383018255,0.00527169369161129,0.01538111106492579,0.012306151911616325,0.8750282265593193,0.7000944364511138,results/grad_cam_extended/figures/per_model/convnext_full_finetune/sample_27_true_class_256.png,completed,
convnext_full_finetune,sample_28,consensus_difficult,test/178/2697466_171420fb-5b5f-4b5c-a93b-cfcaadfb5f0a.jpg,178,241,0.07154812663793564,False,predicted,241,model.stages[-1].blocks[-1],0.0,0.9999998807907104,0.10901486128568649,0.2,local_mean_blur_21_shifted_cam_control,0.07154812663793564,0.004011661279946566,0.06541768461465836,0.06753646535798907,0.006130442023277283,0.943930589542235,0.08568277481673227,results/grad_cam_extended/figures/per_model/convnext_full_finetune/sample_28_predicted_class_241.png,completed,
convnext_full_finetune,sample_28,consensus_difficult,test/178/2697466_171420fb-5b5f-4b5c-a93b-cfcaadfb5f0a.jpg,178,241,0.07154812663793564,False,true,178,model.stages[-1].blocks[-1],0.0,0.9999998807907104,0.11010292917490005,0.2,local_mean_blur_21_shifted_cam_control,0.0030259282793849707,0.001978446263819933,0.0037486236542463303,0.0010474820155650377,-0.0007226953748613596,0.3461688179132725,-0.23883427105160923,results/grad_cam_extended/figures/per_model/convnext_full_finetune/sample_28_true_class_178.png,completed,
convnext_full_finetune,sample_29,consensus_difficult,test/020/2719934_33eebbd4-e793-4137-ab05-b9b6db58af47.jpg,20,135,0.09600735455751419,False,predicted,135,model.stages[-1].blocks[-1],0.0,0.9999998807907104,0.0739804208278656,0.2,local_mean_blur_21_shifted_cam_control,0.09600735455751419,0.0031241662800312042,0.12401987612247467,0.09288318827748299,-0.02801252156496048,0.9674590942076251,-0.2917747467792094,results/grad_cam_extended/figures/per_model/convnext_full_finetune/sample_29_predicted_class_135.png,completed,
convnext_full_finetune,sample_29,consensus_difficult,test/020/2719934_33eebbd4-e793-4137-ab05-b9b6db58af47.jpg,20,135,0.09600735455751419,False,true,20,model.stages[-1].blocks[-1],0.0,0.9999998807907104,0.047719210386276245,0.2,local_mean_blur_21_shifted_cam_control,0.009203135035932064,0.001272512716241181,0.011849958449602127,0.007930622319690883,-0.002646823413670063,0.8617305177775972,-0.2876001931228863,results/grad_cam_extended/figures/per_model/convnext_full_finetune/sample_29_true_class_020.png,completed,
convnext_full_finetune,sample_30,consensus_difficult,test/322/2731272_d07811e7-53a9-4ebe-91d9-f3335f6f560d.jpg,322,394,0.05317475274205208,False,predicted,394,model.stages[-1].blocks[-1],0.0,0.9999998807907104,0.06265238672494888,0.2,local_mean_blur_21_shifted_cam_control,0.05317475274205208,0.002151759807020426,0.0839071273803711,0.05102299293503165,-0.030732374638319016,0.9595341831214806,-0.5779504944273111,results/grad_cam_extended/figures/per_model/convnext_full_finetune/sample_30_predicted_class_394.png,completed,
convnext_full_finetune,sample_30,consensus_difficult,test/322/2731272_d07811e7-53a9-4ebe-91d9-f3335f6f560d.jpg,322,394,0.05317475274205208,False,true,322,model.stages[-1].blocks[-1],0.0,0.9999998807907104,0.05918583646416664,0.2,local_mean_blur_21_shifted_cam_control,0.020639020949602127,0.00239446759223938,0.019686557352542877,0.018244553357362747,0.0009524635970592499,0.8839834700450973,0.046148681150382335,results/grad_cam_extended/figures/per_model/convnext_full_finetune/sample_30_true_class_322.png,completed,
resnet50_fgvc_pmg_isqrtcov,sample_01,strong_model_consensus_correct,test/348/2772725_4121b228-0a61-4daa-bc99-be897559b6a4.jpg,348,348,1.0,True,predicted,348,model.model.backbone.encoder.stages[-1].layers[-1],0.0,0.9999998807907104,0.08720868080854416,0.2,local_mean_blur_21_shifted_cam_control,1.0,0.05368674546480179,0.9999977350234985,0.9463132545351982,2.2649765014648438e-06,0.9463132545351982,2.2649765014648438e-06,results/grad_cam_extended/figures/per_model/resnet50_fgvc_pmg_isqrtcov/sample_01_predicted_class_348.png,completed,
resnet50_fgvc_pmg_isqrtcov,sample_02,strong_model_consensus_correct,test/398/2737429_b24d5ce4-1e94-4bbb-aabc-b1f292b9761b.jpg,398,398,1.0,True,predicted,398,model.model.backbone.encoder.stages[-1].layers[-1],0.0,0.9999998807907104,0.059736061841249466,0.2,local_mean_blur_21_shifted_cam_control,1.0,0.9999897480010986,1.0,1.0251998901367188e-05,0.0,1.0251998901367188e-05,0.0,results/grad_cam_extended/figures/per_model/resnet50_fgvc_pmg_isqrtcov/sample_02_predicted_class_398.png,completed,
resnet50_fgvc_pmg_isqrtcov,sample_03,strong_model_consensus_correct,test/486/2726066_7e6f2f7f-a7ad-4b72-9509-d930c57b288f.jpg,486,486,1.0,True,predicted,486,model.model.backbone.encoder.stages[-1].layers[-1],0.0,0.9999998807907104,0.16092455387115479,0.2,local_mean_blur_21_shifted_cam_control,1.0,1.0,1.0,0.0,0.0,0.0,0.0,results/grad_cam_extended/figures/per_model/resnet50_fgvc_pmg_isqrtcov/sample_03_predicted_class_486.png,completed,
resnet50_fgvc_pmg_isqrtcov,sample_04,strong_model_consensus_correct,test/240/2697679_ee0a0f8e-cb7e-4c19-b7e6-80619f0b3d20.jpg,240,240,1.0,True,predicted,240,model.model.backbone.encoder.stages[-1].layers[-1],0.0,0.9999998807907104,0.03863665461540222,0.2,local_mean_blur_21_shifted_cam_control,1.0,0.049160853028297424,1.0,0.9508391469717026,0.0,0.9508391469717026,0.0,results/grad_cam_extended/figures/per_model/resnet50_fgvc_pmg_isqrtcov/sample_04_predicted_class_240.png,completed,
resnet50_fgvc_pmg_isqrtcov,sample_05,strong_model_consensus_correct,test/111/2709151_72734e97-6c71-48a1-a2fc-d477b568e1a2.jpg,111,111,1.0,True,predicted,111,model.model.backbone.encoder.stages[-1].layers[-1],0.0,0.9999998807907104,0.054349083453416824,0.2,local_mean_blur_21_shifted_cam_control,1.0,1.0,1.0,0.0,0.0,0.0,0.0,results/grad_cam_extended/figures/per_model/resnet50_fgvc_pmg_isqrtcov/sample_05_predicted_class_111.png,completed,
resnet50_fgvc_pmg_isqrtcov,sample_06,strong_model_consensus_correct,test/485/2749752_e1cfd374-2b2d-45ae-b686-2545801190b7.jpg,485,485,1.0,True,predicted,485,model.model.backbone.encoder.stages[-1].layers[-1],0.0,0.9999998807907104,0.13838347792625427,0.2,local_mean_blur_21_shifted_cam_control,1.0,0.9999988079071045,1.0,1.1920928955078125e-06,0.0,1.1920928955078125e-06,0.0,results/grad_cam_extended/figures/per_model/resnet50_fgvc_pmg_isqrtcov/sample_06_predicted_class_485.png,completed,
resnet50_fgvc_pmg_isqrtcov,sample_07,strong_model_consensus_correct,test/311/2741711_a166ab02-f109-4f0e-9883-5e2351816635.jpg,311,311,1.0,True,predicted,311,model.model.backbone.encoder.stages[-1].layers[-1],0.0,0.9999998807907104,0.027881339192390442,0.2,local_mean_blur_21_shifted_cam_control,1.0,0.9996939897537231,1.0,0.00030601024627685547,0.0,0.00030601024627685547,0.0,results/grad_cam_extended/figures/per_model/resnet50_fgvc_pmg_isqrtcov/sample_07_predicted_class_311.png,completed,
resnet50_fgvc_pmg_isqrtcov,sample_08,strong_model_consensus_correct,test/192/2728793_dd08833f-e414-400b-a116-cb1a63fd5095.jpg,192,192,1.0,True,predicted,192,model.model.backbone.encoder.stages[-1].layers[-1],0.0,0.9999998807907104,0.04605044797062874,0.2,local_mean_blur_21_shifted_cam_control,1.0,9.913415510709456e-08,1.0,0.9999999008658449,0.0,0.9999999008658449,0.0,results/grad_cam_extended/figures/per_model/resnet50_fgvc_pmg_isqrtcov/sample_08_predicted_class_192.png,completed,
resnet50_fgvc_pmg_isqrtcov,sample_09,strong_model_consensus_correct,test/028/2725993_9a16e280-5973-423c-a4c2-55cf6247f447.jpg,28,28,1.0,True,predicted,28,model.model.backbone.encoder.stages[-1].layers[-1],0.0,0.9999998807907104,0.07584405690431595,0.2,local_mean_blur_21_shifted_cam_control,1.0,0.776262640953064,1.0,0.22373735904693604,0.0,0.22373735904693604,0.0,results/grad_cam_extended/figures/per_model/resnet50_fgvc_pmg_isqrtcov/sample_09_predicted_class_028.png,completed,
resnet50_fgvc_pmg_isqrtcov,sample_10,strong_model_consensus_correct,test/367/2692017_393de909-7a55-4ef2-af16-deea1b8f3838.jpg,367,367,1.0,True,predicted,367,model.model.backbone.encoder.stages[-1].layers[-1],0.0,0.9999998807907104,0.08466478437185287,0.2,local_mean_blur_21_shifted_cam_control,1.0,0.807659387588501,1.0,0.19234061241149902,0.0,0.19234061241149902,0.0,results/grad_cam_extended/figures/per_model/resnet50_fgvc_pmg_isqrtcov/sample_10_predicted_class_367.png,completed,
resnet50_fgvc_pmg_isqrtcov,sample_11,confusable_error,test/455/2723789_7beb8135-0a4e-4822-ab0c-c9253df54396.jpg,455,456,0.9999992847442627,False,predicted,456,model.model.backbone.encoder.stages[-1].layers[-1],0.0,0.9999998807907104,0.18005074560642242,0.2,local_mean_blur_21_shifted_cam_control,0.9999992847442627,0.9999997615814209,1.0,-4.76837158203125e-07,-7.152557373046875e-07,-4.768374992638821e-07,-7.152562488958232e-07,results/grad_cam_extended/figures/per_model/resnet50_fgvc_pmg_isqrtcov/sample_11_predicted_class_456.png,completed,
resnet50_fgvc_pmg_isqrtcov,sample_11,confusable_error,test/455/2723789_7beb8135-0a4e-4822-ab0c-c9253df54396.jpg,455,456,0.9999992847442627,False,true,455,model.model.backbone.encoder.stages[-1].layers[-1],0.0,0.9999998807907104,0.144727423787117,0.2,local_mean_blur_21_shifted_cam_control,7.629017204635602e-07,9.605978448234964e-07,3.108972634890961e-08,-1.9769612435993622e-07,7.318119941146506e-07,-0.25913708025171395,0.9592480584130566,results/grad_cam_extended/figures/per_model/resnet50_fgvc_pmg_isqrtcov/sample_11_true_class_455.png,completed,
resnet50_fgvc_pmg_isqrtcov,sample_12,confusable_error,test/455/2785131_73404c39-fed5-4692-a964-dbdd9b8e1981.jpg,455,456,0.9999998807907104,False,predicted,456,model.model.backbone.encoder.stages[-1].layers[-1],0.0,0.9999998807907104,0.1397133320569992,0.2,local_mean_blur_21_shifted_cam_control,0.9999998807907104,1.0,1.0,-1.1920928955078125e-07,-1.1920928955078125e-07,-1.1920930376163766e-07,-1.1920930376163766e-07,results/grad_cam_extended/figures/per_model/resnet50_fgvc_pmg_isqrtcov/sample_12_predicted_class_456.png,completed,
resnet50_fgvc_pmg_isqrtcov,sample_12,confusable_error,test/455/2785131_73404c39-fed5-4692-a964-dbdd9b8e1981.jpg,455,456,0.9999998807907104,False,true,455,model.model.backbone.encoder.stages[-1].layers[-1],0.0,0.9999998807907104,0.19656126201152802,0.2,local_mean_blur_21_shifted_cam_control,8.534127715620343e-08,7.887627440084088e-09,1.2330320764419866e-08,7.745364971611934e-08,7.301095639178357e-08,0.9075754698907651,0.8555175036594401,results/grad_cam_extended/figures/per_model/resnet50_fgvc_pmg_isqrtcov/sample_12_true_class_455.png,completed,
resnet50_fgvc_pmg_isqrtcov,sample_13,confusable_error,test/122/2769608_8a4061c6-c97d-4029-b140-a02b0257cedf.jpg,122,121,0.964853048324585,False,predicted,121,model.model.backbone.encoder.stages[-1].layers[-1],0.0,0.9999998807907104,0.061538007110357285,0.2,local_mean_blur_21_shifted_cam_control,0.964853048324585,0.0021542806643992662,0.9858675599098206,0.9626987676601857,-0.021014511585235596,0.9977672447963551,-0.021780012636873725,results/grad_cam_extended/figures/per_model/resnet50_fgvc_pmg_isqrtcov/sample_13_predicted_class_121.png,completed,
resnet50_fgvc_pmg_isqrtcov,sample_13,confusable_error,test/122/2769608_8a4061c6-c97d-4029-b140-a02b0257cedf.jpg,122,121,0.964853048324585,False,true,122,model.model.backbone.encoder.stages[-1].layers[-1],0.0,0.9999998807907104,0.07013922929763794,0.2,local_mean_blur_21_shifted_cam_control,0.03514691814780235,7.4710875708206e-08,0.0059584868140518665,0.035146843436926645,0.029188431333750486,0.9999978743264091,0.8304691526865938,results/grad_cam_extended/figures/per_model/resnet50_fgvc_pmg_isqrtcov/sample_13_true_class_122.png,completed,
resnet50_fgvc_pmg_isqrtcov,sample_14,confusable_error,test/122/2761891_3b5a30f6-dc3e-4b12-a8a1-89e756275a99.jpg,122,121,0.7705187201499939,False,predicted,121,model.model.backbone.encoder.stages[-1].layers[-1],0.0,0.9999998807907104,0.05299725756049156,0.2,local_mean_blur_21_shifted_cam_control,0.7705187201499939,2.3186687769793934e-07,0.8830599784851074,0.7705184882831162,-0.11254125833511353,0.9999996990769054,-0.14605908382499203,results/grad_cam_extended/figures/per_model/resnet50_fgvc_pmg_isqrtcov/sample_14_predicted_class_121.png,completed,
resnet50_fgvc_pmg_isqrtcov,sample_14,confusable_error,test/122/2761891_3b5a30f6-dc3e-4b12-a8a1-89e756275a99.jpg,122,121,0.7705187201499939,False,true,122,model.model.backbone.encoder.stages[-1].layers[-1],0.0,0.9999998807907104,0.04938344657421112,0.2,local_mean_blur_21_shifted_cam_control,0.22948123514652252,1.1573387155294768e-06,0.17090275883674622,0.229480077807807,0.058578476309776306,0.9999949567174206,0.2552647769756611,results/grad_cam_extended/figures/per_model/resnet50_fgvc_pmg_isqrtcov/sample_14_true_class_122.png,completed,
resnet50_fgvc_pmg_isqrtcov,sample_15,confusable_error,test/203/2736545_ad8bd1c4-de0d-4a3f-96f9-79616b12335d.jpg,203,202,0.9900644421577454,False,predicted,202,model.model.backbone.encoder.stages[-1].layers[-1],0.0,0.9999998807907104,0.0385398268699646,0.2,local_mean_blur_21_shifted_cam_control,0.9900644421577454,0.11009436845779419,0.6156575679779053,0.8799700736999512,0.3744068741798401,0.8888008055133718,0.3781641459255502,results/grad_cam_extended/figures/per_model/resnet50_fgvc_pmg_isqrtcov/sample_15_predicted_class_202.png,completed,
resnet50_fgvc_pmg_isqrtcov,sample_15,confusable_error,test/203/2736545_ad8bd1c4-de0d-4a3f-96f9-79616b12335d.jpg,203,202,0.9900644421577454,False,true,203,model.model.backbone.encoder.stages[-1].layers[-1],0.0,0.9999998807907104,0.02997610531747341,0.2,local_mean_blur_21_shifted_cam_control,0.00993555597960949,0.002359651727601886,0.0003116463194601238,0.007575904252007604,0.009623909660149366,0.762504309527867,0.9686332279643225,results/grad_cam_extended/figures/per_model/resnet50_fgvc_pmg_isqrtcov/sample_15_true_class_203.png,completed,
resnet50_fgvc_pmg_isqrtcov,sample_16,confusable_error,test/335/2761282_7d64f2f7-cc02-408a-8cda-a7595ca8d4cc.jpg,335,333,0.9992479681968689,False,predicted,333,model.model.backbone.encoder.stages[-1].layers[-1],0.0,0.9999998807907104,0.1949883997440338,0.2,local_mean_blur_21_shifted_cam_control,0.9992479681968689,0.7965366840362549,0.999988317489624,0.202711284160614,-0.000740349292755127,0.20286384422317527,-0.0007409064779897211,results/grad_cam_extended/figures/per_model/resnet50_fgvc_pmg_isqrtcov/sample_16_predicted_class_333.png,completed,
resnet50_fgvc_pmg_isqrtcov,sample_16,confusable_error,test/335/2761282_7d64f2f7-cc02-408a-8cda-a7595ca8d4cc.jpg,335,333,0.9992479681968689,False,true,335,model.model.backbone.encoder.stages[-1].layers[-1],0.0,0.9999998807907104,0.15055932104587555,0.2,local_mean_blur_21_shifted_cam_control,0.0007519466453231871,2.3274171478959715e-10,4.8731588321970776e-05,0.0007519464125814723,0.0007032150570012163,0.9999996904810784,0.9351927578571404,results/grad_cam_extended/figures/per_model/resnet50_fgvc_pmg_isqrtcov/sample_16_true_class_335.png,completed,
resnet50_fgvc_pmg_isqrtcov,sample_17,confusable_error,test/139/2758817_8e34db25-e482-4763-832c-2bb1e00ba746.jpg,139,140,0.9999994039535522,False,predicted,140,model.model.backbone.encoder.stages[-1].layers[-1],0.0,0.9999998807907104,0.07044429332017899,0.2,local_mean_blur_21_shifted_cam_control,0.9999994039535522,5.245356442173943e-05,0.9999990463256836,0.9999469503891305,3.5762786865234375e-07,0.9999475464043135,3.5762808181529153e-07,results/grad_cam_extended/figures/per_model/resnet50_fgvc_pmg_isqrtcov/sample_17_predicted_class_140.png,completed,
resnet50_fgvc_pmg_isqrtcov,sample_17,confusable_error,test/139/2758817_8e34db25-e482-4763-832c-2bb1e00ba746.jpg,139,140,0.9999994039535522,False,true,139,model.model.backbone.encoder.stages[-1].layers[-1],0.0,0.9999998807907104,0.08389756828546524,0.2,local_mean_blur_21_shifted_cam_control,6.267229650802619e-07,4.341379735706141e-06,7.51543893784401e-09,-3.7146567706258793e-06,6.192075261424179e-07,-5.9271113037164005,0.9880083555947539,results/grad_cam_extended/figures/per_model/resnet50_fgvc_pmg_isqrtcov/sample_17_true_class_139.png,completed,
resnet50_fgvc_pmg_isqrtcov,sample_18,confusable_error,test/335/2761654_59379efb-ca49-478d-975c-fff93f3f0fcf.jpg,335,333,1.0,False,predicted,333,model.model.backbone.encoder.stages[-1].layers[-1],0.0,0.9999998807907104,0.09898167848587036,0.2,local_mean_blur_21_shifted_cam_control,1.0,3.175536569810511e-11,0.9999998807907104,0.9999999999682446,1.1920928955078125e-07,0.9999999999682446,1.1920928955078125e-07,results/grad_cam_extended/figures/per_model/resnet50_fgvc_pmg_isqrtcov/sample_18_predicted_class_333.png,completed,
resnet50_fgvc_pmg_isqrtcov,sample_18,confusable_error,test/335/2761654_59379efb-ca49-478d-975c-fff93f3f0fcf.jpg,335,333,1.0,False,true,335,model.model.backbone.encoder.stages[-1].layers[-1],0.0,0.9999998807907104,0.10056044906377792,0.2,local_mean_blur_21_shifted_cam_control,6.391982942943741e-09,3.339838713145582e-06,7.5892785389442e-08,-3.3334467302026383e-06,-6.950080244649826e-08,-521.5043218916139,-10.873120761879036,results/grad_cam_extended/figures/per_model/resnet50_fgvc_pmg_isqrtcov/sample_18_true_class_335.png,completed,
resnet50_fgvc_pmg_isqrtcov,sample_19,confusable_error,test/203/2752018_dbebe97e-7bfa-4391-a33f-b4640aadc719.jpg,203,202,0.9999997615814209,False,predicted,202,model.model.backbone.encoder.stages[-1].layers[-1],0.0,0.9999998807907104,0.05733278766274452,0.2,local_mean_blur_21_shifted_cam_control,0.9999997615814209,0.005906487349420786,0.994834303855896,0.9940932742320001,0.005165457725524902,0.9940935112423626,0.005165458957066288,results/grad_cam_extended/figures/per_model/resnet50_fgvc_pmg_isqrtcov/sample_19_predicted_class_202.png,completed,
resnet50_fgvc_pmg_isqrtcov,sample_19,confusable_error,test/203/2752018_dbebe97e-7bfa-4391-a33f-b4640aadc719.jpg,203,202,0.9999997615814209,False,true,203,model.model.backbone.encoder.stages[-1].layers[-1],0.0,0.9999998807907104,0.014509668573737144,0.2,local_mean_blur_21_shifted_cam_control,1.9080357560596894e-07,1.358212831092942e-08,1.354022458599502e-07,1.7722144729503952e-07,5.5401329746018746e-08,0.9288161751277761,0.2903579221200172,results/grad_cam_extended/figures/per_model/resnet50_fgvc_pmg_isqrtcov/sample_19_true_class_203.png,completed,
resnet50_fgvc_pmg_isqrtcov,sample_20,confusable_error,test/139/2720439_c4e5a066-5637-4baa-9329-7a8c7e58ba15.jpg,139,140,0.9992057681083679,False,predicted,140,model.model.backbone.encoder.stages[-1].layers[-1],0.0,0.9999998807907104,0.04399557039141655,0.2,local_mean_blur_21_shifted_cam_control,0.9992057681083679,2.445279278617818e-06,0.9996999502182007,0.9992033228290893,-0.0004941821098327637,0.9999975527770589,-0.0004945749170046501,results/grad_cam_extended/figures/per_model/resnet50_fgvc_pmg_isqrtcov/sample_20_predicted_class_140.png,completed,
resnet50_fgvc_pmg_isqrtcov,sample_20,confusable_error,test/139/2720439_c4e5a066-5637-4baa-9329-7a8c7e58ba15.jpg,139,140,0.9992057681083679,False,true,139,model.model.backbone.encoder.stages[-1].layers[-1],0.0,0.9999998807907104,0.06270415335893631,0.2,local_mean_blur_21_shifted_cam_control,9.38597004278563e-05,5.013670261178049e-07,6.22569932602346e-05,9.335833340173849e-05,3.16027071676217e-05,0.9946583355387633,0.33670155587074985,results/grad_cam_extended/figures/per_model/resnet50_fgvc_pmg_isqrtcov/sample_20_true_class_139.png,completed,
resnet50_fgvc_pmg_isqrtcov,sample_21,consensus_difficult,test/166/2732378_f08aebf2-10c1-4bab-94f8-4bc2c7770a31.jpg,166,69,0.8678320050239563,False,predicted,69,model.model.backbone.encoder.stages[-1].layers[-1],0.0,0.9999998807907104,0.1086999922990799,0.2,local_mean_blur_21_shifted_cam_control,0.8678320050239563,7.482450214979508e-10,0.823684573173523,0.8678320042757113,0.04414743185043335,0.9999999991377997,0.05087094229627388,results/grad_cam_extended/figures/per_model/resnet50_fgvc_pmg_isqrtcov/sample_21_predicted_class_069.png,completed,
resnet50_fgvc_pmg_isqrtcov,sample_21,consensus_difficult,test/166/2732378_f08aebf2-10c1-4bab-94f8-4bc2c7770a31.jpg,166,69,0.8678320050239563,False,true,166,model.model.backbone.encoder.stages[-1].layers[-1],0.0,0.9999998807907104,0.2136595994234085,0.2,local_mean_blur_21_shifted_cam_control,2.355860125036191e-11,1.144779618322822e-10,1.3681090704764642e-09,-9.09193605819203e-11,-1.3445504692261023e-09,-3.85928517638642,-57.072593357190385,results/grad_cam_extended/figures/per_model/resnet50_fgvc_pmg_isqrtcov/sample_21_true_class_166.png,completed,
resnet50_fgvc_pmg_isqrtcov,sample_22,consensus_difficult,test/389/2734196_899d7a03-966e-4ad9-8e56-a0f7da4a7e64.jpg,389,156,0.4072067141532898,False,predicted,156,model.model.backbone.encoder.stages[-1].layers[-1],0.0,0.9999998807907104,0.04903699830174446,0.2,local_mean_blur_21_shifted_cam_control,0.4072067141532898,6.731050234520808e-06,0.0863424688577652,0.4071999831030553,0.3208642452955246,0.9999834701884803,0.7879640343423654,results/grad_cam_extended/figures/per_model/resnet50_fgvc_pmg_isqrtcov/sample_22_predicted_class_156.png,completed,
resnet50_fgvc_pmg_isqrtcov,sample_22,consensus_difficult,test/389/2734196_899d7a03-966e-4ad9-8e56-a0f7da4a7e64.jpg,389,156,0.4072067141532898,False,true,389,model.model.backbone.encoder.stages[-1].layers[-1],0.0,0.9999998807907104,0.06043798103928566,0.2,local_mean_blur_21_shifted_cam_control,0.001028599333949387,8.23294897145388e-07,0.8517707586288452,0.0010277760390522417,-0.8507421592948958,0.9991995961206933,-827.0879935615019,results/grad_cam_extended/figures/per_model/resnet50_fgvc_pmg_isqrtcov/sample_22_true_class_389.png,completed,
resnet50_fgvc_pmg_isqrtcov,sample_23,consensus_difficult,test/381/2718365_976a8e1c-35b7-4aa5-aacb-50495ded9078.jpg,381,287,0.3457985520362854,False,predicted,287,model.model.backbone.encoder.stages[-1].layers[-1],0.0,0.9999998807907104,0.07532291859388351,0.2,local_mean_blur_21_shifted_cam_control,0.3457985520362854,0.0003931237442884594,0.04944800212979317,0.34540542829199694,0.29635054990649223,0.998863142306486,0.8570034436563966,results/grad_cam_extended/figures/per_model/resnet50_fgvc_pmg_isqrtcov/sample_23_predicted_class_287.png,completed,
resnet50_fgvc_pmg_isqrtcov,sample_23,consensus_difficult,test/381/2718365_976a8e1c-35b7-4aa5-aacb-50495ded9078.jpg,381,287,0.3457985520362854,False,true,381,model.model.backbone.encoder.stages[-1].layers[-1],0.0,0.9999998807907104,0.06814339011907578,0.2,local_mean_blur_21_shifted_cam_control,5.97509194899537e-12,2.1108723425341917e-14,1.0414288355298229e-11,5.953983225570028e-12,-4.439196406302859e-12,0.9964672136252412,-0.7429503084131197,results/grad_cam_extended/figures/per_model/resnet50_fgvc_pmg_isqrtcov/sample_23_true_class_381.png,completed,
resnet50_fgvc_pmg_isqrtcov,sample_24,consensus_difficult,test/184/2687534_d31397b7-bac3-4524-bc11-1d7d2c0ca7ad.jpg,184,405,0.4507766366004944,False,predicted,405,model.model.backbone.encoder.stages[-1].layers[-1],0.0,0.9999998807907104,0.17480188608169556,0.2,local_mean_blur_21_shifted_cam_control,0.4507766366004944,5.510480605153134e-06,0.25769931077957153,0.45077112611988923,0.19307732582092285,0.9999877755851618,0.42832150148021025,results/grad_cam_extended/figures/per_model/resnet50_fgvc_pmg_isqrtcov/sample_24_predicted_class_405.png,completed,
resnet50_fgvc_pmg_isqrtcov,sample_24,consensus_difficult,test/184/2687534_d31397b7-bac3-4524-bc11-1d7d2c0ca7ad.jpg,184,405,0.4507766366004944,False,true,184,model.model.backbone.encoder.stages[-1].layers[-1],0.0,0.9999998807907104,0.1489175707101822,0.2,local_mean_blur_21_shifted_cam_control,9.966480973844227e-08,3.455100028304514e-08,1.1299479130144618e-09,6.511380945539713e-08,9.853486182542781e-08,0.6533279863402149,0.988662518736755,results/grad_cam_extended/figures/per_model/resnet50_fgvc_pmg_isqrtcov/sample_24_true_class_184.png,completed,
resnet50_fgvc_pmg_isqrtcov,sample_25,consensus_difficult,test/193/2716562_fec115c3-cced-4be1-b6f6-aa8684b4976e.jpg,193,248,0.4099564254283905,False,predicted,248,model.model.backbone.encoder.stages[-1].layers[-1],0.0,0.9999998807907104,0.0636041909456253,0.2,local_mean_blur_21_shifted_cam_control,0.4099564254283905,1.947534400414952e-08,0.5847190618515015,0.4099564059530465,-0.17476263642311096,0.9999999524941121,-0.42629563920236146,results/grad_cam_extended/figures/per_model/resnet50_fgvc_pmg_isqrtcov/sample_25_predicted_class_248.png,completed,
resnet50_fgvc_pmg_isqrtcov,sample_25,consensus_difficult,test/193/2716562_fec115c3-cced-4be1-b6f6-aa8684b4976e.jpg,193,248,0.4099564254283905,False,true,193,model.model.backbone.encoder.stages[-1].layers[-1],0.0,0.9999998807907104,0.02635861374437809,0.2,local_mean_blur_21_shifted_cam_control,1.5840746492301605e-09,2.6335840175306657e-07,1.677711303216256e-08,-2.617743271038364e-07,-1.51930383829324e-08,-165.25378221983118,-9.591112634948118,results/grad_cam_extended/figures/per_model/resnet50_fgvc_pmg_isqrtcov/sample_25_true_class_193.png,completed,
resnet50_fgvc_pmg_isqrtcov,sample_26,consensus_difficult,test/039/2753388_86b35091-7dfa-4c36-9b78-8583ceac3421.jpg,39,5,0.5687044858932495,False,predicted,5,model.model.backbone.encoder.stages[-1].layers[-1],0.0,0.9999998807907104,0.03084949590265751,0.2,local_mean_blur_21_shifted_cam_control,0.5687044858932495,5.163958236714672e-12,0.7773054838180542,0.5687044858880855,-0.2086009979248047,0.9999999999909197,-0.36680033848715027,results/grad_cam_extended/figures/per_model/resnet50_fgvc_pmg_isqrtcov/sample_26_predicted_class_005.png,completed,
resnet50_fgvc_pmg_isqrtcov,sample_26,consensus_difficult,test/039/2753388_86b35091-7dfa-4c36-9b78-8583ceac3421.jpg,39,5,0.5687044858932495,False,true,39,model.model.backbone.encoder.stages[-1].layers[-1],0.0,0.9999998807907104,0.04344358667731285,0.2,local_mean_blur_21_shifted_cam_control,3.1788513297215104e-05,9.878420748066219e-09,5.916672662920064e-08,3.177863487646704e-05,3.1729346570585903e-05,0.9996892455883134,0.998138738792972,results/grad_cam_extended/figures/per_model/resnet50_fgvc_pmg_isqrtcov/sample_26_true_class_039.png,completed,
resnet50_fgvc_pmg_isqrtcov,sample_27,consensus_difficult,test/256/2733011_568aaf96-6d06-4f0e-843e-b94a458995bf.jpg,256,490,0.5120522379875183,False,predicted,490,model.model.backbone.encoder.stages[-1].layers[-1],0.0,0.9999998807907104,0.13115160167217255,0.2,local_mean_blur_21_shifted_cam_control,0.5120522379875183,0.08493877202272415,0.0695636048913002,0.42711346596479416,0.4424886330962181,0.8341208850945504,0.8641474448687091,results/grad_cam_extended/figures/per_model/resnet50_fgvc_pmg_isqrtcov/sample_27_predicted_class_490.png,completed,
resnet50_fgvc_pmg_isqrtcov,sample_27,consensus_difficult,test/256/2733011_568aaf96-6d06-4f0e-843e-b94a458995bf.jpg,256,490,0.5120522379875183,False,true,256,model.model.backbone.encoder.stages[-1].layers[-1],0.0,0.9999998807907104,0.1430390328168869,0.2,local_mean_blur_21_shifted_cam_control,0.0007010350236669183,2.0011819401588582e-07,0.003924555145204067,0.0007008349054729024,-0.003223520121537149,0.9997145389498957,-4.598229778415087,results/grad_cam_extended/figures/per_model/resnet50_fgvc_pmg_isqrtcov/sample_27_true_class_256.png,completed,
resnet50_fgvc_pmg_isqrtcov,sample_28,consensus_difficult,test/178/2697466_171420fb-5b5f-4b5c-a93b-cfcaadfb5f0a.jpg,178,171,0.528058648109436,False,predicted,171,model.model.backbone.encoder.stages[-1].layers[-1],0.0,0.9999998807907104,0.045380253344774246,0.2,local_mean_blur_21_shifted_cam_control,0.528058648109436,5.7248075790994335e-06,0.001336585497483611,0.5280529233018569,0.5267220626119524,0.9999891587656038,0.9974688692207412,results/grad_cam_extended/figures/per_model/resnet50_fgvc_pmg_isqrtcov/sample_28_predicted_class_171.png,completed,
resnet50_fgvc_pmg_isqrtcov,sample_28,consensus_difficult,test/178/2697466_171420fb-5b5f-4b5c-a93b-cfcaadfb5f0a.jpg,178,171,0.528058648109436,False,true,178,model.model.backbone.encoder.stages[-1].layers[-1],0.0,0.9999998807907104,0.05554155260324478,0.2,local_mean_blur_21_shifted_cam_control,5.1292307034600526e-05,1.9781056792567142e-09,6.908827344886959e-06,5.129032892892127e-05,4.438347968971357e-05,0.9999614346518295,0.8653048040863821,results/grad_cam_extended/figures/per_model/resnet50_fgvc_pmg_isqrtcov/sample_28_true_class_178.png,completed,
resnet50_fgvc_pmg_isqrtcov,sample_29,consensus_difficult,test/020/2719934_33eebbd4-e793-4137-ab05-b9b6db58af47.jpg,20,36,0.4987679719924927,False,predicted,36,model.model.backbone.encoder.stages[-1].layers[-1],0.0,0.9999998807907104,0.0733065977692604,0.2,local_mean_blur_21_shifted_cam_control,0.4987679719924927,0.04875759035348892,0.19055595993995667,0.45001038163900375,0.308212012052536,0.9022439428925023,0.6179466793372513,results/grad_cam_extended/figures/per_model/resnet50_fgvc_pmg_isqrtcov/sample_29_predicted_class_036.png,completed,
resnet50_fgvc_pmg_isqrtcov,sample_29,consensus_difficult,test/020/2719934_33eebbd4-e793-4137-ab05-b9b6db58af47.jpg,20,36,0.4987679719924927,False,true,20,model.model.backbone.encoder.stages[-1].layers[-1],0.0,0.9999998807907104,0.06065342202782631,0.2,local_mean_blur_21_shifted_cam_control,2.3501073087572877e-08,2.253990248027478e-15,2.0307511761075148e-07,2.350107083358263e-08,-1.795740445231786e-07,0.9999999040899009,-7.64109978527472,results/grad_cam_extended/figures/per_model/resnet50_fgvc_pmg_isqrtcov/sample_29_true_class_020.png,completed,
resnet50_fgvc_pmg_isqrtcov,sample_30,consensus_difficult,test/322/2731272_d07811e7-53a9-4ebe-91d9-f3335f6f560d.jpg,322,94,0.6003599166870117,False,predicted,94,model.model.backbone.encoder.stages[-1].layers[-1],0.0,0.9999998807907104,0.07722621411085129,0.2,local_mean_blur_21_shifted_cam_control,0.6003599166870117,0.0002334697637706995,0.006818885914981365,0.600126446923241,0.5935410307720304,0.9996111170028488,0.9886420033625658,results/grad_cam_extended/figures/per_model/resnet50_fgvc_pmg_isqrtcov/sample_30_predicted_class_094.png,completed,
resnet50_fgvc_pmg_isqrtcov,sample_30,consensus_difficult,test/322/2731272_d07811e7-53a9-4ebe-91d9-f3335f6f560d.jpg,322,94,0.6003599166870117,False,true,322,model.model.backbone.encoder.stages[-1].layers[-1],0.0,0.9999998807907104,0.04493436962366104,0.2,local_mean_blur_21_shifted_cam_control,3.428147465456277e-05,4.195599103695713e-06,2.192548527091276e-05,3.008587555086706e-05,1.2355989383650012e-05,0.8776132256277578,0.3604275926912457,results/grad_cam_extended/figures/per_model/resnet50_fgvc_pmg_isqrtcov/sample_30_true_class_322.png,completed,
