degradation,severity,class_id,precision,recall,f1_score,support
gaussian_noise,1,000,1.0,1.0,1.0,10
gaussian_noise,1,001,1.0,0.7,0.8235294117647058,10
gaussian_noise,1,002,0.7142857142857143,1.0,0.8333333333333333,10
gaussian_noise,1,003,0.9090909090909091,1.0,0.9523809523809523,10
gaussian_noise,1,004,0.8333333333333334,1.0,0.9090909090909091,10
gaussian_noise,1,005,1.0,0.7,0.8235294117647058,10
gaussian_noise,1,006,0.8333333333333334,1.0,0.9090909090909091,10
gaussian_noise,1,007,0.8333333333333334,1.0,0.9090909090909091,10
gaussian_noise,1,008,0.7777777777777778,0.7,0.7368421052631577,10
gaussian_noise,1,009,0.9090909090909091,1.0,0.9523809523809523,10
gaussian_noise,1,010,1.0,1.0,1.0,10
gaussian_noise,1,011,0.8181818181818182,0.9,0.8571428571428572,10
gaussian_noise,1,012,0.9090909090909091,1.0,0.9523809523809523,10
gaussian_noise,1,013,0.9090909090909091,1.0,0.9523809523809523,10
gaussian_noise,1,014,1.0,0.9,0.9473684210526316,10
gaussian_noise,1,015,1.0,1.0,1.0,10
gaussian_noise,1,016,0.9,0.9,0.9,10
gaussian_noise,1,017,1.0,0.9,0.9473684210526316,10
gaussian_noise,1,018,1.0,1.0,1.0,10
gaussian_noise,1,019,1.0,1.0,1.0,10
gaussian_noise,1,020,0.8181818181818182,0.9,0.8571428571428572,10
gaussian_noise,1,021,0.9090909090909091,1.0,0.9523809523809523,10
gaussian_noise,1,022,0.875,0.7,0.7777777777777777,10
gaussian_noise,1,023,0.8333333333333334,1.0,0.9090909090909091,10
gaussian_noise,1,024,1.0,1.0,1.0,10
gaussian_noise,1,025,1.0,0.8,0.888888888888889,10
gaussian_noise,1,026,1.0,0.9,0.9473684210526316,10
gaussian_noise,1,027,1.0,0.9,0.9473684210526316,10
gaussian_noise,1,028,0.8888888888888888,0.8,0.8421052631578948,10
gaussian_noise,1,029,1.0,0.8,0.888888888888889,10
gaussian_noise,1,030,1.0,0.9,0.9473684210526316,10
gaussian_noise,1,031,0.875,0.7,0.7777777777777777,10
gaussian_noise,1,032,0.75,0.9,0.8181818181818182,10
gaussian_noise,1,033,0.9,0.9,0.9,10
gaussian_noise,1,034,1.0,1.0,1.0,10
gaussian_noise,1,035,0.8181818181818182,0.9,0.8571428571428572,10
gaussian_noise,1,036,1.0,0.9,0.9473684210526316,10
gaussian_noise,1,037,0.9,0.9,0.9,10
gaussian_noise,1,038,0.8888888888888888,0.8,0.8421052631578948,10
gaussian_noise,1,039,1.0,0.8,0.888888888888889,10
gaussian_noise,1,040,1.0,0.9,0.9473684210526316,10
gaussian_noise,1,041,0.9090909090909091,1.0,0.9523809523809523,10
gaussian_noise,1,042,0.9090909090909091,1.0,0.9523809523809523,10
gaussian_noise,1,043,1.0,0.9,0.9473684210526316,10
gaussian_noise,1,044,0.9090909090909091,1.0,0.9523809523809523,10
gaussian_noise,1,045,1.0,1.0,1.0,10
gaussian_noise,1,046,0.9,0.9,0.9,10
gaussian_noise,1,047,1.0,0.8,0.888888888888889,10
gaussian_noise,1,048,0.9,0.9,0.9,10
gaussian_noise,1,049,0.7272727272727273,0.8,0.761904761904762,10
gaussian_noise,1,050,1.0,0.9,0.9473684210526316,10
gaussian_noise,1,051,0.9090909090909091,1.0,0.9523809523809523,10
gaussian_noise,1,052,1.0,0.6,0.7499999999999999,10
gaussian_noise,1,053,0.9,0.9,0.9,10
gaussian_noise,1,054,0.8,0.8,0.8000000000000002,10
gaussian_noise,1,055,0.8181818181818182,0.9,0.8571428571428572,10
gaussian_noise,1,056,1.0,1.0,1.0,10
gaussian_noise,1,057,0.8333333333333334,1.0,0.9090909090909091,10
gaussian_noise,1,058,1.0,1.0,1.0,10
gaussian_noise,1,059,1.0,0.9,0.9473684210526316,10
gaussian_noise,1,060,1.0,1.0,1.0,10
gaussian_noise,1,061,1.0,1.0,1.0,10
gaussian_noise,1,062,1.0,1.0,1.0,10
gaussian_noise,1,063,0.9090909090909091,1.0,0.9523809523809523,10
gaussian_noise,1,064,1.0,0.7,0.8235294117647058,10
gaussian_noise,1,065,1.0,0.9,0.9473684210526316,10
gaussian_noise,1,066,0.8333333333333334,1.0,0.9090909090909091,10
gaussian_noise,1,067,0.875,0.7,0.7777777777777777,10
gaussian_noise,1,068,1.0,1.0,1.0,10
gaussian_noise,1,069,0.7777777777777778,0.7,0.7368421052631577,10
gaussian_noise,1,070,0.9090909090909091,1.0,0.9523809523809523,10
gaussian_noise,1,071,0.6923076923076923,0.9,0.7826086956521738,10
gaussian_noise,1,072,1.0,0.9,0.9473684210526316,10
gaussian_noise,1,073,0.9090909090909091,1.0,0.9523809523809523,10
gaussian_noise,1,074,0.9,0.9,0.9,10
gaussian_noise,1,075,0.9,0.9,0.9,10
gaussian_noise,1,076,1.0,0.8,0.888888888888889,10
gaussian_noise,1,077,0.9090909090909091,1.0,0.9523809523809523,10
gaussian_noise,1,078,1.0,0.9,0.9473684210526316,10
gaussian_noise,1,079,0.8,0.8,0.8000000000000002,10
gaussian_noise,1,080,1.0,0.9,0.9473684210526316,10
gaussian_noise,1,081,1.0,1.0,1.0,10
gaussian_noise,1,082,1.0,1.0,1.0,10
gaussian_noise,1,083,1.0,1.0,1.0,10
gaussian_noise,1,084,0.8571428571428571,0.6,0.7058823529411764,10
gaussian_noise,1,085,0.9090909090909091,1.0,0.9523809523809523,10
gaussian_noise,1,086,0.9090909090909091,1.0,0.9523809523809523,10
gaussian_noise,1,087,0.7692307692307693,1.0,0.8695652173913044,10
gaussian_noise,1,088,0.7692307692307693,1.0,0.8695652173913044,10
gaussian_noise,1,089,1.0,1.0,1.0,10
gaussian_noise,1,090,1.0,0.7,0.8235294117647058,10
gaussian_noise,1,091,1.0,1.0,1.0,10
gaussian_noise,1,092,1.0,0.9,0.9473684210526316,10
gaussian_noise,1,093,1.0,1.0,1.0,10
gaussian_noise,1,094,0.5882352941176471,1.0,0.7407407407407407,10
gaussian_noise,1,095,1.0,1.0,1.0,10
gaussian_noise,1,096,1.0,0.9,0.9473684210526316,10
gaussian_noise,1,097,1.0,1.0,1.0,10
gaussian_noise,1,098,0.9090909090909091,1.0,0.9523809523809523,10
gaussian_noise,1,099,0.8181818181818182,0.9,0.8571428571428572,10
gaussian_noise,1,100,1.0,1.0,1.0,10
gaussian_noise,1,101,1.0,1.0,1.0,10
gaussian_noise,1,102,1.0,0.9,0.9473684210526316,10
gaussian_noise,1,103,1.0,0.8,0.888888888888889,10
gaussian_noise,1,104,1.0,0.9,0.9473684210526316,10
gaussian_noise,1,105,0.9090909090909091,1.0,0.9523809523809523,10
gaussian_noise,1,106,1.0,0.7,0.8235294117647058,10
gaussian_noise,1,107,0.9090909090909091,1.0,0.9523809523809523,10
gaussian_noise,1,108,1.0,0.9,0.9473684210526316,10
gaussian_noise,1,109,0.9090909090909091,1.0,0.9523809523809523,10
gaussian_noise,1,110,1.0,0.7,0.8235294117647058,10
gaussian_noise,1,111,1.0,0.9,0.9473684210526316,10
gaussian_noise,1,112,1.0,1.0,1.0,10
gaussian_noise,1,113,1.0,1.0,1.0,10
gaussian_noise,1,114,0.8333333333333334,1.0,0.9090909090909091,10
gaussian_noise,1,115,1.0,0.8,0.888888888888889,10
gaussian_noise,1,116,1.0,1.0,1.0,10
gaussian_noise,1,117,1.0,1.0,1.0,10
gaussian_noise,1,118,1.0,1.0,1.0,10
gaussian_noise,1,119,1.0,0.7,0.8235294117647058,10
gaussian_noise,1,120,1.0,1.0,1.0,10
gaussian_noise,1,121,0.6363636363636364,0.7,0.6666666666666666,10
gaussian_noise,1,122,0.6666666666666666,0.6,0.631578947368421,10
gaussian_noise,1,123,0.9,0.9,0.9,10
gaussian_noise,1,124,1.0,1.0,1.0,10
gaussian_noise,1,125,0.9,0.9,0.9,10
gaussian_noise,1,126,1.0,0.9,0.9473684210526316,10
gaussian_noise,1,127,1.0,0.7,0.8235294117647058,10
gaussian_noise,1,128,0.8333333333333334,0.5,0.625,10
gaussian_noise,1,129,0.8888888888888888,0.8,0.8421052631578948,10
gaussian_noise,1,130,0.7272727272727273,0.8,0.761904761904762,10
gaussian_noise,1,131,0.6428571428571429,0.9,0.75,10
gaussian_noise,1,132,1.0,1.0,1.0,10
gaussian_noise,1,133,0.8888888888888888,0.8,0.8421052631578948,10
gaussian_noise,1,134,1.0,1.0,1.0,10
gaussian_noise,1,135,0.7142857142857143,1.0,0.8333333333333333,10
gaussian_noise,1,136,0.9090909090909091,1.0,0.9523809523809523,10
gaussian_noise,1,137,0.7692307692307693,1.0,0.8695652173913044,10
gaussian_noise,1,138,1.0,0.8,0.888888888888889,10
gaussian_noise,1,139,0.625,0.5,0.5555555555555556,10
gaussian_noise,1,140,0.7272727272727273,0.8,0.761904761904762,10
gaussian_noise,1,141,0.9090909090909091,1.0,0.9523809523809523,10
gaussian_noise,1,142,0.8888888888888888,0.8,0.8421052631578948,10
gaussian_noise,1,143,0.8333333333333334,0.5,0.625,10
gaussian_noise,1,144,0.9090909090909091,1.0,0.9523809523809523,10
gaussian_noise,1,145,0.9090909090909091,1.0,0.9523809523809523,10
gaussian_noise,1,146,1.0,1.0,1.0,10
gaussian_noise,1,147,1.0,0.9,0.9473684210526316,10
gaussian_noise,1,148,1.0,1.0,1.0,10
gaussian_noise,1,149,1.0,0.9,0.9473684210526316,10
gaussian_noise,1,150,0.9,0.9,0.9,10
gaussian_noise,1,151,0.9090909090909091,1.0,0.9523809523809523,10
gaussian_noise,1,152,0.8181818181818182,0.9,0.8571428571428572,10
gaussian_noise,1,153,0.9090909090909091,1.0,0.9523809523809523,10
gaussian_noise,1,154,0.9,0.9,0.9,10
gaussian_noise,1,155,0.7777777777777778,0.7,0.7368421052631577,10
gaussian_noise,1,156,0.6666666666666666,0.6,0.631578947368421,10
gaussian_noise,1,157,0.6,0.3,0.4,10
gaussian_noise,1,158,0.875,0.7,0.7777777777777777,10
gaussian_noise,1,159,0.7272727272727273,0.8,0.761904761904762,10
gaussian_noise,1,160,0.5714285714285714,0.8,0.6666666666666666,10
gaussian_noise,1,161,0.6,0.6,0.6,10
gaussian_noise,1,162,1.0,0.9,0.9473684210526316,10
gaussian_noise,1,163,0.8333333333333334,1.0,0.9090909090909091,10
gaussian_noise,1,164,0.7692307692307693,1.0,0.8695652173913044,10
gaussian_noise,1,165,0.5384615384615384,0.7,0.608695652173913,10
gaussian_noise,1,166,0.75,0.6,0.6666666666666665,10
gaussian_noise,1,167,1.0,0.8,0.888888888888889,10
gaussian_noise,1,168,0.875,0.7,0.7777777777777777,10
gaussian_noise,1,169,0.7272727272727273,0.8,0.761904761904762,10
gaussian_noise,1,170,0.9090909090909091,1.0,0.9523809523809523,10
gaussian_noise,1,171,0.75,0.9,0.8181818181818182,10
gaussian_noise,1,172,0.8181818181818182,0.9,0.8571428571428572,10
gaussian_noise,1,173,1.0,0.9,0.9473684210526316,10
gaussian_noise,1,174,0.875,0.7,0.7777777777777777,10
gaussian_noise,1,175,0.8,0.8,0.8000000000000002,10
gaussian_noise,1,176,0.7142857142857143,1.0,0.8333333333333333,10
gaussian_noise,1,177,1.0,0.7,0.8235294117647058,10
gaussian_noise,1,178,1.0,0.5,0.6666666666666666,10
gaussian_noise,1,179,1.0,0.7,0.8235294117647058,10
gaussian_noise,1,180,0.6,0.6,0.6,10
gaussian_noise,1,181,0.8888888888888888,0.8,0.8421052631578948,10
gaussian_noise,1,182,0.5833333333333334,0.7,0.6363636363636365,10
gaussian_noise,1,183,0.9090909090909091,1.0,0.9523809523809523,10
gaussian_noise,1,184,1.0,0.8,0.888888888888889,10
gaussian_noise,1,185,0.75,0.9,0.8181818181818182,10
gaussian_noise,1,186,0.75,0.9,0.8181818181818182,10
gaussian_noise,1,187,0.6666666666666666,0.8,0.7272727272727272,10
gaussian_noise,1,188,0.8888888888888888,0.8,0.8421052631578948,10
gaussian_noise,1,189,1.0,1.0,1.0,10
gaussian_noise,1,190,0.8181818181818182,0.9,0.8571428571428572,10
gaussian_noise,1,191,1.0,0.9,0.9473684210526316,10
gaussian_noise,1,192,1.0,0.8,0.888888888888889,10
gaussian_noise,1,193,1.0,0.6,0.7499999999999999,10
gaussian_noise,1,194,1.0,0.9,0.9473684210526316,10
gaussian_noise,1,195,0.8888888888888888,0.8,0.8421052631578948,10
gaussian_noise,1,196,0.9090909090909091,1.0,0.9523809523809523,10
gaussian_noise,1,197,0.7,0.7,0.7,10
gaussian_noise,1,198,0.875,0.7,0.7777777777777777,10
gaussian_noise,1,199,0.7272727272727273,0.8,0.761904761904762,10
gaussian_noise,1,200,0.8888888888888888,0.8,0.8421052631578948,10
gaussian_noise,1,201,1.0,0.9,0.9473684210526316,10
gaussian_noise,1,202,0.7,0.7,0.7,10
gaussian_noise,1,203,0.6363636363636364,0.7,0.6666666666666666,10
gaussian_noise,1,204,0.7272727272727273,0.8,0.761904761904762,10
gaussian_noise,1,205,0.7692307692307693,1.0,0.8695652173913044,10
gaussian_noise,1,206,1.0,0.6,0.7499999999999999,10
gaussian_noise,1,207,0.75,0.9,0.8181818181818182,10
gaussian_noise,1,208,0.9,0.9,0.9,10
gaussian_noise,1,209,0.7272727272727273,0.8,0.761904761904762,10
gaussian_noise,1,210,0.6923076923076923,0.9,0.7826086956521738,10
gaussian_noise,1,211,0.8181818181818182,0.9,0.8571428571428572,10
gaussian_noise,1,212,0.75,0.6,0.6666666666666665,10
gaussian_noise,1,213,1.0,0.7,0.8235294117647058,10
gaussian_noise,1,214,0.6363636363636364,0.7,0.6666666666666666,10
gaussian_noise,1,215,0.6666666666666666,0.8,0.7272727272727272,10
gaussian_noise,1,216,0.8,0.8,0.8000000000000002,10
gaussian_noise,1,217,0.875,0.7,0.7777777777777777,10
gaussian_noise,1,218,0.8181818181818182,0.9,0.8571428571428572,10
gaussian_noise,1,219,0.875,0.7,0.7777777777777777,10
gaussian_noise,1,220,0.6923076923076923,0.9,0.7826086956521738,10
gaussian_noise,1,221,1.0,0.8,0.888888888888889,10
gaussian_noise,1,222,0.8333333333333334,1.0,0.9090909090909091,10
gaussian_noise,1,223,1.0,1.0,1.0,10
gaussian_noise,1,224,1.0,0.6,0.7499999999999999,10
gaussian_noise,1,225,0.625,1.0,0.7692307692307693,10
gaussian_noise,1,226,1.0,0.9,0.9473684210526316,10
gaussian_noise,1,227,0.5333333333333333,0.8,0.64,10
gaussian_noise,1,228,1.0,0.5,0.6666666666666666,10
gaussian_noise,1,229,0.8181818181818182,0.9,0.8571428571428572,10
gaussian_noise,1,230,0.9,0.9,0.9,10
gaussian_noise,1,231,0.7777777777777778,0.7,0.7368421052631577,10
gaussian_noise,1,232,0.8181818181818182,0.9,0.8571428571428572,10
gaussian_noise,1,233,0.75,0.6,0.6666666666666665,10
gaussian_noise,1,234,0.9,0.9,0.9,10
gaussian_noise,1,235,0.9,0.9,0.9,10
gaussian_noise,1,236,1.0,1.0,1.0,10
gaussian_noise,1,237,0.9,0.9,0.9,10
gaussian_noise,1,238,0.8333333333333334,1.0,0.9090909090909091,10
gaussian_noise,1,239,1.0,0.9,0.9473684210526316,10
gaussian_noise,1,240,0.875,0.7,0.7777777777777777,10
gaussian_noise,1,241,0.75,0.9,0.8181818181818182,10
gaussian_noise,1,242,1.0,0.7,0.8235294117647058,10
gaussian_noise,1,243,1.0,1.0,1.0,10
gaussian_noise,1,244,0.9,0.9,0.9,10
gaussian_noise,1,245,0.8181818181818182,0.9,0.8571428571428572,10
gaussian_noise,1,246,0.6363636363636364,0.7,0.6666666666666666,10
gaussian_noise,1,247,0.8,0.4,0.5333333333333333,10
gaussian_noise,1,248,0.8888888888888888,0.8,0.8421052631578948,10
gaussian_noise,1,249,0.6153846153846154,0.8,0.6956521739130435,10
gaussian_noise,1,250,0.9090909090909091,1.0,0.9523809523809523,10
gaussian_noise,1,251,1.0,1.0,1.0,10
gaussian_noise,1,252,1.0,0.8,0.888888888888889,10
gaussian_noise,1,253,0.7,0.7,0.7,10
gaussian_noise,1,254,0.8181818181818182,0.9,0.8571428571428572,10
gaussian_noise,1,255,1.0,1.0,1.0,10
gaussian_noise,1,256,0.625,0.5,0.5555555555555556,10
gaussian_noise,1,257,0.7692307692307693,1.0,0.8695652173913044,10
gaussian_noise,1,258,1.0,0.7,0.8235294117647058,10
gaussian_noise,1,259,0.8,0.8,0.8000000000000002,10
gaussian_noise,1,260,0.75,0.9,0.8181818181818182,10
gaussian_noise,1,261,0.8333333333333334,1.0,0.9090909090909091,10
gaussian_noise,1,262,0.8,0.8,0.8000000000000002,10
gaussian_noise,1,263,0.9,0.9,0.9,10
gaussian_noise,1,264,0.9090909090909091,1.0,0.9523809523809523,10
gaussian_noise,1,265,0.5454545454545454,0.6,0.5714285714285713,10
gaussian_noise,1,266,0.8181818181818182,0.9,0.8571428571428572,10
gaussian_noise,1,267,0.875,0.7,0.7777777777777777,10
gaussian_noise,1,268,0.9,0.9,0.9,10
gaussian_noise,1,269,0.8333333333333334,1.0,0.9090909090909091,10
gaussian_noise,1,270,0.7692307692307693,1.0,0.8695652173913044,10
gaussian_noise,1,271,0.75,0.9,0.8181818181818182,10
gaussian_noise,1,272,1.0,1.0,1.0,10
gaussian_noise,1,273,0.75,0.9,0.8181818181818182,10
gaussian_noise,1,274,1.0,0.8,0.888888888888889,10
gaussian_noise,1,275,0.8181818181818182,0.9,0.8571428571428572,10
gaussian_noise,1,276,0.6428571428571429,0.9,0.75,10
gaussian_noise,1,277,0.75,0.9,0.8181818181818182,10
gaussian_noise,1,278,1.0,0.6,0.7499999999999999,10
gaussian_noise,1,279,0.9090909090909091,1.0,0.9523809523809523,10
gaussian_noise,1,280,1.0,0.9,0.9473684210526316,10
gaussian_noise,1,281,0.9090909090909091,1.0,0.9523809523809523,10
gaussian_noise,1,282,1.0,0.8,0.888888888888889,10
gaussian_noise,1,283,1.0,1.0,1.0,10
gaussian_noise,1,284,0.9090909090909091,1.0,0.9523809523809523,10
gaussian_noise,1,285,1.0,1.0,1.0,10
gaussian_noise,1,286,0.8,0.8,0.8000000000000002,10
gaussian_noise,1,287,0.875,0.7,0.7777777777777777,10
gaussian_noise,1,288,0.9,0.9,0.9,10
gaussian_noise,1,289,0.9090909090909091,1.0,0.9523809523809523,10
gaussian_noise,1,290,1.0,0.9,0.9473684210526316,10
gaussian_noise,1,291,0.9090909090909091,1.0,0.9523809523809523,10
gaussian_noise,1,292,0.9,0.9,0.9,10
gaussian_noise,1,293,1.0,0.8,0.888888888888889,10
gaussian_noise,1,294,0.75,0.9,0.8181818181818182,10
gaussian_noise,1,295,1.0,0.9,0.9473684210526316,10
gaussian_noise,1,296,0.9,0.9,0.9,10
gaussian_noise,1,297,1.0,0.9,0.9473684210526316,10
gaussian_noise,1,298,0.9090909090909091,1.0,0.9523809523809523,10
gaussian_noise,1,299,0.9090909090909091,1.0,0.9523809523809523,10
gaussian_noise,1,300,0.8333333333333334,1.0,0.9090909090909091,10
gaussian_noise,1,301,0.9090909090909091,1.0,0.9523809523809523,10
gaussian_noise,1,302,1.0,1.0,1.0,10
gaussian_noise,1,303,1.0,1.0,1.0,10
gaussian_noise,1,304,0.9090909090909091,1.0,0.9523809523809523,10
gaussian_noise,1,305,1.0,0.8,0.888888888888889,10
gaussian_noise,1,306,0.9,0.9,0.9,10
gaussian_noise,1,307,1.0,1.0,1.0,10
gaussian_noise,1,308,0.5333333333333333,0.8,0.64,10
gaussian_noise,1,309,0.8333333333333334,1.0,0.9090909090909091,10
gaussian_noise,1,310,0.8888888888888888,0.8,0.8421052631578948,10
gaussian_noise,1,311,0.9090909090909091,1.0,0.9523809523809523,10
gaussian_noise,1,312,0.9,0.9,0.9,10
gaussian_noise,1,313,0.9,0.9,0.9,10
gaussian_noise,1,314,0.8,0.8,0.8000000000000002,10
gaussian_noise,1,315,0.9090909090909091,1.0,0.9523809523809523,10
gaussian_noise,1,316,1.0,1.0,1.0,10
gaussian_noise,1,317,1.0,1.0,1.0,10
gaussian_noise,1,318,0.7692307692307693,1.0,0.8695652173913044,10
gaussian_noise,1,319,1.0,0.9,0.9473684210526316,10
gaussian_noise,1,320,1.0,1.0,1.0,10
gaussian_noise,1,321,1.0,0.9,0.9473684210526316,10
gaussian_noise,1,322,0.5,0.7,0.5833333333333334,10
gaussian_noise,1,323,1.0,0.9,0.9473684210526316,10
gaussian_noise,1,324,1.0,1.0,1.0,10
gaussian_noise,1,325,0.8888888888888888,0.8,0.8421052631578948,10
gaussian_noise,1,326,0.9,0.9,0.9,10
gaussian_noise,1,327,0.9,0.9,0.9,10
gaussian_noise,1,328,0.8333333333333334,1.0,0.9090909090909091,10
gaussian_noise,1,329,1.0,0.9,0.9473684210526316,10
gaussian_noise,1,330,0.8181818181818182,0.9,0.8571428571428572,10
gaussian_noise,1,331,0.8333333333333334,1.0,0.9090909090909091,10
gaussian_noise,1,332,0.7777777777777778,0.7,0.7368421052631577,10
gaussian_noise,1,333,0.5333333333333333,0.8,0.64,10
gaussian_noise,1,334,1.0,0.9,0.9473684210526316,10
gaussian_noise,1,335,0.5,0.5,0.5,10
gaussian_noise,1,336,0.9090909090909091,1.0,0.9523809523809523,10
gaussian_noise,1,337,0.9,0.9,0.9,10
gaussian_noise,1,338,0.8,0.8,0.8000000000000002,10
gaussian_noise,1,339,1.0,0.9,0.9473684210526316,10
gaussian_noise,1,340,0.9090909090909091,1.0,0.9523809523809523,10
gaussian_noise,1,341,0.6428571428571429,0.9,0.75,10
gaussian_noise,1,342,0.9090909090909091,1.0,0.9523809523809523,10
gaussian_noise,1,343,1.0,0.9,0.9473684210526316,10
gaussian_noise,1,344,1.0,1.0,1.0,10
gaussian_noise,1,345,0.9090909090909091,1.0,0.9523809523809523,10
gaussian_noise,1,346,1.0,0.4,0.5714285714285715,10
gaussian_noise,1,347,0.7692307692307693,1.0,0.8695652173913044,10
gaussian_noise,1,348,1.0,0.8,0.888888888888889,10
gaussian_noise,1,349,0.7272727272727273,0.8,0.761904761904762,10
gaussian_noise,1,350,1.0,1.0,1.0,10
gaussian_noise,1,351,1.0,0.8,0.888888888888889,10
gaussian_noise,1,352,1.0,0.9,0.9473684210526316,10
gaussian_noise,1,353,1.0,0.8,0.888888888888889,10
gaussian_noise,1,354,0.875,0.7,0.7777777777777777,10
gaussian_noise,1,355,1.0,1.0,1.0,10
gaussian_noise,1,356,1.0,1.0,1.0,10
gaussian_noise,1,357,0.8,0.8,0.8000000000000002,10
gaussian_noise,1,358,0.8181818181818182,0.9,0.8571428571428572,10
gaussian_noise,1,359,1.0,0.9,0.9473684210526316,10
gaussian_noise,1,360,0.8181818181818182,0.9,0.8571428571428572,10
gaussian_noise,1,361,0.9,0.9,0.9,10
gaussian_noise,1,362,1.0,0.9,0.9473684210526316,10
gaussian_noise,1,363,0.9090909090909091,1.0,0.9523809523809523,10
gaussian_noise,1,364,1.0,0.9,0.9473684210526316,10
gaussian_noise,1,365,1.0,0.9,0.9473684210526316,10
gaussian_noise,1,366,1.0,1.0,1.0,10
gaussian_noise,1,367,0.9,0.9,0.9,10
gaussian_noise,1,368,0.6666666666666666,1.0,0.8,10
gaussian_noise,1,369,0.7777777777777778,0.7,0.7368421052631577,10
gaussian_noise,1,370,1.0,1.0,1.0,10
gaussian_noise,1,371,1.0,1.0,1.0,10
gaussian_noise,1,372,1.0,0.8,0.888888888888889,10
gaussian_noise,1,373,1.0,0.8,0.888888888888889,10
gaussian_noise,1,374,1.0,0.3,0.4615384615384615,10
gaussian_noise,1,375,1.0,1.0,1.0,10
gaussian_noise,1,376,0.9090909090909091,1.0,0.9523809523809523,10
gaussian_noise,1,377,1.0,0.9,0.9473684210526316,10
gaussian_noise,1,378,1.0,1.0,1.0,10
gaussian_noise,1,379,0.9,0.9,0.9,10
gaussian_noise,1,380,0.9090909090909091,1.0,0.9523809523809523,10
gaussian_noise,1,381,0.8,0.8,0.8000000000000002,10
gaussian_noise,1,382,1.0,1.0,1.0,10
gaussian_noise,1,383,1.0,0.7,0.8235294117647058,10
gaussian_noise,1,384,1.0,0.9,0.9473684210526316,10
gaussian_noise,1,385,0.8181818181818182,0.9,0.8571428571428572,10
gaussian_noise,1,386,1.0,0.9,0.9473684210526316,10
gaussian_noise,1,387,0.8888888888888888,0.8,0.8421052631578948,10
gaussian_noise,1,388,1.0,0.5,0.6666666666666666,10
gaussian_noise,1,389,0.7777777777777778,0.7,0.7368421052631577,10
gaussian_noise,1,390,0.6363636363636364,0.7,0.6666666666666666,10
gaussian_noise,1,391,1.0,0.9,0.9473684210526316,10
gaussian_noise,1,392,0.9,0.9,0.9,10
gaussian_noise,1,393,0.75,0.9,0.8181818181818182,10
gaussian_noise,1,394,1.0,0.8,0.888888888888889,10
gaussian_noise,1,395,0.9,0.9,0.9,10
gaussian_noise,1,396,1.0,1.0,1.0,10
gaussian_noise,1,397,1.0,1.0,1.0,10
gaussian_noise,1,398,0.9090909090909091,1.0,0.9523809523809523,10
gaussian_noise,1,399,0.8333333333333334,1.0,0.9090909090909091,10
gaussian_noise,1,400,0.9,0.9,0.9,10
gaussian_noise,1,401,1.0,1.0,1.0,10
gaussian_noise,1,402,1.0,0.9,0.9473684210526316,10
gaussian_noise,1,403,1.0,0.9,0.9473684210526316,10
gaussian_noise,1,404,1.0,1.0,1.0,10
gaussian_noise,1,405,0.9090909090909091,1.0,0.9523809523809523,10
gaussian_noise,1,406,1.0,1.0,1.0,10
gaussian_noise,1,407,0.7142857142857143,1.0,0.8333333333333333,10
gaussian_noise,1,408,0.8888888888888888,0.8,0.8421052631578948,10
gaussian_noise,1,409,1.0,0.8,0.888888888888889,10
gaussian_noise,1,410,0.6666666666666666,0.6,0.631578947368421,10
gaussian_noise,1,411,1.0,1.0,1.0,10
gaussian_noise,1,412,1.0,0.9,0.9473684210526316,10
gaussian_noise,1,413,0.9090909090909091,1.0,0.9523809523809523,10
gaussian_noise,1,414,1.0,0.9,0.9473684210526316,10
gaussian_noise,1,415,1.0,1.0,1.0,10
gaussian_noise,1,416,0.8333333333333334,1.0,0.9090909090909091,10
gaussian_noise,1,417,1.0,1.0,1.0,10
gaussian_noise,1,418,0.9,0.9,0.9,10
gaussian_noise,1,419,0.9090909090909091,1.0,0.9523809523809523,10
gaussian_noise,1,420,0.7692307692307693,1.0,0.8695652173913044,10
gaussian_noise,1,421,1.0,1.0,1.0,10
gaussian_noise,1,422,0.8888888888888888,0.8,0.8421052631578948,10
gaussian_noise,1,423,0.6923076923076923,0.9,0.7826086956521738,10
gaussian_noise,1,424,1.0,1.0,1.0,10
gaussian_noise,1,425,1.0,1.0,1.0,10
gaussian_noise,1,426,1.0,0.9,0.9473684210526316,10
gaussian_noise,1,427,1.0,1.0,1.0,10
gaussian_noise,1,428,0.8888888888888888,0.8,0.8421052631578948,10
gaussian_noise,1,429,1.0,0.9,0.9473684210526316,10
gaussian_noise,1,430,0.9090909090909091,1.0,0.9523809523809523,10
gaussian_noise,1,431,0.9090909090909091,1.0,0.9523809523809523,10
gaussian_noise,1,432,0.8181818181818182,0.9,0.8571428571428572,10
gaussian_noise,1,433,1.0,0.9,0.9473684210526316,10
gaussian_noise,1,434,1.0,0.8,0.888888888888889,10
gaussian_noise,1,435,0.75,0.9,0.8181818181818182,10
gaussian_noise,1,436,1.0,0.9,0.9473684210526316,10
gaussian_noise,1,437,0.9,0.9,0.9,10
gaussian_noise,1,438,0.7,0.7,0.7,10
gaussian_noise,1,439,0.8,0.8,0.8000000000000002,10
gaussian_noise,1,440,1.0,1.0,1.0,10
gaussian_noise,1,441,1.0,0.8,0.888888888888889,10
gaussian_noise,1,442,0.75,0.6,0.6666666666666665,10
gaussian_noise,1,443,1.0,1.0,1.0,10
gaussian_noise,1,444,1.0,1.0,1.0,10
gaussian_noise,1,445,1.0,0.9,0.9473684210526316,10
gaussian_noise,1,446,0.9,0.9,0.9,10
gaussian_noise,1,447,1.0,0.9,0.9473684210526316,10
gaussian_noise,1,448,0.8888888888888888,0.8,0.8421052631578948,10
gaussian_noise,1,449,0.9,0.9,0.9,10
gaussian_noise,1,450,1.0,0.9,0.9473684210526316,10
gaussian_noise,1,451,1.0,0.9,0.9473684210526316,10
gaussian_noise,1,452,1.0,1.0,1.0,10
gaussian_noise,1,453,0.9090909090909091,1.0,0.9523809523809523,10
gaussian_noise,1,454,0.9090909090909091,1.0,0.9523809523809523,10
gaussian_noise,1,455,0.7,0.7,0.7,10
gaussian_noise,1,456,0.7,0.7,0.7,10
gaussian_noise,1,457,1.0,1.0,1.0,10
gaussian_noise,1,458,0.8888888888888888,0.8,0.8421052631578948,10
gaussian_noise,1,459,1.0,1.0,1.0,10
gaussian_noise,1,460,1.0,1.0,1.0,10
gaussian_noise,1,461,0.8333333333333334,1.0,0.9090909090909091,10
gaussian_noise,1,462,0.7777777777777778,0.7,0.7368421052631577,10
gaussian_noise,1,463,0.9090909090909091,1.0,0.9523809523809523,10
gaussian_noise,1,464,1.0,0.9,0.9473684210526316,10
gaussian_noise,1,465,0.8,0.8,0.8000000000000002,10
gaussian_noise,1,466,0.75,0.6,0.6666666666666665,10
gaussian_noise,1,467,0.8571428571428571,0.6,0.7058823529411764,10
gaussian_noise,1,468,0.75,0.9,0.8181818181818182,10
gaussian_noise,1,469,0.8333333333333334,1.0,0.9090909090909091,10
gaussian_noise,1,470,1.0,0.8,0.888888888888889,10
gaussian_noise,1,471,1.0,1.0,1.0,10
gaussian_noise,1,472,0.7777777777777778,0.7,0.7368421052631577,10
gaussian_noise,1,473,1.0,0.9,0.9473684210526316,10
gaussian_noise,1,474,1.0,1.0,1.0,10
gaussian_noise,1,475,0.9090909090909091,1.0,0.9523809523809523,10
gaussian_noise,1,476,0.6923076923076923,0.9,0.7826086956521738,10
gaussian_noise,1,477,1.0,1.0,1.0,10
gaussian_noise,1,478,0.8,0.8,0.8000000000000002,10
gaussian_noise,1,479,0.8181818181818182,0.9,0.8571428571428572,10
gaussian_noise,1,480,0.9,0.9,0.9,10
gaussian_noise,1,481,0.8888888888888888,0.8,0.8421052631578948,10
gaussian_noise,1,482,1.0,0.9,0.9473684210526316,10
gaussian_noise,1,483,0.8333333333333334,1.0,0.9090909090909091,10
gaussian_noise,1,484,0.75,0.9,0.8181818181818182,10
gaussian_noise,1,485,0.9,0.9,0.9,10
gaussian_noise,1,486,0.8181818181818182,0.9,0.8571428571428572,10
gaussian_noise,1,487,0.8181818181818182,0.9,0.8571428571428572,10
gaussian_noise,1,488,0.7142857142857143,1.0,0.8333333333333333,10
gaussian_noise,1,489,1.0,0.9,0.9473684210526316,10
gaussian_noise,1,490,0.9,0.9,0.9,10
gaussian_noise,1,491,1.0,1.0,1.0,10
gaussian_noise,1,492,0.75,0.9,0.8181818181818182,10
gaussian_noise,1,493,0.75,0.9,0.8181818181818182,10
gaussian_noise,1,494,0.6666666666666666,0.8,0.7272727272727272,10
gaussian_noise,1,495,0.625,0.5,0.5555555555555556,10
gaussian_noise,1,496,0.6153846153846154,0.8,0.6956521739130435,10
gaussian_noise,1,497,0.625,0.5,0.5555555555555556,10
gaussian_noise,1,498,0.8333333333333334,1.0,0.9090909090909091,10
gaussian_noise,1,499,0.8888888888888888,0.8,0.8421052631578948,10
gaussian_noise,2,000,1.0,1.0,1.0,10
gaussian_noise,2,001,1.0,0.8,0.888888888888889,10
gaussian_noise,2,002,0.7692307692307693,1.0,0.8695652173913044,10
gaussian_noise,2,003,1.0,1.0,1.0,10
gaussian_noise,2,004,0.9090909090909091,1.0,0.9523809523809523,10
gaussian_noise,2,005,0.875,0.7,0.7777777777777777,10
gaussian_noise,2,006,0.8181818181818182,0.9,0.8571428571428572,10
gaussian_noise,2,007,0.7692307692307693,1.0,0.8695652173913044,10
gaussian_noise,2,008,0.875,0.7,0.7777777777777777,10
gaussian_noise,2,009,0.8333333333333334,1.0,0.9090909090909091,10
gaussian_noise,2,010,1.0,1.0,1.0,10
gaussian_noise,2,011,0.8181818181818182,0.9,0.8571428571428572,10
gaussian_noise,2,012,0.9090909090909091,1.0,0.9523809523809523,10
gaussian_noise,2,013,0.8333333333333334,1.0,0.9090909090909091,10
gaussian_noise,2,014,1.0,0.9,0.9473684210526316,10
gaussian_noise,2,015,1.0,1.0,1.0,10
gaussian_noise,2,016,0.9,0.9,0.9,10
gaussian_noise,2,017,1.0,0.9,0.9473684210526316,10
gaussian_noise,2,018,1.0,1.0,1.0,10
gaussian_noise,2,019,1.0,1.0,1.0,10
gaussian_noise,2,020,0.8181818181818182,0.9,0.8571428571428572,10
gaussian_noise,2,021,0.9090909090909091,1.0,0.9523809523809523,10
gaussian_noise,2,022,0.875,0.7,0.7777777777777777,10
gaussian_noise,2,023,0.6666666666666666,1.0,0.8,10
gaussian_noise,2,024,1.0,1.0,1.0,10
gaussian_noise,2,025,0.8,0.8,0.8000000000000002,10
gaussian_noise,2,026,0.9,0.9,0.9,10
gaussian_noise,2,027,1.0,0.9,0.9473684210526316,10
gaussian_noise,2,028,0.8888888888888888,0.8,0.8421052631578948,10
gaussian_noise,2,029,1.0,0.7,0.8235294117647058,10
gaussian_noise,2,030,1.0,0.9,0.9473684210526316,10
gaussian_noise,2,031,0.875,0.7,0.7777777777777777,10
gaussian_noise,2,032,0.75,0.9,0.8181818181818182,10
gaussian_noise,2,033,0.9,0.9,0.9,10
gaussian_noise,2,034,1.0,1.0,1.0,10
gaussian_noise,2,035,0.75,0.9,0.8181818181818182,10
gaussian_noise,2,036,1.0,0.9,0.9473684210526316,10
gaussian_noise,2,037,0.9,0.9,0.9,10
gaussian_noise,2,038,0.8888888888888888,0.8,0.8421052631578948,10
gaussian_noise,2,039,1.0,0.8,0.888888888888889,10
gaussian_noise,2,040,1.0,0.9,0.9473684210526316,10
gaussian_noise,2,041,0.9090909090909091,1.0,0.9523809523809523,10
gaussian_noise,2,042,0.9,0.9,0.9,10
gaussian_noise,2,043,1.0,0.9,0.9473684210526316,10
gaussian_noise,2,044,0.9090909090909091,1.0,0.9523809523809523,10
gaussian_noise,2,045,1.0,1.0,1.0,10
gaussian_noise,2,046,1.0,1.0,1.0,10
gaussian_noise,2,047,1.0,0.8,0.888888888888889,10
gaussian_noise,2,048,0.9090909090909091,1.0,0.9523809523809523,10
gaussian_noise,2,049,0.8,0.8,0.8000000000000002,10
gaussian_noise,2,050,1.0,0.9,0.9473684210526316,10
gaussian_noise,2,051,0.8333333333333334,1.0,0.9090909090909091,10
gaussian_noise,2,052,1.0,0.7,0.8235294117647058,10
gaussian_noise,2,053,0.9,0.9,0.9,10
gaussian_noise,2,054,0.8,0.8,0.8000000000000002,10
gaussian_noise,2,055,0.8181818181818182,0.9,0.8571428571428572,10
gaussian_noise,2,056,1.0,0.9,0.9473684210526316,10
gaussian_noise,2,057,0.75,0.9,0.8181818181818182,10
gaussian_noise,2,058,1.0,1.0,1.0,10
gaussian_noise,2,059,1.0,0.9,0.9473684210526316,10
gaussian_noise,2,060,1.0,1.0,1.0,10
gaussian_noise,2,061,1.0,1.0,1.0,10
gaussian_noise,2,062,1.0,1.0,1.0,10
gaussian_noise,2,063,0.9090909090909091,1.0,0.9523809523809523,10
gaussian_noise,2,064,1.0,0.7,0.8235294117647058,10
gaussian_noise,2,065,1.0,0.9,0.9473684210526316,10
gaussian_noise,2,066,0.8333333333333334,1.0,0.9090909090909091,10
gaussian_noise,2,067,0.875,0.7,0.7777777777777777,10
gaussian_noise,2,068,1.0,1.0,1.0,10
gaussian_noise,2,069,0.875,0.7,0.7777777777777777,10
gaussian_noise,2,070,1.0,1.0,1.0,10
gaussian_noise,2,071,0.75,0.9,0.8181818181818182,10
gaussian_noise,2,072,1.0,0.9,0.9473684210526316,10
gaussian_noise,2,073,0.9090909090909091,1.0,0.9523809523809523,10
gaussian_noise,2,074,0.8,0.8,0.8000000000000002,10
gaussian_noise,2,075,0.8181818181818182,0.9,0.8571428571428572,10
gaussian_noise,2,076,0.8888888888888888,0.8,0.8421052631578948,10
gaussian_noise,2,077,0.9090909090909091,1.0,0.9523809523809523,10
gaussian_noise,2,078,1.0,0.9,0.9473684210526316,10
gaussian_noise,2,079,0.8888888888888888,0.8,0.8421052631578948,10
gaussian_noise,2,080,1.0,0.9,0.9473684210526316,10
gaussian_noise,2,081,1.0,1.0,1.0,10
gaussian_noise,2,082,1.0,1.0,1.0,10
gaussian_noise,2,083,1.0,1.0,1.0,10
gaussian_noise,2,084,1.0,0.6,0.7499999999999999,10
gaussian_noise,2,085,0.9090909090909091,1.0,0.9523809523809523,10
gaussian_noise,2,086,0.9090909090909091,1.0,0.9523809523809523,10
gaussian_noise,2,087,0.7692307692307693,1.0,0.8695652173913044,10
gaussian_noise,2,088,0.7142857142857143,1.0,0.8333333333333333,10
gaussian_noise,2,089,1.0,0.9,0.9473684210526316,10
gaussian_noise,2,090,1.0,0.7,0.8235294117647058,10
gaussian_noise,2,091,1.0,1.0,1.0,10
gaussian_noise,2,092,1.0,0.9,0.9473684210526316,10
gaussian_noise,2,093,1.0,1.0,1.0,10
gaussian_noise,2,094,0.6428571428571429,0.9,0.75,10
gaussian_noise,2,095,1.0,1.0,1.0,10
gaussian_noise,2,096,1.0,0.9,0.9473684210526316,10
gaussian_noise,2,097,1.0,1.0,1.0,10
gaussian_noise,2,098,0.9,0.9,0.9,10
gaussian_noise,2,099,0.9,0.9,0.9,10
gaussian_noise,2,100,1.0,1.0,1.0,10
gaussian_noise,2,101,1.0,1.0,1.0,10
gaussian_noise,2,102,1.0,0.9,0.9473684210526316,10
gaussian_noise,2,103,1.0,0.8,0.888888888888889,10
gaussian_noise,2,104,1.0,0.9,0.9473684210526316,10
gaussian_noise,2,105,0.9090909090909091,1.0,0.9523809523809523,10
gaussian_noise,2,106,1.0,0.7,0.8235294117647058,10
gaussian_noise,2,107,0.9090909090909091,1.0,0.9523809523809523,10
gaussian_noise,2,108,1.0,0.9,0.9473684210526316,10
gaussian_noise,2,109,0.9,0.9,0.9,10
gaussian_noise,2,110,1.0,0.8,0.888888888888889,10
gaussian_noise,2,111,1.0,0.9,0.9473684210526316,10
gaussian_noise,2,112,1.0,0.9,0.9473684210526316,10
gaussian_noise,2,113,1.0,1.0,1.0,10
gaussian_noise,2,114,0.9090909090909091,1.0,0.9523809523809523,10
gaussian_noise,2,115,1.0,0.8,0.888888888888889,10
gaussian_noise,2,116,1.0,1.0,1.0,10
gaussian_noise,2,117,1.0,1.0,1.0,10
gaussian_noise,2,118,1.0,1.0,1.0,10
gaussian_noise,2,119,0.875,0.7,0.7777777777777777,10
gaussian_noise,2,120,0.9090909090909091,1.0,0.9523809523809523,10
gaussian_noise,2,121,0.5454545454545454,0.6,0.5714285714285713,10
gaussian_noise,2,122,0.8333333333333334,0.5,0.625,10
gaussian_noise,2,123,0.9,0.9,0.9,10
gaussian_noise,2,124,1.0,1.0,1.0,10
gaussian_noise,2,125,0.9,0.9,0.9,10
gaussian_noise,2,126,1.0,0.9,0.9473684210526316,10
gaussian_noise,2,127,1.0,0.7,0.8235294117647058,10
gaussian_noise,2,128,0.8571428571428571,0.6,0.7058823529411764,10
gaussian_noise,2,129,1.0,0.9,0.9473684210526316,10
gaussian_noise,2,130,0.8,0.8,0.8000000000000002,10
gaussian_noise,2,131,0.6666666666666666,0.8,0.7272727272727272,10
gaussian_noise,2,132,0.9,0.9,0.9,10
gaussian_noise,2,133,1.0,0.8,0.888888888888889,10
gaussian_noise,2,134,0.9,0.9,0.9,10
gaussian_noise,2,135,0.625,1.0,0.7692307692307693,10
gaussian_noise,2,136,0.8,0.8,0.8000000000000002,10
gaussian_noise,2,137,0.8333333333333334,1.0,0.9090909090909091,10
gaussian_noise,2,138,0.8,0.8,0.8000000000000002,10
gaussian_noise,2,139,0.625,0.5,0.5555555555555556,10
gaussian_noise,2,140,0.7,0.7,0.7,10
gaussian_noise,2,141,0.8333333333333334,1.0,0.9090909090909091,10
gaussian_noise,2,142,0.875,0.7,0.7777777777777777,10
gaussian_noise,2,143,0.8571428571428571,0.6,0.7058823529411764,10
gaussian_noise,2,144,0.9090909090909091,1.0,0.9523809523809523,10
gaussian_noise,2,145,0.9090909090909091,1.0,0.9523809523809523,10
gaussian_noise,2,146,1.0,1.0,1.0,10
gaussian_noise,2,147,1.0,0.9,0.9473684210526316,10
gaussian_noise,2,148,1.0,1.0,1.0,10
gaussian_noise,2,149,1.0,0.9,0.9473684210526316,10
gaussian_noise,2,150,0.9,0.9,0.9,10
gaussian_noise,2,151,0.9090909090909091,1.0,0.9523809523809523,10
gaussian_noise,2,152,0.8181818181818182,0.9,0.8571428571428572,10
gaussian_noise,2,153,0.9090909090909091,1.0,0.9523809523809523,10
gaussian_noise,2,154,0.9,0.9,0.9,10
gaussian_noise,2,155,0.7272727272727273,0.8,0.761904761904762,10
gaussian_noise,2,156,0.8571428571428571,0.6,0.7058823529411764,10
gaussian_noise,2,157,0.5714285714285714,0.4,0.47058823529411764,10
gaussian_noise,2,158,0.7777777777777778,0.7,0.7368421052631577,10
gaussian_noise,2,159,0.7272727272727273,0.8,0.761904761904762,10
gaussian_noise,2,160,0.5714285714285714,0.8,0.6666666666666666,10
gaussian_noise,2,161,0.6,0.6,0.6,10
gaussian_noise,2,162,1.0,0.8,0.888888888888889,10
gaussian_noise,2,163,0.8181818181818182,0.9,0.8571428571428572,10
gaussian_noise,2,164,0.7692307692307693,1.0,0.8695652173913044,10
gaussian_noise,2,165,0.6363636363636364,0.7,0.6666666666666666,10
gaussian_noise,2,166,0.75,0.6,0.6666666666666665,10
gaussian_noise,2,167,1.0,0.8,0.888888888888889,10
gaussian_noise,2,168,0.8888888888888888,0.8,0.8421052631578948,10
gaussian_noise,2,169,0.8,0.8,0.8000000000000002,10
gaussian_noise,2,170,0.8333333333333334,1.0,0.9090909090909091,10
gaussian_noise,2,171,0.6923076923076923,0.9,0.7826086956521738,10
gaussian_noise,2,172,0.75,0.9,0.8181818181818182,10
gaussian_noise,2,173,1.0,0.9,0.9473684210526316,10
gaussian_noise,2,174,0.8888888888888888,0.8,0.8421052631578948,10
gaussian_noise,2,175,0.8,0.8,0.8000000000000002,10
gaussian_noise,2,176,0.6666666666666666,1.0,0.8,10
gaussian_noise,2,177,0.875,0.7,0.7777777777777777,10
gaussian_noise,2,178,1.0,0.5,0.6666666666666666,10
gaussian_noise,2,179,1.0,0.7,0.8235294117647058,10
gaussian_noise,2,180,0.5,0.4,0.4444444444444445,10
gaussian_noise,2,181,0.8888888888888888,0.8,0.8421052631578948,10
gaussian_noise,2,182,0.6,0.6,0.6,10
gaussian_noise,2,183,0.7692307692307693,1.0,0.8695652173913044,10
gaussian_noise,2,184,1.0,0.8,0.888888888888889,10
gaussian_noise,2,185,0.7272727272727273,0.8,0.761904761904762,10
gaussian_noise,2,186,0.9,0.9,0.9,10
gaussian_noise,2,187,0.6666666666666666,0.8,0.7272727272727272,10
gaussian_noise,2,188,0.8888888888888888,0.8,0.8421052631578948,10
gaussian_noise,2,189,1.0,1.0,1.0,10
gaussian_noise,2,190,0.9,0.9,0.9,10
gaussian_noise,2,191,0.8888888888888888,0.8,0.8421052631578948,10
gaussian_noise,2,192,1.0,0.8,0.888888888888889,10
gaussian_noise,2,193,1.0,0.6,0.7499999999999999,10
gaussian_noise,2,194,1.0,0.8,0.888888888888889,10
gaussian_noise,2,195,0.8888888888888888,0.8,0.8421052631578948,10
gaussian_noise,2,196,0.9090909090909091,1.0,0.9523809523809523,10
gaussian_noise,2,197,0.7,0.7,0.7,10
gaussian_noise,2,198,0.8571428571428571,0.6,0.7058823529411764,10
gaussian_noise,2,199,0.7777777777777778,0.7,0.7368421052631577,10
gaussian_noise,2,200,1.0,0.8,0.888888888888889,10
gaussian_noise,2,201,1.0,0.8,0.888888888888889,10
gaussian_noise,2,202,0.7,0.7,0.7,10
gaussian_noise,2,203,0.6363636363636364,0.7,0.6666666666666666,10
gaussian_noise,2,204,0.6666666666666666,0.8,0.7272727272727272,10
gaussian_noise,2,205,0.7142857142857143,1.0,0.8333333333333333,10
gaussian_noise,2,206,0.8571428571428571,0.6,0.7058823529411764,10
gaussian_noise,2,207,0.7142857142857143,1.0,0.8333333333333333,10
gaussian_noise,2,208,0.9,0.9,0.9,10
gaussian_noise,2,209,0.7777777777777778,0.7,0.7368421052631577,10
gaussian_noise,2,210,0.6923076923076923,0.9,0.7826086956521738,10
gaussian_noise,2,211,0.8181818181818182,0.9,0.8571428571428572,10
gaussian_noise,2,212,0.75,0.6,0.6666666666666665,10
gaussian_noise,2,213,1.0,0.7,0.8235294117647058,10
gaussian_noise,2,214,0.5833333333333334,0.7,0.6363636363636365,10
gaussian_noise,2,215,0.8181818181818182,0.9,0.8571428571428572,10
gaussian_noise,2,216,0.8,0.8,0.8000000000000002,10
gaussian_noise,2,217,0.8333333333333334,0.5,0.625,10
gaussian_noise,2,218,1.0,0.9,0.9473684210526316,10
gaussian_noise,2,219,0.875,0.7,0.7777777777777777,10
gaussian_noise,2,220,0.6153846153846154,0.8,0.6956521739130435,10
gaussian_noise,2,221,1.0,0.8,0.888888888888889,10
gaussian_noise,2,222,0.8333333333333334,1.0,0.9090909090909091,10
gaussian_noise,2,223,1.0,1.0,1.0,10
gaussian_noise,2,224,0.8571428571428571,0.6,0.7058823529411764,10
gaussian_noise,2,225,0.43478260869565216,1.0,0.6060606060606061,10
gaussian_noise,2,226,0.9,0.9,0.9,10
gaussian_noise,2,227,0.4166666666666667,0.5,0.45454545454545453,10
gaussian_noise,2,228,0.8333333333333334,0.5,0.625,10
gaussian_noise,2,229,0.8181818181818182,0.9,0.8571428571428572,10
gaussian_noise,2,230,1.0,0.9,0.9473684210526316,10
gaussian_noise,2,231,0.8181818181818182,0.9,0.8571428571428572,10
gaussian_noise,2,232,0.6666666666666666,0.8,0.7272727272727272,10
gaussian_noise,2,233,0.75,0.6,0.6666666666666665,10
gaussian_noise,2,234,1.0,0.9,0.9473684210526316,10
gaussian_noise,2,235,0.8181818181818182,0.9,0.8571428571428572,10
gaussian_noise,2,236,1.0,1.0,1.0,10
gaussian_noise,2,237,0.8888888888888888,0.8,0.8421052631578948,10
gaussian_noise,2,238,0.8333333333333334,1.0,0.9090909090909091,10
gaussian_noise,2,239,1.0,0.8,0.888888888888889,10
gaussian_noise,2,240,0.875,0.7,0.7777777777777777,10
gaussian_noise,2,241,0.75,0.9,0.8181818181818182,10
gaussian_noise,2,242,1.0,0.6,0.7499999999999999,10
gaussian_noise,2,243,1.0,1.0,1.0,10
gaussian_noise,2,244,0.9,0.9,0.9,10
gaussian_noise,2,245,0.6666666666666666,0.8,0.7272727272727272,10
gaussian_noise,2,246,0.7142857142857143,0.5,0.588235294117647,10
gaussian_noise,2,247,0.6,0.3,0.4,10
gaussian_noise,2,248,0.8888888888888888,0.8,0.8421052631578948,10
gaussian_noise,2,249,0.6153846153846154,0.8,0.6956521739130435,10
gaussian_noise,2,250,0.8333333333333334,1.0,0.9090909090909091,10
gaussian_noise,2,251,1.0,1.0,1.0,10
gaussian_noise,2,252,1.0,0.8,0.888888888888889,10
gaussian_noise,2,253,0.8888888888888888,0.8,0.8421052631578948,10
gaussian_noise,2,254,0.8181818181818182,0.9,0.8571428571428572,10
gaussian_noise,2,255,1.0,1.0,1.0,10
gaussian_noise,2,256,0.5555555555555556,0.5,0.5263157894736842,10
gaussian_noise,2,257,0.7142857142857143,1.0,0.8333333333333333,10
gaussian_noise,2,258,1.0,0.6,0.7499999999999999,10
gaussian_noise,2,259,0.7272727272727273,0.8,0.761904761904762,10
gaussian_noise,2,260,0.75,0.9,0.8181818181818182,10
gaussian_noise,2,261,0.9090909090909091,1.0,0.9523809523809523,10
gaussian_noise,2,262,0.8181818181818182,0.9,0.8571428571428572,10
gaussian_noise,2,263,0.8181818181818182,0.9,0.8571428571428572,10
gaussian_noise,2,264,0.9090909090909091,1.0,0.9523809523809523,10
gaussian_noise,2,265,0.5454545454545454,0.6,0.5714285714285713,10
gaussian_noise,2,266,0.8181818181818182,0.9,0.8571428571428572,10
gaussian_noise,2,267,0.875,0.7,0.7777777777777777,10
gaussian_noise,2,268,0.9,0.9,0.9,10
gaussian_noise,2,269,0.8333333333333334,1.0,0.9090909090909091,10
gaussian_noise,2,270,0.8333333333333334,1.0,0.9090909090909091,10
gaussian_noise,2,271,0.6923076923076923,0.9,0.7826086956521738,10
gaussian_noise,2,272,0.9090909090909091,1.0,0.9523809523809523,10
gaussian_noise,2,273,0.75,0.9,0.8181818181818182,10
gaussian_noise,2,274,1.0,0.6,0.7499999999999999,10
gaussian_noise,2,275,0.8,0.8,0.8000000000000002,10
gaussian_noise,2,276,0.6923076923076923,0.9,0.7826086956521738,10
gaussian_noise,2,277,0.75,0.9,0.8181818181818182,10
gaussian_noise,2,278,0.6666666666666666,0.6,0.631578947368421,10
gaussian_noise,2,279,0.8333333333333334,1.0,0.9090909090909091,10
gaussian_noise,2,280,1.0,0.9,0.9473684210526316,10
gaussian_noise,2,281,0.8333333333333334,1.0,0.9090909090909091,10
gaussian_noise,2,282,0.8,0.8,0.8000000000000002,10
gaussian_noise,2,283,0.9090909090909091,1.0,0.9523809523809523,10
gaussian_noise,2,284,0.9,0.9,0.9,10
gaussian_noise,2,285,1.0,1.0,1.0,10
gaussian_noise,2,286,0.8888888888888888,0.8,0.8421052631578948,10
gaussian_noise,2,287,0.8571428571428571,0.6,0.7058823529411764,10
gaussian_noise,2,288,0.9,0.9,0.9,10
gaussian_noise,2,289,0.9090909090909091,1.0,0.9523809523809523,10
gaussian_noise,2,290,1.0,0.8,0.888888888888889,10
gaussian_noise,2,291,1.0,1.0,1.0,10
gaussian_noise,2,292,0.9,0.9,0.9,10
gaussian_noise,2,293,0.9,0.9,0.9,10
gaussian_noise,2,294,0.7777777777777778,0.7,0.7368421052631577,10
gaussian_noise,2,295,1.0,0.9,0.9473684210526316,10
gaussian_noise,2,296,0.8181818181818182,0.9,0.8571428571428572,10
gaussian_noise,2,297,1.0,0.9,0.9473684210526316,10
gaussian_noise,2,298,0.9090909090909091,1.0,0.9523809523809523,10
gaussian_noise,2,299,0.7142857142857143,1.0,0.8333333333333333,10
gaussian_noise,2,300,0.8333333333333334,1.0,0.9090909090909091,10
gaussian_noise,2,301,1.0,1.0,1.0,10
gaussian_noise,2,302,1.0,1.0,1.0,10
gaussian_noise,2,303,0.9090909090909091,1.0,0.9523809523809523,10
gaussian_noise,2,304,0.9090909090909091,1.0,0.9523809523809523,10
gaussian_noise,2,305,1.0,0.8,0.888888888888889,10
gaussian_noise,2,306,0.9,0.9,0.9,10
gaussian_noise,2,307,1.0,1.0,1.0,10
gaussian_noise,2,308,0.6666666666666666,0.8,0.7272727272727272,10
gaussian_noise,2,309,0.9090909090909091,1.0,0.9523809523809523,10
gaussian_noise,2,310,0.8888888888888888,0.8,0.8421052631578948,10
gaussian_noise,2,311,1.0,1.0,1.0,10
gaussian_noise,2,312,0.9,0.9,0.9,10
gaussian_noise,2,313,0.9,0.9,0.9,10
gaussian_noise,2,314,0.8888888888888888,0.8,0.8421052631578948,10
gaussian_noise,2,315,0.9090909090909091,1.0,0.9523809523809523,10
gaussian_noise,2,316,1.0,1.0,1.0,10
gaussian_noise,2,317,1.0,1.0,1.0,10
gaussian_noise,2,318,0.8333333333333334,1.0,0.9090909090909091,10
gaussian_noise,2,319,1.0,0.9,0.9473684210526316,10
gaussian_noise,2,320,1.0,1.0,1.0,10
gaussian_noise,2,321,1.0,0.9,0.9473684210526316,10
gaussian_noise,2,322,0.46153846153846156,0.6,0.5217391304347826,10
gaussian_noise,2,323,1.0,0.9,0.9473684210526316,10
gaussian_noise,2,324,1.0,1.0,1.0,10
gaussian_noise,2,325,1.0,0.8,0.888888888888889,10
gaussian_noise,2,326,0.8333333333333334,1.0,0.9090909090909091,10
gaussian_noise,2,327,0.8181818181818182,0.9,0.8571428571428572,10
gaussian_noise,2,328,0.8333333333333334,1.0,0.9090909090909091,10
gaussian_noise,2,329,1.0,0.9,0.9473684210526316,10
gaussian_noise,2,330,0.8181818181818182,0.9,0.8571428571428572,10
gaussian_noise,2,331,0.8333333333333334,1.0,0.9090909090909091,10
gaussian_noise,2,332,0.7777777777777778,0.7,0.7368421052631577,10
gaussian_noise,2,333,0.46153846153846156,0.6,0.5217391304347826,10
gaussian_noise,2,334,1.0,0.8,0.888888888888889,10
gaussian_noise,2,335,0.5,0.5,0.5,10
gaussian_noise,2,336,0.7692307692307693,1.0,0.8695652173913044,10
gaussian_noise,2,337,0.9,0.9,0.9,10
gaussian_noise,2,338,0.7777777777777778,0.7,0.7368421052631577,10
gaussian_noise,2,339,1.0,0.9,0.9473684210526316,10
gaussian_noise,2,340,0.9090909090909091,1.0,0.9523809523809523,10
gaussian_noise,2,341,0.75,0.9,0.8181818181818182,10
gaussian_noise,2,342,0.8333333333333334,1.0,0.9090909090909091,10
gaussian_noise,2,343,0.875,0.7,0.7777777777777777,10
gaussian_noise,2,344,1.0,1.0,1.0,10
gaussian_noise,2,345,1.0,1.0,1.0,10
gaussian_noise,2,346,1.0,0.5,0.6666666666666666,10
gaussian_noise,2,347,0.6923076923076923,0.9,0.7826086956521738,10
gaussian_noise,2,348,0.8888888888888888,0.8,0.8421052631578948,10
gaussian_noise,2,349,0.7272727272727273,0.8,0.761904761904762,10
gaussian_noise,2,350,1.0,1.0,1.0,10
gaussian_noise,2,351,1.0,0.8,0.888888888888889,10
gaussian_noise,2,352,1.0,0.9,0.9473684210526316,10
gaussian_noise,2,353,0.8888888888888888,0.8,0.8421052631578948,10
gaussian_noise,2,354,0.8888888888888888,0.8,0.8421052631578948,10
gaussian_noise,2,355,1.0,1.0,1.0,10
gaussian_noise,2,356,1.0,1.0,1.0,10
gaussian_noise,2,357,0.8888888888888888,0.8,0.8421052631578948,10
gaussian_noise,2,358,0.8181818181818182,0.9,0.8571428571428572,10
gaussian_noise,2,359,1.0,0.9,0.9473684210526316,10
gaussian_noise,2,360,0.8181818181818182,0.9,0.8571428571428572,10
gaussian_noise,2,361,1.0,0.9,0.9473684210526316,10
gaussian_noise,2,362,1.0,1.0,1.0,10
gaussian_noise,2,363,0.8333333333333334,1.0,0.9090909090909091,10
gaussian_noise,2,364,1.0,0.9,0.9473684210526316,10
gaussian_noise,2,365,0.9,0.9,0.9,10
gaussian_noise,2,366,1.0,1.0,1.0,10
gaussian_noise,2,367,0.9,0.9,0.9,10
gaussian_noise,2,368,0.6666666666666666,1.0,0.8,10
gaussian_noise,2,369,0.875,0.7,0.7777777777777777,10
gaussian_noise,2,370,1.0,1.0,1.0,10
gaussian_noise,2,371,1.0,0.9,0.9473684210526316,10
gaussian_noise,2,372,0.8888888888888888,0.8,0.8421052631578948,10
gaussian_noise,2,373,1.0,0.7,0.8235294117647058,10
gaussian_noise,2,374,1.0,0.4,0.5714285714285715,10
gaussian_noise,2,375,1.0,1.0,1.0,10
gaussian_noise,2,376,1.0,1.0,1.0,10
gaussian_noise,2,377,1.0,0.9,0.9473684210526316,10
gaussian_noise,2,378,1.0,1.0,1.0,10
gaussian_noise,2,379,0.8888888888888888,0.8,0.8421052631578948,10
gaussian_noise,2,380,0.9090909090909091,1.0,0.9523809523809523,10
gaussian_noise,2,381,0.7272727272727273,0.8,0.761904761904762,10
gaussian_noise,2,382,1.0,1.0,1.0,10
gaussian_noise,2,383,0.8888888888888888,0.8,0.8421052631578948,10
gaussian_noise,2,384,1.0,0.9,0.9473684210526316,10
gaussian_noise,2,385,0.6923076923076923,0.9,0.7826086956521738,10
gaussian_noise,2,386,1.0,0.9,0.9473684210526316,10
gaussian_noise,2,387,0.7777777777777778,0.7,0.7368421052631577,10
gaussian_noise,2,388,1.0,0.6,0.7499999999999999,10
gaussian_noise,2,389,0.7777777777777778,0.7,0.7368421052631577,10
gaussian_noise,2,390,0.7,0.7,0.7,10
gaussian_noise,2,391,1.0,0.9,0.9473684210526316,10
gaussian_noise,2,392,0.8333333333333334,1.0,0.9090909090909091,10
gaussian_noise,2,393,0.6428571428571429,0.9,0.75,10
gaussian_noise,2,394,1.0,0.8,0.888888888888889,10
gaussian_noise,2,395,0.8333333333333334,1.0,0.9090909090909091,10
gaussian_noise,2,396,1.0,1.0,1.0,10
gaussian_noise,2,397,1.0,1.0,1.0,10
gaussian_noise,2,398,0.8333333333333334,1.0,0.9090909090909091,10
gaussian_noise,2,399,0.7692307692307693,1.0,0.8695652173913044,10
gaussian_noise,2,400,0.8888888888888888,0.8,0.8421052631578948,10
gaussian_noise,2,401,1.0,1.0,1.0,10
gaussian_noise,2,402,1.0,0.9,0.9473684210526316,10
gaussian_noise,2,403,1.0,1.0,1.0,10
gaussian_noise,2,404,1.0,1.0,1.0,10
gaussian_noise,2,405,0.9090909090909091,1.0,0.9523809523809523,10
gaussian_noise,2,406,1.0,1.0,1.0,10
gaussian_noise,2,407,0.7142857142857143,1.0,0.8333333333333333,10
gaussian_noise,2,408,0.875,0.7,0.7777777777777777,10
gaussian_noise,2,409,1.0,0.9,0.9473684210526316,10
gaussian_noise,2,410,0.75,0.6,0.6666666666666665,10
gaussian_noise,2,411,1.0,1.0,1.0,10
gaussian_noise,2,412,1.0,0.9,0.9473684210526316,10
gaussian_noise,2,413,0.9090909090909091,1.0,0.9523809523809523,10
gaussian_noise,2,414,1.0,0.9,0.9473684210526316,10
gaussian_noise,2,415,1.0,1.0,1.0,10
gaussian_noise,2,416,0.7692307692307693,1.0,0.8695652173913044,10
gaussian_noise,2,417,1.0,1.0,1.0,10
gaussian_noise,2,418,0.9,0.9,0.9,10
gaussian_noise,2,419,0.9090909090909091,1.0,0.9523809523809523,10
gaussian_noise,2,420,0.8333333333333334,1.0,0.9090909090909091,10
gaussian_noise,2,421,1.0,1.0,1.0,10
gaussian_noise,2,422,0.9,0.9,0.9,10
gaussian_noise,2,423,0.6923076923076923,0.9,0.7826086956521738,10
gaussian_noise,2,424,1.0,1.0,1.0,10
gaussian_noise,2,425,1.0,1.0,1.0,10
gaussian_noise,2,426,1.0,0.9,0.9473684210526316,10
gaussian_noise,2,427,1.0,1.0,1.0,10
gaussian_noise,2,428,0.8,0.8,0.8000000000000002,10
gaussian_noise,2,429,0.9,0.9,0.9,10
gaussian_noise,2,430,0.9090909090909091,1.0,0.9523809523809523,10
gaussian_noise,2,431,1.0,0.8,0.888888888888889,10
gaussian_noise,2,432,0.8181818181818182,0.9,0.8571428571428572,10
gaussian_noise,2,433,1.0,0.9,0.9473684210526316,10
gaussian_noise,2,434,1.0,0.8,0.888888888888889,10
gaussian_noise,2,435,0.8181818181818182,0.9,0.8571428571428572,10
gaussian_noise,2,436,1.0,0.8,0.888888888888889,10
gaussian_noise,2,437,0.9,0.9,0.9,10
gaussian_noise,2,438,0.7,0.7,0.7,10
gaussian_noise,2,439,0.8,0.8,0.8000000000000002,10
gaussian_noise,2,440,1.0,1.0,1.0,10
gaussian_noise,2,441,1.0,0.7,0.8235294117647058,10
gaussian_noise,2,442,0.75,0.6,0.6666666666666665,10
gaussian_noise,2,443,1.0,1.0,1.0,10
gaussian_noise,2,444,1.0,1.0,1.0,10
gaussian_noise,2,445,1.0,0.9,0.9473684210526316,10
gaussian_noise,2,446,0.8888888888888888,0.8,0.8421052631578948,10
gaussian_noise,2,447,1.0,0.9,0.9473684210526316,10
gaussian_noise,2,448,1.0,0.8,0.888888888888889,10
gaussian_noise,2,449,0.8,0.8,0.8000000000000002,10
gaussian_noise,2,450,1.0,1.0,1.0,10
gaussian_noise,2,451,1.0,0.8,0.888888888888889,10
gaussian_noise,2,452,1.0,1.0,1.0,10
gaussian_noise,2,453,0.9090909090909091,1.0,0.9523809523809523,10
gaussian_noise,2,454,0.9090909090909091,1.0,0.9523809523809523,10
gaussian_noise,2,455,0.7777777777777778,0.7,0.7368421052631577,10
gaussian_noise,2,456,0.7,0.7,0.7,10
gaussian_noise,2,457,1.0,1.0,1.0,10
gaussian_noise,2,458,0.9,0.9,0.9,10
gaussian_noise,2,459,1.0,1.0,1.0,10
gaussian_noise,2,460,1.0,1.0,1.0,10
gaussian_noise,2,461,0.8333333333333334,1.0,0.9090909090909091,10
gaussian_noise,2,462,0.7777777777777778,0.7,0.7368421052631577,10
gaussian_noise,2,463,0.8181818181818182,0.9,0.8571428571428572,10
gaussian_noise,2,464,1.0,0.9,0.9473684210526316,10
gaussian_noise,2,465,0.7272727272727273,0.8,0.761904761904762,10
gaussian_noise,2,466,0.7142857142857143,0.5,0.588235294117647,10
gaussian_noise,2,467,0.8571428571428571,0.6,0.7058823529411764,10
gaussian_noise,2,468,0.6666666666666666,0.8,0.7272727272727272,10
gaussian_noise,2,469,0.7142857142857143,1.0,0.8333333333333333,10
gaussian_noise,2,470,1.0,0.8,0.888888888888889,10
gaussian_noise,2,471,1.0,1.0,1.0,10
gaussian_noise,2,472,0.7272727272727273,0.8,0.761904761904762,10
gaussian_noise,2,473,1.0,0.9,0.9473684210526316,10
gaussian_noise,2,474,1.0,1.0,1.0,10
gaussian_noise,2,475,1.0,1.0,1.0,10
gaussian_noise,2,476,0.6666666666666666,0.8,0.7272727272727272,10
gaussian_noise,2,477,0.9090909090909091,1.0,0.9523809523809523,10
gaussian_noise,2,478,0.8,0.8,0.8000000000000002,10
gaussian_noise,2,479,0.9,0.9,0.9,10
gaussian_noise,2,480,0.9090909090909091,1.0,0.9523809523809523,10
gaussian_noise,2,481,0.8888888888888888,0.8,0.8421052631578948,10
gaussian_noise,2,482,1.0,0.9,0.9473684210526316,10
gaussian_noise,2,483,0.7692307692307693,1.0,0.8695652173913044,10
gaussian_noise,2,484,0.6666666666666666,1.0,0.8,10
gaussian_noise,2,485,0.9,0.9,0.9,10
gaussian_noise,2,486,0.9,0.9,0.9,10
gaussian_noise,2,487,0.8181818181818182,0.9,0.8571428571428572,10
gaussian_noise,2,488,0.6666666666666666,1.0,0.8,10
gaussian_noise,2,489,1.0,0.9,0.9473684210526316,10
gaussian_noise,2,490,0.9,0.9,0.9,10
gaussian_noise,2,491,1.0,1.0,1.0,10
gaussian_noise,2,492,0.6923076923076923,0.9,0.7826086956521738,10
gaussian_noise,2,493,0.75,0.9,0.8181818181818182,10
gaussian_noise,2,494,0.6666666666666666,0.8,0.7272727272727272,10
gaussian_noise,2,495,0.625,0.5,0.5555555555555556,10
gaussian_noise,2,496,0.7272727272727273,0.8,0.761904761904762,10
gaussian_noise,2,497,0.625,0.5,0.5555555555555556,10
gaussian_noise,2,498,0.7692307692307693,1.0,0.8695652173913044,10
gaussian_noise,2,499,0.8888888888888888,0.8,0.8421052631578948,10
gaussian_noise,3,000,1.0,1.0,1.0,10
gaussian_noise,3,001,1.0,0.7,0.8235294117647058,10
gaussian_noise,3,002,1.0,1.0,1.0,10
gaussian_noise,3,003,1.0,1.0,1.0,10
gaussian_noise,3,004,0.7142857142857143,1.0,0.8333333333333333,10
gaussian_noise,3,005,0.8,0.8,0.8000000000000002,10
gaussian_noise,3,006,0.8,0.8,0.8000000000000002,10
gaussian_noise,3,007,0.6153846153846154,0.8,0.6956521739130435,10
gaussian_noise,3,008,0.7777777777777778,0.7,0.7368421052631577,10
gaussian_noise,3,009,1.0,1.0,1.0,10
gaussian_noise,3,010,0.9,0.9,0.9,10
gaussian_noise,3,011,0.9,0.9,0.9,10
gaussian_noise,3,012,0.9090909090909091,1.0,0.9523809523809523,10
gaussian_noise,3,013,0.8,0.8,0.8000000000000002,10
gaussian_noise,3,014,0.8181818181818182,0.9,0.8571428571428572,10
gaussian_noise,3,015,0.9090909090909091,1.0,0.9523809523809523,10
gaussian_noise,3,016,0.8181818181818182,0.9,0.8571428571428572,10
gaussian_noise,3,017,1.0,0.9,0.9473684210526316,10
gaussian_noise,3,018,0.9090909090909091,1.0,0.9523809523809523,10
gaussian_noise,3,019,1.0,0.9,0.9473684210526316,10
gaussian_noise,3,020,0.75,0.9,0.8181818181818182,10
gaussian_noise,3,021,0.9090909090909091,1.0,0.9523809523809523,10
gaussian_noise,3,022,0.8888888888888888,0.8,0.8421052631578948,10
gaussian_noise,3,023,0.625,1.0,0.7692307692307693,10
gaussian_noise,3,024,1.0,1.0,1.0,10
gaussian_noise,3,025,0.8,0.8,0.8000000000000002,10
gaussian_noise,3,026,0.8888888888888888,0.8,0.8421052631578948,10
gaussian_noise,3,027,1.0,0.9,0.9473684210526316,10
gaussian_noise,3,028,0.8888888888888888,0.8,0.8421052631578948,10
gaussian_noise,3,029,1.0,0.8,0.888888888888889,10
gaussian_noise,3,030,1.0,0.8,0.888888888888889,10
gaussian_noise,3,031,1.0,0.6,0.7499999999999999,10
gaussian_noise,3,032,0.75,0.9,0.8181818181818182,10
gaussian_noise,3,033,0.9,0.9,0.9,10
gaussian_noise,3,034,0.8333333333333334,1.0,0.9090909090909091,10
gaussian_noise,3,035,0.6923076923076923,0.9,0.7826086956521738,10
gaussian_noise,3,036,1.0,0.9,0.9473684210526316,10
gaussian_noise,3,037,0.7777777777777778,0.7,0.7368421052631577,10
gaussian_noise,3,038,0.875,0.7,0.7777777777777777,10
gaussian_noise,3,039,0.7777777777777778,0.7,0.7368421052631577,10
gaussian_noise,3,040,1.0,0.9,0.9473684210526316,10
gaussian_noise,3,041,0.9090909090909091,1.0,0.9523809523809523,10
gaussian_noise,3,042,0.9,0.9,0.9,10
gaussian_noise,3,043,1.0,0.9,0.9473684210526316,10
gaussian_noise,3,044,0.8888888888888888,0.8,0.8421052631578948,10
gaussian_noise,3,045,1.0,1.0,1.0,10
gaussian_noise,3,046,1.0,1.0,1.0,10
gaussian_noise,3,047,1.0,0.8,0.888888888888889,10
gaussian_noise,3,048,0.8888888888888888,0.8,0.8421052631578948,10
gaussian_noise,3,049,0.7777777777777778,0.7,0.7368421052631577,10
gaussian_noise,3,050,0.8888888888888888,0.8,0.8421052631578948,10
gaussian_noise,3,051,0.8333333333333334,1.0,0.9090909090909091,10
gaussian_noise,3,052,1.0,0.8,0.888888888888889,10
gaussian_noise,3,053,0.9,0.9,0.9,10
gaussian_noise,3,054,1.0,0.7,0.8235294117647058,10
gaussian_noise,3,055,0.9,0.9,0.9,10
gaussian_noise,3,056,1.0,0.6,0.7499999999999999,10
gaussian_noise,3,057,0.8,0.8,0.8000000000000002,10
gaussian_noise,3,058,1.0,1.0,1.0,10
gaussian_noise,3,059,0.9,0.9,0.9,10
gaussian_noise,3,060,1.0,1.0,1.0,10
gaussian_noise,3,061,1.0,1.0,1.0,10
gaussian_noise,3,062,1.0,1.0,1.0,10
gaussian_noise,3,063,0.9,0.9,0.9,10
gaussian_noise,3,064,1.0,0.6,0.7499999999999999,10
gaussian_noise,3,065,0.8888888888888888,0.8,0.8421052631578948,10
gaussian_noise,3,066,0.8333333333333334,1.0,0.9090909090909091,10
gaussian_noise,3,067,0.8333333333333334,0.5,0.625,10
gaussian_noise,3,068,1.0,1.0,1.0,10
gaussian_noise,3,069,0.7,0.7,0.7,10
gaussian_noise,3,070,1.0,1.0,1.0,10
gaussian_noise,3,071,0.75,0.9,0.8181818181818182,10
gaussian_noise,3,072,1.0,0.9,0.9473684210526316,10
gaussian_noise,3,073,0.9090909090909091,1.0,0.9523809523809523,10
gaussian_noise,3,074,0.8,0.8,0.8000000000000002,10
gaussian_noise,3,075,0.8181818181818182,0.9,0.8571428571428572,10
gaussian_noise,3,076,1.0,0.8,0.888888888888889,10
gaussian_noise,3,077,1.0,1.0,1.0,10
gaussian_noise,3,078,1.0,0.8,0.888888888888889,10
gaussian_noise,3,079,0.9,0.9,0.9,10
gaussian_noise,3,080,1.0,0.6,0.7499999999999999,10
gaussian_noise,3,081,0.8333333333333334,1.0,0.9090909090909091,10
gaussian_noise,3,082,0.9090909090909091,1.0,0.9523809523809523,10
gaussian_noise,3,083,1.0,1.0,1.0,10
gaussian_noise,3,084,1.0,0.5,0.6666666666666666,10
gaussian_noise,3,085,0.9,0.9,0.9,10
gaussian_noise,3,086,0.8333333333333334,1.0,0.9090909090909091,10
gaussian_noise,3,087,0.7142857142857143,1.0,0.8333333333333333,10
gaussian_noise,3,088,0.7692307692307693,1.0,0.8695652173913044,10
gaussian_noise,3,089,1.0,0.9,0.9473684210526316,10
gaussian_noise,3,090,1.0,0.7,0.8235294117647058,10
gaussian_noise,3,091,1.0,1.0,1.0,10
gaussian_noise,3,092,1.0,0.9,0.9473684210526316,10
gaussian_noise,3,093,1.0,1.0,1.0,10
gaussian_noise,3,094,0.6428571428571429,0.9,0.75,10
gaussian_noise,3,095,1.0,1.0,1.0,10
gaussian_noise,3,096,0.9,0.9,0.9,10
gaussian_noise,3,097,1.0,0.9,0.9473684210526316,10
gaussian_noise,3,098,0.8181818181818182,0.9,0.8571428571428572,10
gaussian_noise,3,099,0.8181818181818182,0.9,0.8571428571428572,10
gaussian_noise,3,100,1.0,1.0,1.0,10
gaussian_noise,3,101,0.9090909090909091,1.0,0.9523809523809523,10
gaussian_noise,3,102,1.0,0.9,0.9473684210526316,10
gaussian_noise,3,103,1.0,0.8,0.888888888888889,10
gaussian_noise,3,104,1.0,0.8,0.888888888888889,10
gaussian_noise,3,105,0.9090909090909091,1.0,0.9523809523809523,10
gaussian_noise,3,106,1.0,0.7,0.8235294117647058,10
gaussian_noise,3,107,0.9090909090909091,1.0,0.9523809523809523,10
gaussian_noise,3,108,1.0,0.9,0.9473684210526316,10
gaussian_noise,3,109,1.0,0.9,0.9473684210526316,10
gaussian_noise,3,110,0.8888888888888888,0.8,0.8421052631578948,10
gaussian_noise,3,111,0.9,0.9,0.9,10
gaussian_noise,3,112,1.0,0.9,0.9473684210526316,10
gaussian_noise,3,113,1.0,1.0,1.0,10
gaussian_noise,3,114,1.0,0.9,0.9473684210526316,10
gaussian_noise,3,115,1.0,0.8,0.888888888888889,10
gaussian_noise,3,116,1.0,1.0,1.0,10
gaussian_noise,3,117,1.0,1.0,1.0,10
gaussian_noise,3,118,1.0,0.9,0.9473684210526316,10
gaussian_noise,3,119,0.875,0.7,0.7777777777777777,10
gaussian_noise,3,120,0.9090909090909091,1.0,0.9523809523809523,10
gaussian_noise,3,121,0.5454545454545454,0.6,0.5714285714285713,10
gaussian_noise,3,122,0.8,0.4,0.5333333333333333,10
gaussian_noise,3,123,0.8181818181818182,0.9,0.8571428571428572,10
gaussian_noise,3,124,1.0,1.0,1.0,10
gaussian_noise,3,125,1.0,0.7,0.8235294117647058,10
gaussian_noise,3,126,1.0,0.8,0.888888888888889,10
gaussian_noise,3,127,0.75,0.6,0.6666666666666665,10
gaussian_noise,3,128,0.8888888888888888,0.8,0.8421052631578948,10
gaussian_noise,3,129,0.875,0.7,0.7777777777777777,10
gaussian_noise,3,130,0.8,0.8,0.8000000000000002,10
gaussian_noise,3,131,0.8,0.8,0.8000000000000002,10
gaussian_noise,3,132,0.8181818181818182,0.9,0.8571428571428572,10
gaussian_noise,3,133,0.8888888888888888,0.8,0.8421052631578948,10
gaussian_noise,3,134,0.9,0.9,0.9,10
gaussian_noise,3,135,0.625,1.0,0.7692307692307693,10
gaussian_noise,3,136,0.8,0.8,0.8000000000000002,10
gaussian_noise,3,137,0.75,0.9,0.8181818181818182,10
gaussian_noise,3,138,0.8,0.8,0.8000000000000002,10
gaussian_noise,3,139,0.5454545454545454,0.6,0.5714285714285713,10
gaussian_noise,3,140,0.75,0.6,0.6666666666666665,10
gaussian_noise,3,141,0.75,0.9,0.8181818181818182,10
gaussian_noise,3,142,1.0,0.7,0.8235294117647058,10
gaussian_noise,3,143,0.75,0.6,0.6666666666666665,10
gaussian_noise,3,144,0.9090909090909091,1.0,0.9523809523809523,10
gaussian_noise,3,145,1.0,0.9,0.9473684210526316,10
gaussian_noise,3,146,1.0,1.0,1.0,10
gaussian_noise,3,147,1.0,0.7,0.8235294117647058,10
gaussian_noise,3,148,1.0,1.0,1.0,10
gaussian_noise,3,149,1.0,0.9,0.9473684210526316,10
gaussian_noise,3,150,0.9,0.9,0.9,10
gaussian_noise,3,151,0.7692307692307693,1.0,0.8695652173913044,10
gaussian_noise,3,152,0.8,0.8,0.8000000000000002,10
gaussian_noise,3,153,0.9090909090909091,1.0,0.9523809523809523,10
gaussian_noise,3,154,0.9,0.9,0.9,10
gaussian_noise,3,155,0.8181818181818182,0.9,0.8571428571428572,10
gaussian_noise,3,156,0.8571428571428571,0.6,0.7058823529411764,10
gaussian_noise,3,157,0.6666666666666666,0.4,0.5,10
gaussian_noise,3,158,0.8571428571428571,0.6,0.7058823529411764,10
gaussian_noise,3,159,0.7272727272727273,0.8,0.761904761904762,10
gaussian_noise,3,160,0.4,0.6,0.48,10
gaussian_noise,3,161,0.5,0.4,0.4444444444444445,10
gaussian_noise,3,162,0.8888888888888888,0.8,0.8421052631578948,10
gaussian_noise,3,163,0.8181818181818182,0.9,0.8571428571428572,10
gaussian_noise,3,164,0.8181818181818182,0.9,0.8571428571428572,10
gaussian_noise,3,165,0.5384615384615384,0.7,0.608695652173913,10
gaussian_noise,3,166,0.75,0.6,0.6666666666666665,10
gaussian_noise,3,167,1.0,0.8,0.888888888888889,10
gaussian_noise,3,168,0.8888888888888888,0.8,0.8421052631578948,10
gaussian_noise,3,169,0.75,0.9,0.8181818181818182,10
gaussian_noise,3,170,0.75,0.9,0.8181818181818182,10
gaussian_noise,3,171,0.6,0.9,0.7200000000000001,10
gaussian_noise,3,172,0.8181818181818182,0.9,0.8571428571428572,10
gaussian_noise,3,173,1.0,0.9,0.9473684210526316,10
gaussian_noise,3,174,0.875,0.7,0.7777777777777777,10
gaussian_noise,3,175,0.6666666666666666,0.6,0.631578947368421,10
gaussian_noise,3,176,0.7142857142857143,1.0,0.8333333333333333,10
gaussian_noise,3,177,0.875,0.7,0.7777777777777777,10
gaussian_noise,3,178,0.7142857142857143,0.5,0.588235294117647,10
gaussian_noise,3,179,1.0,0.7,0.8235294117647058,10
gaussian_noise,3,180,0.5714285714285714,0.4,0.47058823529411764,10
gaussian_noise,3,181,0.6666666666666666,0.8,0.7272727272727272,10
gaussian_noise,3,182,0.6666666666666666,0.6,0.631578947368421,10
gaussian_noise,3,183,0.7142857142857143,1.0,0.8333333333333333,10
gaussian_noise,3,184,1.0,0.8,0.888888888888889,10
gaussian_noise,3,185,0.6666666666666666,0.8,0.7272727272727272,10
gaussian_noise,3,186,0.8181818181818182,0.9,0.8571428571428572,10
gaussian_noise,3,187,0.5714285714285714,0.8,0.6666666666666666,10
gaussian_noise,3,188,0.8888888888888888,0.8,0.8421052631578948,10
gaussian_noise,3,189,1.0,1.0,1.0,10
gaussian_noise,3,190,0.875,0.7,0.7777777777777777,10
gaussian_noise,3,191,0.8888888888888888,0.8,0.8421052631578948,10
gaussian_noise,3,192,1.0,0.8,0.888888888888889,10
gaussian_noise,3,193,1.0,0.5,0.6666666666666666,10
gaussian_noise,3,194,0.875,0.7,0.7777777777777777,10
gaussian_noise,3,195,0.7,0.7,0.7,10
gaussian_noise,3,196,0.8888888888888888,0.8,0.8421052631578948,10
gaussian_noise,3,197,0.6363636363636364,0.7,0.6666666666666666,10
gaussian_noise,3,198,0.625,0.5,0.5555555555555556,10
gaussian_noise,3,199,0.875,0.7,0.7777777777777777,10
gaussian_noise,3,200,1.0,0.8,0.888888888888889,10
gaussian_noise,3,201,1.0,0.8,0.888888888888889,10
gaussian_noise,3,202,0.6363636363636364,0.7,0.6666666666666666,10
gaussian_noise,3,203,0.6363636363636364,0.7,0.6666666666666666,10
gaussian_noise,3,204,0.6,0.9,0.7200000000000001,10
gaussian_noise,3,205,0.8333333333333334,1.0,0.9090909090909091,10
gaussian_noise,3,206,0.8333333333333334,0.5,0.625,10
gaussian_noise,3,207,0.8888888888888888,0.8,0.8421052631578948,10
gaussian_noise,3,208,0.75,0.9,0.8181818181818182,10
gaussian_noise,3,209,0.875,0.7,0.7777777777777777,10
gaussian_noise,3,210,0.6666666666666666,0.8,0.7272727272727272,10
gaussian_noise,3,211,1.0,1.0,1.0,10
gaussian_noise,3,212,0.7,0.7,0.7,10
gaussian_noise,3,213,1.0,0.7,0.8235294117647058,10
gaussian_noise,3,214,0.7777777777777778,0.7,0.7368421052631577,10
gaussian_noise,3,215,0.5714285714285714,0.8,0.6666666666666666,10
gaussian_noise,3,216,0.7777777777777778,0.7,0.7368421052631577,10
gaussian_noise,3,217,0.6666666666666666,0.6,0.631578947368421,10
gaussian_noise,3,218,0.8888888888888888,0.8,0.8421052631578948,10
gaussian_noise,3,219,0.7777777777777778,0.7,0.7368421052631577,10
gaussian_noise,3,220,0.5384615384615384,0.7,0.608695652173913,10
gaussian_noise,3,221,0.8888888888888888,0.8,0.8421052631578948,10
gaussian_noise,3,222,0.7142857142857143,1.0,0.8333333333333333,10
gaussian_noise,3,223,1.0,1.0,1.0,10
gaussian_noise,3,224,0.8571428571428571,0.6,0.7058823529411764,10
gaussian_noise,3,225,0.36,0.9,0.5142857142857143,10
gaussian_noise,3,226,0.8181818181818182,0.9,0.8571428571428572,10
gaussian_noise,3,227,0.4,0.6,0.48,10
gaussian_noise,3,228,0.8,0.4,0.5333333333333333,10
gaussian_noise,3,229,0.7272727272727273,0.8,0.761904761904762,10
gaussian_noise,3,230,0.875,0.7,0.7777777777777777,10
gaussian_noise,3,231,0.8,0.8,0.8000000000000002,10
gaussian_noise,3,232,0.6363636363636364,0.7,0.6666666666666666,10
gaussian_noise,3,233,0.7142857142857143,0.5,0.588235294117647,10
gaussian_noise,3,234,1.0,0.9,0.9473684210526316,10
gaussian_noise,3,235,0.7272727272727273,0.8,0.761904761904762,10
gaussian_noise,3,236,0.8571428571428571,0.6,0.7058823529411764,10
gaussian_noise,3,237,1.0,0.8,0.888888888888889,10
gaussian_noise,3,238,0.9090909090909091,1.0,0.9523809523809523,10
gaussian_noise,3,239,1.0,0.8,0.888888888888889,10
gaussian_noise,3,240,1.0,0.7,0.8235294117647058,10
gaussian_noise,3,241,0.8181818181818182,0.9,0.8571428571428572,10
gaussian_noise,3,242,0.8333333333333334,0.5,0.625,10
gaussian_noise,3,243,0.8333333333333334,1.0,0.9090909090909091,10
gaussian_noise,3,244,0.9,0.9,0.9,10
gaussian_noise,3,245,0.7272727272727273,0.8,0.761904761904762,10
gaussian_noise,3,246,0.5555555555555556,0.5,0.5263157894736842,10
gaussian_noise,3,247,0.4,0.2,0.26666666666666666,10
gaussian_noise,3,248,0.875,0.7,0.7777777777777777,10
gaussian_noise,3,249,0.7272727272727273,0.8,0.761904761904762,10
gaussian_noise,3,250,0.9090909090909091,1.0,0.9523809523809523,10
gaussian_noise,3,251,1.0,1.0,1.0,10
gaussian_noise,3,252,1.0,0.8,0.888888888888889,10
gaussian_noise,3,253,0.8,0.8,0.8000000000000002,10
gaussian_noise,3,254,0.8181818181818182,0.9,0.8571428571428572,10
gaussian_noise,3,255,1.0,0.9,0.9473684210526316,10
gaussian_noise,3,256,0.5555555555555556,0.5,0.5263157894736842,10
gaussian_noise,3,257,0.7142857142857143,1.0,0.8333333333333333,10
gaussian_noise,3,258,0.7,0.7,0.7,10
gaussian_noise,3,259,0.8,0.8,0.8000000000000002,10
gaussian_noise,3,260,0.8888888888888888,0.8,0.8421052631578948,10
gaussian_noise,3,261,0.75,0.9,0.8181818181818182,10
gaussian_noise,3,262,0.8,0.8,0.8000000000000002,10
gaussian_noise,3,263,0.75,0.9,0.8181818181818182,10
gaussian_noise,3,264,0.9090909090909091,1.0,0.9523809523809523,10
gaussian_noise,3,265,0.45454545454545453,0.5,0.47619047619047616,10
gaussian_noise,3,266,0.6,0.9,0.7200000000000001,10
gaussian_noise,3,267,1.0,0.6,0.7499999999999999,10
gaussian_noise,3,268,0.8181818181818182,0.9,0.8571428571428572,10
gaussian_noise,3,269,0.8333333333333334,1.0,0.9090909090909091,10
gaussian_noise,3,270,0.8333333333333334,1.0,0.9090909090909091,10
gaussian_noise,3,271,0.6428571428571429,0.9,0.75,10
gaussian_noise,3,272,1.0,1.0,1.0,10
gaussian_noise,3,273,0.7272727272727273,0.8,0.761904761904762,10
gaussian_noise,3,274,1.0,0.5,0.6666666666666666,10
gaussian_noise,3,275,0.8,0.8,0.8000000000000002,10
gaussian_noise,3,276,0.7142857142857143,1.0,0.8333333333333333,10
gaussian_noise,3,277,0.6363636363636364,0.7,0.6666666666666666,10
gaussian_noise,3,278,0.75,0.6,0.6666666666666665,10
gaussian_noise,3,279,0.9090909090909091,1.0,0.9523809523809523,10
gaussian_noise,3,280,1.0,0.9,0.9473684210526316,10
gaussian_noise,3,281,0.7692307692307693,1.0,0.8695652173913044,10
gaussian_noise,3,282,0.8,0.8,0.8000000000000002,10
gaussian_noise,3,283,0.9090909090909091,1.0,0.9523809523809523,10
gaussian_noise,3,284,0.9,0.9,0.9,10
gaussian_noise,3,285,0.9090909090909091,1.0,0.9523809523809523,10
gaussian_noise,3,286,0.8888888888888888,0.8,0.8421052631578948,10
gaussian_noise,3,287,0.8571428571428571,0.6,0.7058823529411764,10
gaussian_noise,3,288,0.9,0.9,0.9,10
gaussian_noise,3,289,0.9090909090909091,1.0,0.9523809523809523,10
gaussian_noise,3,290,1.0,0.8,0.888888888888889,10
gaussian_noise,3,291,1.0,1.0,1.0,10
gaussian_noise,3,292,0.8888888888888888,0.8,0.8421052631578948,10
gaussian_noise,3,293,0.9090909090909091,1.0,0.9523809523809523,10
gaussian_noise,3,294,0.8888888888888888,0.8,0.8421052631578948,10
gaussian_noise,3,295,1.0,0.9,0.9473684210526316,10
gaussian_noise,3,296,0.9090909090909091,1.0,0.9523809523809523,10
gaussian_noise,3,297,1.0,0.9,0.9473684210526316,10
gaussian_noise,3,298,0.8333333333333334,1.0,0.9090909090909091,10
gaussian_noise,3,299,0.625,1.0,0.7692307692307693,10
gaussian_noise,3,300,0.8333333333333334,1.0,0.9090909090909091,10
gaussian_noise,3,301,0.9090909090909091,1.0,0.9523809523809523,10
gaussian_noise,3,302,0.9090909090909091,1.0,0.9523809523809523,10
gaussian_noise,3,303,0.9,0.9,0.9,10
gaussian_noise,3,304,0.9090909090909091,1.0,0.9523809523809523,10
gaussian_noise,3,305,1.0,0.6,0.7499999999999999,10
gaussian_noise,3,306,0.9,0.9,0.9,10
gaussian_noise,3,307,1.0,1.0,1.0,10
gaussian_noise,3,308,0.5714285714285714,0.8,0.6666666666666666,10
gaussian_noise,3,309,0.9090909090909091,1.0,0.9523809523809523,10
gaussian_noise,3,310,0.8888888888888888,0.8,0.8421052631578948,10
gaussian_noise,3,311,1.0,1.0,1.0,10
gaussian_noise,3,312,0.8181818181818182,0.9,0.8571428571428572,10
gaussian_noise,3,313,1.0,0.8,0.888888888888889,10
gaussian_noise,3,314,0.9,0.9,0.9,10
gaussian_noise,3,315,1.0,1.0,1.0,10
gaussian_noise,3,316,0.9090909090909091,1.0,0.9523809523809523,10
gaussian_noise,3,317,1.0,0.9,0.9473684210526316,10
gaussian_noise,3,318,0.8181818181818182,0.9,0.8571428571428572,10
gaussian_noise,3,319,1.0,0.9,0.9473684210526316,10
gaussian_noise,3,320,1.0,1.0,1.0,10
gaussian_noise,3,321,1.0,0.9,0.9473684210526316,10
gaussian_noise,3,322,0.3333333333333333,0.5,0.4,10
gaussian_noise,3,323,1.0,0.8,0.888888888888889,10
gaussian_noise,3,324,1.0,1.0,1.0,10
gaussian_noise,3,325,1.0,0.8,0.888888888888889,10
gaussian_noise,3,326,0.9090909090909091,1.0,0.9523809523809523,10
gaussian_noise,3,327,0.75,0.9,0.8181818181818182,10
gaussian_noise,3,328,0.8333333333333334,1.0,0.9090909090909091,10
gaussian_noise,3,329,1.0,0.9,0.9473684210526316,10
gaussian_noise,3,330,0.9,0.9,0.9,10
gaussian_noise,3,331,0.9090909090909091,1.0,0.9523809523809523,10
gaussian_noise,3,332,0.6,0.6,0.6,10
gaussian_noise,3,333,0.4666666666666667,0.7,0.56,10
gaussian_noise,3,334,0.9,0.9,0.9,10
gaussian_noise,3,335,0.5,0.5,0.5,10
gaussian_noise,3,336,0.7142857142857143,1.0,0.8333333333333333,10
gaussian_noise,3,337,0.75,0.9,0.8181818181818182,10
gaussian_noise,3,338,0.7,0.7,0.7,10
gaussian_noise,3,339,1.0,0.9,0.9473684210526316,10
gaussian_noise,3,340,0.7692307692307693,1.0,0.8695652173913044,10
gaussian_noise,3,341,0.8181818181818182,0.9,0.8571428571428572,10
gaussian_noise,3,342,0.8333333333333334,1.0,0.9090909090909091,10
gaussian_noise,3,343,1.0,0.6,0.7499999999999999,10
gaussian_noise,3,344,0.9090909090909091,1.0,0.9523809523809523,10
gaussian_noise,3,345,1.0,1.0,1.0,10
gaussian_noise,3,346,1.0,0.5,0.6666666666666666,10
gaussian_noise,3,347,0.6,0.9,0.7200000000000001,10
gaussian_noise,3,348,0.7272727272727273,0.8,0.761904761904762,10
gaussian_noise,3,349,0.8888888888888888,0.8,0.8421052631578948,10
gaussian_noise,3,350,1.0,1.0,1.0,10
gaussian_noise,3,351,1.0,0.9,0.9473684210526316,10
gaussian_noise,3,352,1.0,0.9,0.9473684210526316,10
gaussian_noise,3,353,0.6666666666666666,0.8,0.7272727272727272,10
gaussian_noise,3,354,1.0,0.8,0.888888888888889,10
gaussian_noise,3,355,0.8888888888888888,0.8,0.8421052631578948,10
gaussian_noise,3,356,0.9090909090909091,1.0,0.9523809523809523,10
gaussian_noise,3,357,1.0,0.7,0.8235294117647058,10
gaussian_noise,3,358,0.75,0.9,0.8181818181818182,10
gaussian_noise,3,359,1.0,0.9,0.9473684210526316,10
gaussian_noise,3,360,0.75,0.9,0.8181818181818182,10
gaussian_noise,3,361,1.0,0.9,0.9473684210526316,10
gaussian_noise,3,362,1.0,1.0,1.0,10
gaussian_noise,3,363,0.8333333333333334,1.0,0.9090909090909091,10
gaussian_noise,3,364,1.0,0.9,0.9473684210526316,10
gaussian_noise,3,365,0.8181818181818182,0.9,0.8571428571428572,10
gaussian_noise,3,366,0.8181818181818182,0.9,0.8571428571428572,10
gaussian_noise,3,367,0.9,0.9,0.9,10
gaussian_noise,3,368,0.47619047619047616,1.0,0.6451612903225806,10
gaussian_noise,3,369,0.875,0.7,0.7777777777777777,10
gaussian_noise,3,370,0.9090909090909091,1.0,0.9523809523809523,10
gaussian_noise,3,371,1.0,0.9,0.9473684210526316,10
gaussian_noise,3,372,0.8888888888888888,0.8,0.8421052631578948,10
gaussian_noise,3,373,0.875,0.7,0.7777777777777777,10
gaussian_noise,3,374,0.6666666666666666,0.4,0.5,10
gaussian_noise,3,375,1.0,1.0,1.0,10
gaussian_noise,3,376,0.8333333333333334,1.0,0.9090909090909091,10
gaussian_noise,3,377,1.0,0.9,0.9473684210526316,10
gaussian_noise,3,378,1.0,1.0,1.0,10
gaussian_noise,3,379,0.875,0.7,0.7777777777777777,10
gaussian_noise,3,380,0.9090909090909091,1.0,0.9523809523809523,10
gaussian_noise,3,381,0.7777777777777778,0.7,0.7368421052631577,10
gaussian_noise,3,382,1.0,0.9,0.9473684210526316,10
gaussian_noise,3,383,1.0,0.7,0.8235294117647058,10
gaussian_noise,3,384,0.9,0.9,0.9,10
gaussian_noise,3,385,0.6428571428571429,0.9,0.75,10
gaussian_noise,3,386,0.9,0.9,0.9,10
gaussian_noise,3,387,0.8,0.8,0.8000000000000002,10
gaussian_noise,3,388,1.0,0.4,0.5714285714285715,10
gaussian_noise,3,389,0.7,0.7,0.7,10
gaussian_noise,3,390,0.875,0.7,0.7777777777777777,10
gaussian_noise,3,391,1.0,0.9,0.9473684210526316,10
gaussian_noise,3,392,0.9,0.9,0.9,10
gaussian_noise,3,393,0.6428571428571429,0.9,0.75,10
gaussian_noise,3,394,1.0,0.8,0.888888888888889,10
gaussian_noise,3,395,0.6923076923076923,0.9,0.7826086956521738,10
gaussian_noise,3,396,0.9090909090909091,1.0,0.9523809523809523,10
gaussian_noise,3,397,1.0,1.0,1.0,10
gaussian_noise,3,398,0.8333333333333334,1.0,0.9090909090909091,10
gaussian_noise,3,399,0.7142857142857143,1.0,0.8333333333333333,10
gaussian_noise,3,400,0.8,0.8,0.8000000000000002,10
gaussian_noise,3,401,1.0,1.0,1.0,10
gaussian_noise,3,402,1.0,0.9,0.9473684210526316,10
gaussian_noise,3,403,1.0,1.0,1.0,10
gaussian_noise,3,404,1.0,1.0,1.0,10
gaussian_noise,3,405,0.9090909090909091,1.0,0.9523809523809523,10
gaussian_noise,3,406,1.0,1.0,1.0,10
gaussian_noise,3,407,0.7142857142857143,1.0,0.8333333333333333,10
gaussian_noise,3,408,0.7777777777777778,0.7,0.7368421052631577,10
gaussian_noise,3,409,0.9,0.9,0.9,10
gaussian_noise,3,410,0.7142857142857143,0.5,0.588235294117647,10
gaussian_noise,3,411,1.0,1.0,1.0,10
gaussian_noise,3,412,1.0,0.9,0.9473684210526316,10
gaussian_noise,3,413,0.9090909090909091,1.0,0.9523809523809523,10
gaussian_noise,3,414,0.9,0.9,0.9,10
gaussian_noise,3,415,1.0,0.9,0.9473684210526316,10
gaussian_noise,3,416,0.8333333333333334,1.0,0.9090909090909091,10
gaussian_noise,3,417,1.0,0.8,0.888888888888889,10
gaussian_noise,3,418,1.0,1.0,1.0,10
gaussian_noise,3,419,1.0,1.0,1.0,10
gaussian_noise,3,420,0.7692307692307693,1.0,0.8695652173913044,10
gaussian_noise,3,421,1.0,1.0,1.0,10
gaussian_noise,3,422,1.0,0.9,0.9473684210526316,10
gaussian_noise,3,423,0.5294117647058824,0.9,0.6666666666666667,10
gaussian_noise,3,424,1.0,1.0,1.0,10
gaussian_noise,3,425,1.0,1.0,1.0,10
gaussian_noise,3,426,1.0,0.9,0.9473684210526316,10
gaussian_noise,3,427,1.0,1.0,1.0,10
gaussian_noise,3,428,0.8,0.8,0.8000000000000002,10
gaussian_noise,3,429,0.9,0.9,0.9,10
gaussian_noise,3,430,0.8333333333333334,1.0,0.9090909090909091,10
gaussian_noise,3,431,1.0,0.7,0.8235294117647058,10
gaussian_noise,3,432,0.6923076923076923,0.9,0.7826086956521738,10
gaussian_noise,3,433,1.0,0.9,0.9473684210526316,10
gaussian_noise,3,434,1.0,0.8,0.888888888888889,10
gaussian_noise,3,435,0.8,0.8,0.8000000000000002,10
gaussian_noise,3,436,1.0,0.8,0.888888888888889,10
gaussian_noise,3,437,1.0,0.8,0.888888888888889,10
gaussian_noise,3,438,0.6363636363636364,0.7,0.6666666666666666,10
gaussian_noise,3,439,0.875,0.7,0.7777777777777777,10
gaussian_noise,3,440,1.0,1.0,1.0,10
gaussian_noise,3,441,1.0,0.7,0.8235294117647058,10
gaussian_noise,3,442,0.625,0.5,0.5555555555555556,10
gaussian_noise,3,443,1.0,1.0,1.0,10
gaussian_noise,3,444,1.0,0.9,0.9473684210526316,10
gaussian_noise,3,445,1.0,0.9,0.9473684210526316,10
gaussian_noise,3,446,0.8571428571428571,0.6,0.7058823529411764,10
gaussian_noise,3,447,1.0,0.9,0.9473684210526316,10
gaussian_noise,3,448,1.0,0.8,0.888888888888889,10
gaussian_noise,3,449,0.7777777777777778,0.7,0.7368421052631577,10
gaussian_noise,3,450,0.9090909090909091,1.0,0.9523809523809523,10
gaussian_noise,3,451,1.0,0.7,0.8235294117647058,10
gaussian_noise,3,452,0.9090909090909091,1.0,0.9523809523809523,10
gaussian_noise,3,453,0.8888888888888888,0.8,0.8421052631578948,10
gaussian_noise,3,454,1.0,1.0,1.0,10
gaussian_noise,3,455,0.625,0.5,0.5555555555555556,10
gaussian_noise,3,456,0.5833333333333334,0.7,0.6363636363636365,10
gaussian_noise,3,457,1.0,0.8,0.888888888888889,10
gaussian_noise,3,458,0.75,0.9,0.8181818181818182,10
gaussian_noise,3,459,1.0,1.0,1.0,10
gaussian_noise,3,460,1.0,1.0,1.0,10
gaussian_noise,3,461,0.8333333333333334,1.0,0.9090909090909091,10
gaussian_noise,3,462,0.7777777777777778,0.7,0.7368421052631577,10
gaussian_noise,3,463,0.8,0.8,0.8000000000000002,10
gaussian_noise,3,464,1.0,0.9,0.9473684210526316,10
gaussian_noise,3,465,0.8181818181818182,0.9,0.8571428571428572,10
gaussian_noise,3,466,0.625,0.5,0.5555555555555556,10
gaussian_noise,3,467,0.8333333333333334,0.5,0.625,10
gaussian_noise,3,468,0.6153846153846154,0.8,0.6956521739130435,10
gaussian_noise,3,469,0.7142857142857143,1.0,0.8333333333333333,10
gaussian_noise,3,470,1.0,0.7,0.8235294117647058,10
gaussian_noise,3,471,1.0,1.0,1.0,10
gaussian_noise,3,472,0.5384615384615384,0.7,0.608695652173913,10
gaussian_noise,3,473,1.0,0.9,0.9473684210526316,10
gaussian_noise,3,474,1.0,1.0,1.0,10
gaussian_noise,3,475,1.0,1.0,1.0,10
gaussian_noise,3,476,0.6666666666666666,0.8,0.7272727272727272,10
gaussian_noise,3,477,0.9090909090909091,1.0,0.9523809523809523,10
gaussian_noise,3,478,1.0,0.8,0.888888888888889,10
gaussian_noise,3,479,1.0,0.9,0.9473684210526316,10
gaussian_noise,3,480,0.8,0.8,0.8000000000000002,10
gaussian_noise,3,481,0.8,0.8,0.8000000000000002,10
gaussian_noise,3,482,0.9,0.9,0.9,10
gaussian_noise,3,483,0.7142857142857143,1.0,0.8333333333333333,10
gaussian_noise,3,484,0.6428571428571429,0.9,0.75,10
gaussian_noise,3,485,1.0,0.9,0.9473684210526316,10
gaussian_noise,3,486,0.9,0.9,0.9,10
gaussian_noise,3,487,0.9,0.9,0.9,10
gaussian_noise,3,488,0.8333333333333334,1.0,0.9090909090909091,10
gaussian_noise,3,489,1.0,0.9,0.9473684210526316,10
gaussian_noise,3,490,0.8181818181818182,0.9,0.8571428571428572,10
gaussian_noise,3,491,0.9090909090909091,1.0,0.9523809523809523,10
gaussian_noise,3,492,0.6,0.9,0.7200000000000001,10
gaussian_noise,3,493,0.75,0.9,0.8181818181818182,10
gaussian_noise,3,494,0.5384615384615384,0.7,0.608695652173913,10
gaussian_noise,3,495,0.5,0.3,0.37499999999999994,10
gaussian_noise,3,496,0.6363636363636364,0.7,0.6666666666666666,10
gaussian_noise,3,497,0.5555555555555556,0.5,0.5263157894736842,10
gaussian_noise,3,498,0.7142857142857143,1.0,0.8333333333333333,10
gaussian_noise,3,499,0.8888888888888888,0.8,0.8421052631578948,10
gaussian_noise,4,000,1.0,1.0,1.0,10
gaussian_noise,4,001,1.0,0.7,0.8235294117647058,10
gaussian_noise,4,002,1.0,0.9,0.9473684210526316,10
gaussian_noise,4,003,0.9090909090909091,1.0,0.9523809523809523,10
gaussian_noise,4,004,0.6666666666666666,1.0,0.8,10
gaussian_noise,4,005,0.8888888888888888,0.8,0.8421052631578948,10
gaussian_noise,4,006,0.8181818181818182,0.9,0.8571428571428572,10
gaussian_noise,4,007,0.5,0.8,0.6153846153846154,10
gaussian_noise,4,008,0.625,0.5,0.5555555555555556,10
gaussian_noise,4,009,0.8181818181818182,0.9,0.8571428571428572,10
gaussian_noise,4,010,0.8,0.8,0.8000000000000002,10
gaussian_noise,4,011,0.9,0.9,0.9,10
gaussian_noise,4,012,0.9090909090909091,1.0,0.9523809523809523,10
gaussian_noise,4,013,0.8,0.8,0.8000000000000002,10
gaussian_noise,4,014,0.6666666666666666,0.8,0.7272727272727272,10
gaussian_noise,4,015,0.9,0.9,0.9,10
gaussian_noise,4,016,0.7777777777777778,0.7,0.7368421052631577,10
gaussian_noise,4,017,1.0,0.9,0.9473684210526316,10
gaussian_noise,4,018,1.0,1.0,1.0,10
gaussian_noise,4,019,1.0,0.9,0.9473684210526316,10
gaussian_noise,4,020,0.75,0.9,0.8181818181818182,10
gaussian_noise,4,021,0.8181818181818182,0.9,0.8571428571428572,10
gaussian_noise,4,022,0.7777777777777778,0.7,0.7368421052631577,10
gaussian_noise,4,023,0.5555555555555556,1.0,0.7142857142857143,10
gaussian_noise,4,024,0.9090909090909091,1.0,0.9523809523809523,10
gaussian_noise,4,025,0.8,0.8,0.8000000000000002,10
gaussian_noise,4,026,0.8571428571428571,0.6,0.7058823529411764,10
gaussian_noise,4,027,1.0,0.9,0.9473684210526316,10
gaussian_noise,4,028,1.0,0.8,0.888888888888889,10
gaussian_noise,4,029,1.0,0.8,0.888888888888889,10
gaussian_noise,4,030,0.875,0.7,0.7777777777777777,10
gaussian_noise,4,031,0.875,0.7,0.7777777777777777,10
gaussian_noise,4,032,0.8181818181818182,0.9,0.8571428571428572,10
gaussian_noise,4,033,0.7272727272727273,0.8,0.761904761904762,10
gaussian_noise,4,034,0.6923076923076923,0.9,0.7826086956521738,10
gaussian_noise,4,035,0.5,0.9,0.6428571428571429,10
gaussian_noise,4,036,0.75,0.9,0.8181818181818182,10
gaussian_noise,4,037,0.7777777777777778,0.7,0.7368421052631577,10
gaussian_noise,4,038,0.8333333333333334,0.5,0.625,10
gaussian_noise,4,039,1.0,0.6,0.7499999999999999,10
gaussian_noise,4,040,0.9,0.9,0.9,10
gaussian_noise,4,041,1.0,1.0,1.0,10
gaussian_noise,4,042,0.875,0.7,0.7777777777777777,10
gaussian_noise,4,043,1.0,0.9,0.9473684210526316,10
gaussian_noise,4,044,0.8888888888888888,0.8,0.8421052631578948,10
gaussian_noise,4,045,1.0,1.0,1.0,10
gaussian_noise,4,046,1.0,0.9,0.9473684210526316,10
gaussian_noise,4,047,0.8888888888888888,0.8,0.8421052631578948,10
gaussian_noise,4,048,0.875,0.7,0.7777777777777777,10
gaussian_noise,4,049,0.8888888888888888,0.8,0.8421052631578948,10
gaussian_noise,4,050,0.8,0.8,0.8000000000000002,10
gaussian_noise,4,051,0.7692307692307693,1.0,0.8695652173913044,10
gaussian_noise,4,052,1.0,0.8,0.888888888888889,10
gaussian_noise,4,053,0.8888888888888888,0.8,0.8421052631578948,10
gaussian_noise,4,054,0.7777777777777778,0.7,0.7368421052631577,10
gaussian_noise,4,055,0.9,0.9,0.9,10
gaussian_noise,4,056,1.0,0.5,0.6666666666666666,10
gaussian_noise,4,057,0.8,0.8,0.8000000000000002,10
gaussian_noise,4,058,0.9090909090909091,1.0,0.9523809523809523,10
gaussian_noise,4,059,0.9090909090909091,1.0,0.9523809523809523,10
gaussian_noise,4,060,0.9090909090909091,1.0,0.9523809523809523,10
gaussian_noise,4,061,1.0,1.0,1.0,10
gaussian_noise,4,062,1.0,1.0,1.0,10
gaussian_noise,4,063,1.0,0.9,0.9473684210526316,10
gaussian_noise,4,064,1.0,0.6,0.7499999999999999,10
gaussian_noise,4,065,0.7,0.7,0.7,10
gaussian_noise,4,066,0.7272727272727273,0.8,0.761904761904762,10
gaussian_noise,4,067,0.7142857142857143,0.5,0.588235294117647,10
gaussian_noise,4,068,0.9,0.9,0.9,10
gaussian_noise,4,069,0.7,0.7,0.7,10
gaussian_noise,4,070,1.0,1.0,1.0,10
gaussian_noise,4,071,0.6153846153846154,0.8,0.6956521739130435,10
gaussian_noise,4,072,0.9,0.9,0.9,10
gaussian_noise,4,073,1.0,0.9,0.9473684210526316,10
gaussian_noise,4,074,0.6923076923076923,0.9,0.7826086956521738,10
gaussian_noise,4,075,0.9,0.9,0.9,10
gaussian_noise,4,076,0.875,0.7,0.7777777777777777,10
gaussian_noise,4,077,1.0,0.9,0.9473684210526316,10
gaussian_noise,4,078,1.0,0.8,0.888888888888889,10
gaussian_noise,4,079,0.8888888888888888,0.8,0.8421052631578948,10
gaussian_noise,4,080,1.0,0.5,0.6666666666666666,10
gaussian_noise,4,081,0.8333333333333334,1.0,0.9090909090909091,10
gaussian_noise,4,082,0.7692307692307693,1.0,0.8695652173913044,10
gaussian_noise,4,083,0.8,0.8,0.8000000000000002,10
gaussian_noise,4,084,1.0,0.4,0.5714285714285715,10
gaussian_noise,4,085,0.9090909090909091,1.0,0.9523809523809523,10
gaussian_noise,4,086,0.8333333333333334,1.0,0.9090909090909091,10
gaussian_noise,4,087,0.7692307692307693,1.0,0.8695652173913044,10
gaussian_noise,4,088,0.5833333333333334,0.7,0.6363636363636365,10
gaussian_noise,4,089,1.0,0.8,0.888888888888889,10
gaussian_noise,4,090,1.0,0.5,0.6666666666666666,10
gaussian_noise,4,091,1.0,1.0,1.0,10
gaussian_noise,4,092,1.0,0.9,0.9473684210526316,10
gaussian_noise,4,093,1.0,1.0,1.0,10
gaussian_noise,4,094,0.5625,0.9,0.6923076923076923,10
gaussian_noise,4,095,1.0,1.0,1.0,10
gaussian_noise,4,096,1.0,0.9,0.9473684210526316,10
gaussian_noise,4,097,1.0,0.9,0.9473684210526316,10
gaussian_noise,4,098,0.7777777777777778,0.7,0.7368421052631577,10
gaussian_noise,4,099,0.9,0.9,0.9,10
gaussian_noise,4,100,0.8181818181818182,0.9,0.8571428571428572,10
gaussian_noise,4,101,1.0,1.0,1.0,10
gaussian_noise,4,102,0.9,0.9,0.9,10
gaussian_noise,4,103,1.0,0.7,0.8235294117647058,10
gaussian_noise,4,104,1.0,0.8,0.888888888888889,10
gaussian_noise,4,105,0.8333333333333334,1.0,0.9090909090909091,10
gaussian_noise,4,106,0.875,0.7,0.7777777777777777,10
gaussian_noise,4,107,0.9090909090909091,1.0,0.9523809523809523,10
gaussian_noise,4,108,1.0,0.8,0.888888888888889,10
gaussian_noise,4,109,1.0,0.9,0.9473684210526316,10
gaussian_noise,4,110,0.875,0.7,0.7777777777777777,10
gaussian_noise,4,111,0.8888888888888888,0.8,0.8421052631578948,10
gaussian_noise,4,112,1.0,0.9,0.9473684210526316,10
gaussian_noise,4,113,1.0,1.0,1.0,10
gaussian_noise,4,114,0.8888888888888888,0.8,0.8421052631578948,10
gaussian_noise,4,115,0.9,0.9,0.9,10
gaussian_noise,4,116,1.0,1.0,1.0,10
gaussian_noise,4,117,1.0,1.0,1.0,10
gaussian_noise,4,118,1.0,0.9,0.9473684210526316,10
gaussian_noise,4,119,1.0,0.6,0.7499999999999999,10
gaussian_noise,4,120,0.9090909090909091,1.0,0.9523809523809523,10
gaussian_noise,4,121,0.4444444444444444,0.4,0.4210526315789474,10
gaussian_noise,4,122,0.5714285714285714,0.4,0.47058823529411764,10
gaussian_noise,4,123,0.7272727272727273,0.8,0.761904761904762,10
gaussian_noise,4,124,1.0,0.9,0.9473684210526316,10
gaussian_noise,4,125,0.875,0.7,0.7777777777777777,10
gaussian_noise,4,126,1.0,0.7,0.8235294117647058,10
gaussian_noise,4,127,0.75,0.6,0.6666666666666665,10
gaussian_noise,4,128,1.0,0.7,0.8235294117647058,10
gaussian_noise,4,129,1.0,0.4,0.5714285714285715,10
gaussian_noise,4,130,0.6153846153846154,0.8,0.6956521739130435,10
gaussian_noise,4,131,0.7,0.7,0.7,10
gaussian_noise,4,132,0.9,0.9,0.9,10
gaussian_noise,4,133,0.5555555555555556,0.5,0.5263157894736842,10
gaussian_noise,4,134,0.9,0.9,0.9,10
gaussian_noise,4,135,0.625,1.0,0.7692307692307693,10
gaussian_noise,4,136,0.7777777777777778,0.7,0.7368421052631577,10
gaussian_noise,4,137,0.6428571428571429,0.9,0.75,10
gaussian_noise,4,138,0.7,0.7,0.7,10
gaussian_noise,4,139,0.5714285714285714,0.4,0.47058823529411764,10
gaussian_noise,4,140,0.7777777777777778,0.7,0.7368421052631577,10
gaussian_noise,4,141,0.7272727272727273,0.8,0.761904761904762,10
gaussian_noise,4,142,0.875,0.7,0.7777777777777777,10
gaussian_noise,4,143,0.75,0.6,0.6666666666666665,10
gaussian_noise,4,144,0.8181818181818182,0.9,0.8571428571428572,10
gaussian_noise,4,145,1.0,0.8,0.888888888888889,10
gaussian_noise,4,146,0.8181818181818182,0.9,0.8571428571428572,10
gaussian_noise,4,147,1.0,0.6,0.7499999999999999,10
gaussian_noise,4,148,0.9090909090909091,1.0,0.9523809523809523,10
gaussian_noise,4,149,1.0,0.9,0.9473684210526316,10
gaussian_noise,4,150,0.8888888888888888,0.8,0.8421052631578948,10
gaussian_noise,4,151,0.7692307692307693,1.0,0.8695652173913044,10
gaussian_noise,4,152,0.5833333333333334,0.7,0.6363636363636365,10
gaussian_noise,4,153,0.9090909090909091,1.0,0.9523809523809523,10
gaussian_noise,4,154,0.8181818181818182,0.9,0.8571428571428572,10
gaussian_noise,4,155,0.5454545454545454,0.6,0.5714285714285713,10
gaussian_noise,4,156,1.0,0.6,0.7499999999999999,10
gaussian_noise,4,157,0.5714285714285714,0.4,0.47058823529411764,10
gaussian_noise,4,158,0.8,0.4,0.5333333333333333,10
gaussian_noise,4,159,0.6923076923076923,0.9,0.7826086956521738,10
gaussian_noise,4,160,0.4666666666666667,0.7,0.56,10
gaussian_noise,4,161,0.5,0.3,0.37499999999999994,10
gaussian_noise,4,162,1.0,0.7,0.8235294117647058,10
gaussian_noise,4,163,0.6923076923076923,0.9,0.7826086956521738,10
gaussian_noise,4,164,0.9,0.9,0.9,10
gaussian_noise,4,165,0.5714285714285714,0.8,0.6666666666666666,10
gaussian_noise,4,166,0.8571428571428571,0.6,0.7058823529411764,10
gaussian_noise,4,167,1.0,0.8,0.888888888888889,10
gaussian_noise,4,168,0.8888888888888888,0.8,0.8421052631578948,10
gaussian_noise,4,169,0.6153846153846154,0.8,0.6956521739130435,10
gaussian_noise,4,170,0.75,0.9,0.8181818181818182,10
gaussian_noise,4,171,0.6153846153846154,0.8,0.6956521739130435,10
gaussian_noise,4,172,0.7777777777777778,0.7,0.7368421052631577,10
gaussian_noise,4,173,1.0,0.7,0.8235294117647058,10
gaussian_noise,4,174,1.0,0.6,0.7499999999999999,10
gaussian_noise,4,175,0.5,0.5,0.5,10
gaussian_noise,4,176,0.5833333333333334,0.7,0.6363636363636365,10
gaussian_noise,4,177,0.6666666666666666,0.6,0.631578947368421,10
gaussian_noise,4,178,0.7142857142857143,0.5,0.588235294117647,10
gaussian_noise,4,179,0.875,0.7,0.7777777777777777,10
gaussian_noise,4,180,0.8,0.4,0.5333333333333333,10
gaussian_noise,4,181,0.5714285714285714,0.8,0.6666666666666666,10
gaussian_noise,4,182,0.6,0.6,0.6,10
gaussian_noise,4,183,0.8571428571428571,0.6,0.7058823529411764,10
gaussian_noise,4,184,1.0,0.8,0.888888888888889,10
gaussian_noise,4,185,0.5384615384615384,0.7,0.608695652173913,10
gaussian_noise,4,186,0.9,0.9,0.9,10
gaussian_noise,4,187,0.4375,0.7,0.5384615384615384,10
gaussian_noise,4,188,0.875,0.7,0.7777777777777777,10
gaussian_noise,4,189,1.0,1.0,1.0,10
gaussian_noise,4,190,0.8571428571428571,0.6,0.7058823529411764,10
gaussian_noise,4,191,1.0,0.9,0.9473684210526316,10
gaussian_noise,4,192,0.8888888888888888,0.8,0.8421052631578948,10
gaussian_noise,4,193,1.0,0.4,0.5714285714285715,10
gaussian_noise,4,194,0.6363636363636364,0.7,0.6666666666666666,10
gaussian_noise,4,195,0.7272727272727273,0.8,0.761904761904762,10
gaussian_noise,4,196,0.875,0.7,0.7777777777777777,10
gaussian_noise,4,197,0.5454545454545454,0.6,0.5714285714285713,10
gaussian_noise,4,198,0.5,0.5,0.5,10
gaussian_noise,4,199,1.0,0.7,0.8235294117647058,10
gaussian_noise,4,200,0.8,0.8,0.8000000000000002,10
gaussian_noise,4,201,0.875,0.7,0.7777777777777777,10
gaussian_noise,4,202,0.5833333333333334,0.7,0.6363636363636365,10
gaussian_noise,4,203,0.6,0.6,0.6,10
gaussian_noise,4,204,0.45,0.9,0.6,10
gaussian_noise,4,205,0.8333333333333334,1.0,0.9090909090909091,10
gaussian_noise,4,206,0.8333333333333334,0.5,0.625,10
gaussian_noise,4,207,1.0,0.8,0.888888888888889,10
gaussian_noise,4,208,0.6666666666666666,0.8,0.7272727272727272,10
gaussian_noise,4,209,0.6153846153846154,0.8,0.6956521739130435,10
gaussian_noise,4,210,0.6666666666666666,0.8,0.7272727272727272,10
gaussian_noise,4,211,0.9,0.9,0.9,10
gaussian_noise,4,212,0.6363636363636364,0.7,0.6666666666666666,10
gaussian_noise,4,213,1.0,0.5,0.6666666666666666,10
gaussian_noise,4,214,0.6666666666666666,0.6,0.631578947368421,10
gaussian_noise,4,215,0.47058823529411764,0.8,0.5925925925925927,10
gaussian_noise,4,216,0.75,0.6,0.6666666666666665,10
gaussian_noise,4,217,0.7,0.7,0.7,10
gaussian_noise,4,218,0.7777777777777778,0.7,0.7368421052631577,10
gaussian_noise,4,219,0.8,0.8,0.8000000000000002,10
gaussian_noise,4,220,0.4375,0.7,0.5384615384615384,10
gaussian_noise,4,221,0.7272727272727273,0.8,0.761904761904762,10
gaussian_noise,4,222,0.6428571428571429,0.9,0.75,10
gaussian_noise,4,223,0.9090909090909091,1.0,0.9523809523809523,10
gaussian_noise,4,224,0.8571428571428571,0.6,0.7058823529411764,10
gaussian_noise,4,225,0.391304347826087,0.9,0.5454545454545454,10
gaussian_noise,4,226,0.8,0.8,0.8000000000000002,10
gaussian_noise,4,227,0.4,0.6,0.48,10
gaussian_noise,4,228,0.6666666666666666,0.4,0.5,10
gaussian_noise,4,229,0.8,0.8,0.8000000000000002,10
gaussian_noise,4,230,0.8333333333333334,0.5,0.625,10
gaussian_noise,4,231,0.8,0.8,0.8000000000000002,10
gaussian_noise,4,232,0.5555555555555556,0.5,0.5263157894736842,10
gaussian_noise,4,233,0.6666666666666666,0.4,0.5,10
gaussian_noise,4,234,0.9,0.9,0.9,10
gaussian_noise,4,235,0.8,0.4,0.5333333333333333,10
gaussian_noise,4,236,0.8571428571428571,0.6,0.7058823529411764,10
gaussian_noise,4,237,0.8888888888888888,0.8,0.8421052631578948,10
gaussian_noise,4,238,0.8181818181818182,0.9,0.8571428571428572,10
gaussian_noise,4,239,1.0,0.7,0.8235294117647058,10
gaussian_noise,4,240,0.875,0.7,0.7777777777777777,10
gaussian_noise,4,241,0.6666666666666666,0.8,0.7272727272727272,10
gaussian_noise,4,242,1.0,0.5,0.6666666666666666,10
gaussian_noise,4,243,0.7692307692307693,1.0,0.8695652173913044,10
gaussian_noise,4,244,0.8181818181818182,0.9,0.8571428571428572,10
gaussian_noise,4,245,0.6363636363636364,0.7,0.6666666666666666,10
gaussian_noise,4,246,0.5,0.4,0.4444444444444445,10
gaussian_noise,4,247,0.4,0.2,0.26666666666666666,10
gaussian_noise,4,248,0.875,0.7,0.7777777777777777,10
gaussian_noise,4,249,0.6153846153846154,0.8,0.6956521739130435,10
gaussian_noise,4,250,0.9,0.9,0.9,10
gaussian_noise,4,251,1.0,0.9,0.9473684210526316,10
gaussian_noise,4,252,0.8,0.8,0.8000000000000002,10
gaussian_noise,4,253,0.8333333333333334,0.5,0.625,10
gaussian_noise,4,254,0.75,0.9,0.8181818181818182,10
gaussian_noise,4,255,1.0,0.8,0.888888888888889,10
gaussian_noise,4,256,0.3333333333333333,0.4,0.3636363636363636,10
gaussian_noise,4,257,0.625,1.0,0.7692307692307693,10
gaussian_noise,4,258,0.6,0.6,0.6,10
gaussian_noise,4,259,0.7,0.7,0.7,10
gaussian_noise,4,260,0.875,0.7,0.7777777777777777,10
gaussian_noise,4,261,0.6428571428571429,0.9,0.75,10
gaussian_noise,4,262,0.8333333333333334,0.5,0.625,10
gaussian_noise,4,263,0.75,0.9,0.8181818181818182,10
gaussian_noise,4,264,0.8333333333333334,1.0,0.9090909090909091,10
gaussian_noise,4,265,0.4166666666666667,0.5,0.45454545454545453,10
gaussian_noise,4,266,0.5333333333333333,0.8,0.64,10
gaussian_noise,4,267,1.0,0.6,0.7499999999999999,10
gaussian_noise,4,268,0.6923076923076923,0.9,0.7826086956521738,10
gaussian_noise,4,269,0.7692307692307693,1.0,0.8695652173913044,10
gaussian_noise,4,270,0.7692307692307693,1.0,0.8695652173913044,10
gaussian_noise,4,271,0.6666666666666666,0.8,0.7272727272727272,10
gaussian_noise,4,272,1.0,0.8,0.888888888888889,10
gaussian_noise,4,273,0.6153846153846154,0.8,0.6956521739130435,10
gaussian_noise,4,274,0.8333333333333334,0.5,0.625,10
gaussian_noise,4,275,0.7777777777777778,0.7,0.7368421052631577,10
gaussian_noise,4,276,0.5333333333333333,0.8,0.64,10
gaussian_noise,4,277,0.6666666666666666,0.6,0.631578947368421,10
gaussian_noise,4,278,0.7142857142857143,0.5,0.588235294117647,10
gaussian_noise,4,279,0.9090909090909091,1.0,0.9523809523809523,10
gaussian_noise,4,280,1.0,0.7,0.8235294117647058,10
gaussian_noise,4,281,0.6363636363636364,0.7,0.6666666666666666,10
gaussian_noise,4,282,0.8,0.8,0.8000000000000002,10
gaussian_noise,4,283,1.0,1.0,1.0,10
gaussian_noise,4,284,0.7,0.7,0.7,10
gaussian_noise,4,285,0.8333333333333334,1.0,0.9090909090909091,10
gaussian_noise,4,286,1.0,0.8,0.888888888888889,10
gaussian_noise,4,287,0.8571428571428571,0.6,0.7058823529411764,10
gaussian_noise,4,288,0.9,0.9,0.9,10
gaussian_noise,4,289,0.8888888888888888,0.8,0.8421052631578948,10
gaussian_noise,4,290,1.0,0.8,0.888888888888889,10
gaussian_noise,4,291,1.0,1.0,1.0,10
gaussian_noise,4,292,0.8,0.8,0.8000000000000002,10
gaussian_noise,4,293,0.9,0.9,0.9,10
gaussian_noise,4,294,0.7,0.7,0.7,10
gaussian_noise,4,295,1.0,0.8,0.888888888888889,10
gaussian_noise,4,296,0.875,0.7,0.7777777777777777,10
gaussian_noise,4,297,0.9,0.9,0.9,10
gaussian_noise,4,298,0.75,0.9,0.8181818181818182,10
gaussian_noise,4,299,0.5555555555555556,1.0,0.7142857142857143,10
gaussian_noise,4,300,0.8333333333333334,1.0,0.9090909090909091,10
gaussian_noise,4,301,0.9090909090909091,1.0,0.9523809523809523,10
gaussian_noise,4,302,1.0,1.0,1.0,10
gaussian_noise,4,303,0.7272727272727273,0.8,0.761904761904762,10
gaussian_noise,4,304,1.0,0.9,0.9473684210526316,10
gaussian_noise,4,305,0.8571428571428571,0.6,0.7058823529411764,10
gaussian_noise,4,306,1.0,1.0,1.0,10
gaussian_noise,4,307,1.0,1.0,1.0,10
gaussian_noise,4,308,0.6666666666666666,0.8,0.7272727272727272,10
gaussian_noise,4,309,0.9,0.9,0.9,10
gaussian_noise,4,310,0.875,0.7,0.7777777777777777,10
gaussian_noise,4,311,1.0,1.0,1.0,10
gaussian_noise,4,312,0.9,0.9,0.9,10
gaussian_noise,4,313,0.7777777777777778,0.7,0.7368421052631577,10
gaussian_noise,4,314,0.7777777777777778,0.7,0.7368421052631577,10
gaussian_noise,4,315,0.9,0.9,0.9,10
gaussian_noise,4,316,0.9090909090909091,1.0,0.9523809523809523,10
gaussian_noise,4,317,1.0,0.8,0.888888888888889,10
gaussian_noise,4,318,0.75,0.9,0.8181818181818182,10
gaussian_noise,4,319,1.0,0.9,0.9473684210526316,10
gaussian_noise,4,320,1.0,1.0,1.0,10
gaussian_noise,4,321,0.9,0.9,0.9,10
gaussian_noise,4,322,0.2222222222222222,0.4,0.2857142857142857,10
gaussian_noise,4,323,1.0,0.8,0.888888888888889,10
gaussian_noise,4,324,1.0,1.0,1.0,10
gaussian_noise,4,325,1.0,0.8,0.888888888888889,10
gaussian_noise,4,326,0.8181818181818182,0.9,0.8571428571428572,10
gaussian_noise,4,327,0.8181818181818182,0.9,0.8571428571428572,10
gaussian_noise,4,328,0.7692307692307693,1.0,0.8695652173913044,10
gaussian_noise,4,329,0.9,0.9,0.9,10
gaussian_noise,4,330,0.8333333333333334,1.0,0.9090909090909091,10
gaussian_noise,4,331,0.8181818181818182,0.9,0.8571428571428572,10
gaussian_noise,4,332,0.5384615384615384,0.7,0.608695652173913,10
gaussian_noise,4,333,0.42857142857142855,0.6,0.5,10
gaussian_noise,4,334,0.8181818181818182,0.9,0.8571428571428572,10
gaussian_noise,4,335,0.45454545454545453,0.5,0.47619047619047616,10
gaussian_noise,4,336,0.5625,0.9,0.6923076923076923,10
gaussian_noise,4,337,0.6153846153846154,0.8,0.6956521739130435,10
gaussian_noise,4,338,0.6666666666666666,0.8,0.7272727272727272,10
gaussian_noise,4,339,1.0,0.8,0.888888888888889,10
gaussian_noise,4,340,0.7142857142857143,1.0,0.8333333333333333,10
gaussian_noise,4,341,0.8888888888888888,0.8,0.8421052631578948,10
gaussian_noise,4,342,0.8333333333333334,1.0,0.9090909090909091,10
gaussian_noise,4,343,0.75,0.6,0.6666666666666665,10
gaussian_noise,4,344,0.9090909090909091,1.0,0.9523809523809523,10
gaussian_noise,4,345,1.0,0.9,0.9473684210526316,10
gaussian_noise,4,346,0.8,0.4,0.5333333333333333,10
gaussian_noise,4,347,0.7,0.7,0.7,10
gaussian_noise,4,348,0.6666666666666666,0.8,0.7272727272727272,10
gaussian_noise,4,349,0.8888888888888888,0.8,0.8421052631578948,10
gaussian_noise,4,350,0.9090909090909091,1.0,0.9523809523809523,10
gaussian_noise,4,351,1.0,0.9,0.9473684210526316,10
gaussian_noise,4,352,1.0,0.9,0.9473684210526316,10
gaussian_noise,4,353,0.4666666666666667,0.7,0.56,10
gaussian_noise,4,354,1.0,0.7,0.8235294117647058,10
gaussian_noise,4,355,1.0,0.8,0.888888888888889,10
gaussian_noise,4,356,0.8333333333333334,1.0,0.9090909090909091,10
gaussian_noise,4,357,0.875,0.7,0.7777777777777777,10
gaussian_noise,4,358,0.75,0.9,0.8181818181818182,10
gaussian_noise,4,359,0.8888888888888888,0.8,0.8421052631578948,10
gaussian_noise,4,360,0.75,0.9,0.8181818181818182,10
gaussian_noise,4,361,1.0,0.9,0.9473684210526316,10
gaussian_noise,4,362,1.0,1.0,1.0,10
gaussian_noise,4,363,0.8333333333333334,1.0,0.9090909090909091,10
gaussian_noise,4,364,1.0,0.9,0.9473684210526316,10
gaussian_noise,4,365,0.8181818181818182,0.9,0.8571428571428572,10
gaussian_noise,4,366,0.8,0.8,0.8000000000000002,10
gaussian_noise,4,367,1.0,0.7,0.8235294117647058,10
gaussian_noise,4,368,0.45,0.9,0.6,10
gaussian_noise,4,369,1.0,0.7,0.8235294117647058,10
gaussian_noise,4,370,1.0,1.0,1.0,10
gaussian_noise,4,371,1.0,0.6,0.7499999999999999,10
gaussian_noise,4,372,0.7777777777777778,0.7,0.7368421052631577,10
gaussian_noise,4,373,1.0,0.6,0.7499999999999999,10
gaussian_noise,4,374,0.6,0.3,0.4,10
gaussian_noise,4,375,1.0,0.9,0.9473684210526316,10
gaussian_noise,4,376,0.8333333333333334,1.0,0.9090909090909091,10
gaussian_noise,4,377,0.8181818181818182,0.9,0.8571428571428572,10
gaussian_noise,4,378,1.0,1.0,1.0,10
gaussian_noise,4,379,0.875,0.7,0.7777777777777777,10
gaussian_noise,4,380,0.9090909090909091,1.0,0.9523809523809523,10
gaussian_noise,4,381,0.7,0.7,0.7,10
gaussian_noise,4,382,1.0,0.9,0.9473684210526316,10
gaussian_noise,4,383,0.8,0.8,0.8000000000000002,10
gaussian_noise,4,384,0.8888888888888888,0.8,0.8421052631578948,10
gaussian_noise,4,385,0.6153846153846154,0.8,0.6956521739130435,10
gaussian_noise,4,386,0.75,0.9,0.8181818181818182,10
gaussian_noise,4,387,0.8888888888888888,0.8,0.8421052631578948,10
gaussian_noise,4,388,1.0,0.4,0.5714285714285715,10
gaussian_noise,4,389,0.5555555555555556,0.5,0.5263157894736842,10
gaussian_noise,4,390,0.75,0.6,0.6666666666666665,10
gaussian_noise,4,391,1.0,0.9,0.9473684210526316,10
gaussian_noise,4,392,0.8888888888888888,0.8,0.8421052631578948,10
gaussian_noise,4,393,0.7272727272727273,0.8,0.761904761904762,10
gaussian_noise,4,394,0.9,0.9,0.9,10
gaussian_noise,4,395,0.6923076923076923,0.9,0.7826086956521738,10
gaussian_noise,4,396,1.0,1.0,1.0,10
gaussian_noise,4,397,1.0,1.0,1.0,10
gaussian_noise,4,398,0.75,0.9,0.8181818181818182,10
gaussian_noise,4,399,0.6923076923076923,0.9,0.7826086956521738,10
gaussian_noise,4,400,0.8181818181818182,0.9,0.8571428571428572,10
gaussian_noise,4,401,0.9090909090909091,1.0,0.9523809523809523,10
gaussian_noise,4,402,1.0,0.9,0.9473684210526316,10
gaussian_noise,4,403,1.0,1.0,1.0,10
gaussian_noise,4,404,1.0,0.8,0.888888888888889,10
gaussian_noise,4,405,1.0,1.0,1.0,10
gaussian_noise,4,406,1.0,1.0,1.0,10
gaussian_noise,4,407,0.7272727272727273,0.8,0.761904761904762,10
gaussian_noise,4,408,0.7777777777777778,0.7,0.7368421052631577,10
gaussian_noise,4,409,0.8,0.8,0.8000000000000002,10
gaussian_noise,4,410,0.8,0.4,0.5333333333333333,10
gaussian_noise,4,411,1.0,0.9,0.9473684210526316,10
gaussian_noise,4,412,1.0,0.8,0.888888888888889,10
gaussian_noise,4,413,1.0,0.9,0.9473684210526316,10
gaussian_noise,4,414,0.7272727272727273,0.8,0.761904761904762,10
gaussian_noise,4,415,0.8888888888888888,0.8,0.8421052631578948,10
gaussian_noise,4,416,0.75,0.9,0.8181818181818182,10
gaussian_noise,4,417,1.0,0.8,0.888888888888889,10
gaussian_noise,4,418,0.8333333333333334,1.0,0.9090909090909091,10
gaussian_noise,4,419,0.9,0.9,0.9,10
gaussian_noise,4,420,0.7272727272727273,0.8,0.761904761904762,10
gaussian_noise,4,421,1.0,1.0,1.0,10
gaussian_noise,4,422,1.0,0.9,0.9473684210526316,10
gaussian_noise,4,423,0.375,0.9,0.5294117647058825,10
gaussian_noise,4,424,1.0,1.0,1.0,10
gaussian_noise,4,425,1.0,1.0,1.0,10
gaussian_noise,4,426,1.0,0.9,0.9473684210526316,10
gaussian_noise,4,427,0.7692307692307693,1.0,0.8695652173913044,10
gaussian_noise,4,428,0.8888888888888888,0.8,0.8421052631578948,10
gaussian_noise,4,429,0.8181818181818182,0.9,0.8571428571428572,10
gaussian_noise,4,430,0.8333333333333334,1.0,0.9090909090909091,10
gaussian_noise,4,431,1.0,0.5,0.6666666666666666,10
gaussian_noise,4,432,0.5625,0.9,0.6923076923076923,10
gaussian_noise,4,433,1.0,0.7,0.8235294117647058,10
gaussian_noise,4,434,0.875,0.7,0.7777777777777777,10
gaussian_noise,4,435,0.8,0.8,0.8000000000000002,10
gaussian_noise,4,436,0.875,0.7,0.7777777777777777,10
gaussian_noise,4,437,1.0,0.8,0.888888888888889,10
gaussian_noise,4,438,0.6363636363636364,0.7,0.6666666666666666,10
gaussian_noise,4,439,0.875,0.7,0.7777777777777777,10
gaussian_noise,4,440,0.9090909090909091,1.0,0.9523809523809523,10
gaussian_noise,4,441,1.0,0.5,0.6666666666666666,10
gaussian_noise,4,442,0.5,0.5,0.5,10
gaussian_noise,4,443,0.9090909090909091,1.0,0.9523809523809523,10
gaussian_noise,4,444,0.8181818181818182,0.9,0.8571428571428572,10
gaussian_noise,4,445,1.0,0.9,0.9473684210526316,10
gaussian_noise,4,446,0.7142857142857143,0.5,0.588235294117647,10
gaussian_noise,4,447,1.0,0.9,0.9473684210526316,10
gaussian_noise,4,448,0.8888888888888888,0.8,0.8421052631578948,10
gaussian_noise,4,449,0.875,0.7,0.7777777777777777,10
gaussian_noise,4,450,0.9090909090909091,1.0,0.9523809523809523,10
gaussian_noise,4,451,1.0,0.8,0.888888888888889,10
gaussian_noise,4,452,0.8333333333333334,1.0,0.9090909090909091,10
gaussian_noise,4,453,0.9,0.9,0.9,10
gaussian_noise,4,454,0.8333333333333334,1.0,0.9090909090909091,10
gaussian_noise,4,455,0.5714285714285714,0.4,0.47058823529411764,10
gaussian_noise,4,456,0.5384615384615384,0.7,0.608695652173913,10
gaussian_noise,4,457,1.0,0.8,0.888888888888889,10
gaussian_noise,4,458,0.6153846153846154,0.8,0.6956521739130435,10
gaussian_noise,4,459,1.0,0.8,0.888888888888889,10
gaussian_noise,4,460,0.9090909090909091,1.0,0.9523809523809523,10
gaussian_noise,4,461,1.0,1.0,1.0,10
gaussian_noise,4,462,0.8181818181818182,0.9,0.8571428571428572,10
gaussian_noise,4,463,0.8,0.8,0.8000000000000002,10
gaussian_noise,4,464,1.0,0.9,0.9473684210526316,10
gaussian_noise,4,465,0.6923076923076923,0.9,0.7826086956521738,10
gaussian_noise,4,466,0.625,0.5,0.5555555555555556,10
gaussian_noise,4,467,0.6666666666666666,0.6,0.631578947368421,10
gaussian_noise,4,468,0.5714285714285714,0.8,0.6666666666666666,10
gaussian_noise,4,469,0.75,0.9,0.8181818181818182,10
gaussian_noise,4,470,1.0,0.7,0.8235294117647058,10
gaussian_noise,4,471,1.0,0.9,0.9473684210526316,10
gaussian_noise,4,472,0.6153846153846154,0.8,0.6956521739130435,10
gaussian_noise,4,473,1.0,0.7,0.8235294117647058,10
gaussian_noise,4,474,1.0,0.9,0.9473684210526316,10
gaussian_noise,4,475,1.0,1.0,1.0,10
gaussian_noise,4,476,0.7272727272727273,0.8,0.761904761904762,10
gaussian_noise,4,477,0.7692307692307693,1.0,0.8695652173913044,10
gaussian_noise,4,478,1.0,0.8,0.888888888888889,10
gaussian_noise,4,479,1.0,0.6,0.7499999999999999,10
gaussian_noise,4,480,0.7272727272727273,0.8,0.761904761904762,10
gaussian_noise,4,481,0.8888888888888888,0.8,0.8421052631578948,10
gaussian_noise,4,482,0.8,0.8,0.8000000000000002,10
gaussian_noise,4,483,0.5882352941176471,1.0,0.7407407407407407,10
gaussian_noise,4,484,0.6,0.9,0.7200000000000001,10
gaussian_noise,4,485,0.9,0.9,0.9,10
gaussian_noise,4,486,0.8888888888888888,0.8,0.8421052631578948,10
gaussian_noise,4,487,0.8,0.8,0.8000000000000002,10
gaussian_noise,4,488,0.6363636363636364,0.7,0.6666666666666666,10
gaussian_noise,4,489,1.0,0.9,0.9473684210526316,10
gaussian_noise,4,490,0.75,0.9,0.8181818181818182,10
gaussian_noise,4,491,0.7692307692307693,1.0,0.8695652173913044,10
gaussian_noise,4,492,0.5625,0.9,0.6923076923076923,10
gaussian_noise,4,493,0.7272727272727273,0.8,0.761904761904762,10
gaussian_noise,4,494,0.5333333333333333,0.8,0.64,10
gaussian_noise,4,495,0.75,0.3,0.4285714285714285,10
gaussian_noise,4,496,0.5833333333333334,0.7,0.6363636363636365,10
gaussian_noise,4,497,0.5555555555555556,0.5,0.5263157894736842,10
gaussian_noise,4,498,0.625,1.0,0.7692307692307693,10
gaussian_noise,4,499,1.0,0.8,0.888888888888889,10
gaussian_blur,1,000,1.0,1.0,1.0,10
gaussian_blur,1,001,1.0,0.9,0.9473684210526316,10
gaussian_blur,1,002,0.75,0.9,0.8181818181818182,10
gaussian_blur,1,003,0.9090909090909091,1.0,0.9523809523809523,10
gaussian_blur,1,004,1.0,1.0,1.0,10
gaussian_blur,1,005,0.7777777777777778,0.7,0.7368421052631577,10
gaussian_blur,1,006,0.8,0.8,0.8000000000000002,10
gaussian_blur,1,007,0.7692307692307693,1.0,0.8695652173913044,10
gaussian_blur,1,008,0.8571428571428571,0.6,0.7058823529411764,10
gaussian_blur,1,009,0.9090909090909091,1.0,0.9523809523809523,10
gaussian_blur,1,010,0.8333333333333334,1.0,0.9090909090909091,10
gaussian_blur,1,011,0.9,0.9,0.9,10
gaussian_blur,1,012,1.0,1.0,1.0,10
gaussian_blur,1,013,1.0,1.0,1.0,10
gaussian_blur,1,014,1.0,0.9,0.9473684210526316,10
gaussian_blur,1,015,1.0,1.0,1.0,10
gaussian_blur,1,016,0.9,0.9,0.9,10
gaussian_blur,1,017,1.0,0.9,0.9473684210526316,10
gaussian_blur,1,018,1.0,1.0,1.0,10
gaussian_blur,1,019,1.0,0.9,0.9473684210526316,10
gaussian_blur,1,020,1.0,0.9,0.9473684210526316,10
gaussian_blur,1,021,0.8181818181818182,0.9,0.8571428571428572,10
gaussian_blur,1,022,0.7777777777777778,0.7,0.7368421052631577,10
gaussian_blur,1,023,0.7142857142857143,1.0,0.8333333333333333,10
gaussian_blur,1,024,0.8333333333333334,1.0,0.9090909090909091,10
gaussian_blur,1,025,1.0,0.8,0.888888888888889,10
gaussian_blur,1,026,0.8888888888888888,0.8,0.8421052631578948,10
gaussian_blur,1,027,1.0,0.9,0.9473684210526316,10
gaussian_blur,1,028,0.6666666666666666,0.8,0.7272727272727272,10
gaussian_blur,1,029,1.0,0.9,0.9473684210526316,10
gaussian_blur,1,030,1.0,0.9,0.9473684210526316,10
gaussian_blur,1,031,0.875,0.7,0.7777777777777777,10
gaussian_blur,1,032,0.75,0.9,0.8181818181818182,10
gaussian_blur,1,033,0.9,0.9,0.9,10
gaussian_blur,1,034,0.9090909090909091,1.0,0.9523809523809523,10
gaussian_blur,1,035,0.8181818181818182,0.9,0.8571428571428572,10
gaussian_blur,1,036,1.0,0.9,0.9473684210526316,10
gaussian_blur,1,037,1.0,0.9,0.9473684210526316,10
gaussian_blur,1,038,0.8,0.8,0.8000000000000002,10
gaussian_blur,1,039,0.8888888888888888,0.8,0.8421052631578948,10
gaussian_blur,1,040,0.9090909090909091,1.0,0.9523809523809523,10
gaussian_blur,1,041,1.0,1.0,1.0,10
gaussian_blur,1,042,0.9,0.9,0.9,10
gaussian_blur,1,043,1.0,0.9,0.9473684210526316,10
gaussian_blur,1,044,0.9,0.9,0.9,10
gaussian_blur,1,045,1.0,1.0,1.0,10
gaussian_blur,1,046,1.0,1.0,1.0,10
gaussian_blur,1,047,1.0,0.9,0.9473684210526316,10
gaussian_blur,1,048,0.8,0.8,0.8000000000000002,10
gaussian_blur,1,049,0.8,0.8,0.8000000000000002,10
gaussian_blur,1,050,0.9,0.9,0.9,10
gaussian_blur,1,051,0.9090909090909091,1.0,0.9523809523809523,10
gaussian_blur,1,052,1.0,0.7,0.8235294117647058,10
gaussian_blur,1,053,1.0,0.9,0.9473684210526316,10
gaussian_blur,1,054,0.8,0.8,0.8000000000000002,10
gaussian_blur,1,055,0.8181818181818182,0.9,0.8571428571428572,10
gaussian_blur,1,056,1.0,0.6,0.7499999999999999,10
gaussian_blur,1,057,0.8181818181818182,0.9,0.8571428571428572,10
gaussian_blur,1,058,1.0,1.0,1.0,10
gaussian_blur,1,059,1.0,0.8,0.888888888888889,10
gaussian_blur,1,060,1.0,1.0,1.0,10
gaussian_blur,1,061,1.0,1.0,1.0,10
gaussian_blur,1,062,1.0,1.0,1.0,10
gaussian_blur,1,063,0.8333333333333334,1.0,0.9090909090909091,10
gaussian_blur,1,064,1.0,0.8,0.888888888888889,10
gaussian_blur,1,065,1.0,0.9,0.9473684210526316,10
gaussian_blur,1,066,0.9090909090909091,1.0,0.9523809523809523,10
gaussian_blur,1,067,0.8571428571428571,0.6,0.7058823529411764,10
gaussian_blur,1,068,1.0,1.0,1.0,10
gaussian_blur,1,069,0.7777777777777778,0.7,0.7368421052631577,10
gaussian_blur,1,070,0.9090909090909091,1.0,0.9523809523809523,10
gaussian_blur,1,071,0.5625,0.9,0.6923076923076923,10
gaussian_blur,1,072,1.0,1.0,1.0,10
gaussian_blur,1,073,0.8181818181818182,0.9,0.8571428571428572,10
gaussian_blur,1,074,0.8181818181818182,0.9,0.8571428571428572,10
gaussian_blur,1,075,0.75,0.9,0.8181818181818182,10
gaussian_blur,1,076,1.0,0.7,0.8235294117647058,10
gaussian_blur,1,077,1.0,1.0,1.0,10
gaussian_blur,1,078,0.9,0.9,0.9,10
gaussian_blur,1,079,0.8888888888888888,0.8,0.8421052631578948,10
gaussian_blur,1,080,1.0,0.7,0.8235294117647058,10
gaussian_blur,1,081,1.0,0.9,0.9473684210526316,10
gaussian_blur,1,082,1.0,0.9,0.9473684210526316,10
gaussian_blur,1,083,0.9090909090909091,1.0,0.9523809523809523,10
gaussian_blur,1,084,1.0,0.5,0.6666666666666666,10
gaussian_blur,1,085,1.0,1.0,1.0,10
gaussian_blur,1,086,1.0,0.9,0.9473684210526316,10
gaussian_blur,1,087,0.7692307692307693,1.0,0.8695652173913044,10
gaussian_blur,1,088,0.7692307692307693,1.0,0.8695652173913044,10
gaussian_blur,1,089,1.0,0.9,0.9473684210526316,10
gaussian_blur,1,090,0.875,0.7,0.7777777777777777,10
gaussian_blur,1,091,1.0,1.0,1.0,10
gaussian_blur,1,092,1.0,0.9,0.9473684210526316,10
gaussian_blur,1,093,1.0,1.0,1.0,10
gaussian_blur,1,094,0.6,0.9,0.7200000000000001,10
gaussian_blur,1,095,1.0,1.0,1.0,10
gaussian_blur,1,096,1.0,0.9,0.9473684210526316,10
gaussian_blur,1,097,1.0,0.9,0.9473684210526316,10
gaussian_blur,1,098,1.0,1.0,1.0,10
gaussian_blur,1,099,0.9,0.9,0.9,10
gaussian_blur,1,100,0.7142857142857143,1.0,0.8333333333333333,10
gaussian_blur,1,101,1.0,1.0,1.0,10
gaussian_blur,1,102,1.0,0.9,0.9473684210526316,10
gaussian_blur,1,103,1.0,0.8,0.888888888888889,10
gaussian_blur,1,104,1.0,0.9,0.9473684210526316,10
gaussian_blur,1,105,1.0,0.9,0.9473684210526316,10
gaussian_blur,1,106,0.875,0.7,0.7777777777777777,10
gaussian_blur,1,107,0.9,0.9,0.9,10
gaussian_blur,1,108,1.0,1.0,1.0,10
gaussian_blur,1,109,0.8181818181818182,0.9,0.8571428571428572,10
gaussian_blur,1,110,1.0,0.7,0.8235294117647058,10
gaussian_blur,1,111,1.0,0.9,0.9473684210526316,10
gaussian_blur,1,112,1.0,0.9,0.9473684210526316,10
gaussian_blur,1,113,1.0,1.0,1.0,10
gaussian_blur,1,114,0.9090909090909091,1.0,0.9523809523809523,10
gaussian_blur,1,115,1.0,0.9,0.9473684210526316,10
gaussian_blur,1,116,1.0,1.0,1.0,10
gaussian_blur,1,117,1.0,1.0,1.0,10
gaussian_blur,1,118,1.0,0.9,0.9473684210526316,10
gaussian_blur,1,119,1.0,0.7,0.8235294117647058,10
gaussian_blur,1,120,0.9090909090909091,1.0,0.9523809523809523,10
gaussian_blur,1,121,0.5454545454545454,0.6,0.5714285714285713,10
gaussian_blur,1,122,1.0,0.4,0.5714285714285715,10
gaussian_blur,1,123,0.7142857142857143,1.0,0.8333333333333333,10
gaussian_blur,1,124,0.9090909090909091,1.0,0.9523809523809523,10
gaussian_blur,1,125,0.9,0.9,0.9,10
gaussian_blur,1,126,1.0,0.9,0.9473684210526316,10
gaussian_blur,1,127,1.0,0.6,0.7499999999999999,10
gaussian_blur,1,128,1.0,0.6,0.7499999999999999,10
gaussian_blur,1,129,1.0,0.6,0.7499999999999999,10
gaussian_blur,1,130,0.7777777777777778,0.7,0.7368421052631577,10
gaussian_blur,1,131,0.5,0.7,0.5833333333333334,10
gaussian_blur,1,132,1.0,0.9,0.9473684210526316,10
gaussian_blur,1,133,0.75,0.9,0.8181818181818182,10
gaussian_blur,1,134,0.9,0.9,0.9,10
gaussian_blur,1,135,0.8333333333333334,1.0,0.9090909090909091,10
gaussian_blur,1,136,0.9,0.9,0.9,10
gaussian_blur,1,137,0.7142857142857143,1.0,0.8333333333333333,10
gaussian_blur,1,138,0.8,0.8,0.8000000000000002,10
gaussian_blur,1,139,0.6363636363636364,0.7,0.6666666666666666,10
gaussian_blur,1,140,0.8571428571428571,0.6,0.7058823529411764,10
gaussian_blur,1,141,0.6428571428571429,0.9,0.75,10
gaussian_blur,1,142,0.875,0.7,0.7777777777777777,10
gaussian_blur,1,143,0.7142857142857143,0.5,0.588235294117647,10
gaussian_blur,1,144,0.9090909090909091,1.0,0.9523809523809523,10
gaussian_blur,1,145,1.0,0.9,0.9473684210526316,10
gaussian_blur,1,146,1.0,1.0,1.0,10
gaussian_blur,1,147,1.0,0.9,0.9473684210526316,10
gaussian_blur,1,148,1.0,1.0,1.0,10
gaussian_blur,1,149,1.0,0.9,0.9473684210526316,10
gaussian_blur,1,150,0.8181818181818182,0.9,0.8571428571428572,10
gaussian_blur,1,151,0.9090909090909091,1.0,0.9523809523809523,10
gaussian_blur,1,152,0.8181818181818182,0.9,0.8571428571428572,10
gaussian_blur,1,153,0.9090909090909091,1.0,0.9523809523809523,10
gaussian_blur,1,154,0.9,0.9,0.9,10
gaussian_blur,1,155,0.6,0.6,0.6,10
gaussian_blur,1,156,0.8571428571428571,0.6,0.7058823529411764,10
gaussian_blur,1,157,0.5,0.3,0.37499999999999994,10
gaussian_blur,1,158,0.75,0.6,0.6666666666666665,10
gaussian_blur,1,159,0.8,0.8,0.8000000000000002,10
gaussian_blur,1,160,0.46153846153846156,0.6,0.5217391304347826,10
gaussian_blur,1,161,0.5,0.6,0.5454545454545454,10
gaussian_blur,1,162,0.8,0.8,0.8000000000000002,10
gaussian_blur,1,163,0.9090909090909091,1.0,0.9523809523809523,10
gaussian_blur,1,164,0.8,0.8,0.8000000000000002,10
gaussian_blur,1,165,0.5833333333333334,0.7,0.6363636363636365,10
gaussian_blur,1,166,0.6666666666666666,0.6,0.631578947368421,10
gaussian_blur,1,167,0.8888888888888888,0.8,0.8421052631578948,10
gaussian_blur,1,168,0.8888888888888888,0.8,0.8421052631578948,10
gaussian_blur,1,169,0.8,0.8,0.8000000000000002,10
gaussian_blur,1,170,0.8333333333333334,1.0,0.9090909090909091,10
gaussian_blur,1,171,1.0,0.9,0.9473684210526316,10
gaussian_blur,1,172,0.8181818181818182,0.9,0.8571428571428572,10
gaussian_blur,1,173,0.9,0.9,0.9,10
gaussian_blur,1,174,1.0,0.8,0.888888888888889,10
gaussian_blur,1,175,0.8571428571428571,0.6,0.7058823529411764,10
gaussian_blur,1,176,0.7692307692307693,1.0,0.8695652173913044,10
gaussian_blur,1,177,0.875,0.7,0.7777777777777777,10
gaussian_blur,1,178,0.7142857142857143,0.5,0.588235294117647,10
gaussian_blur,1,179,0.8,0.8,0.8000000000000002,10
gaussian_blur,1,180,0.5555555555555556,0.5,0.5263157894736842,10
gaussian_blur,1,181,0.8888888888888888,0.8,0.8421052631578948,10
gaussian_blur,1,182,0.7,0.7,0.7,10
gaussian_blur,1,183,0.9090909090909091,1.0,0.9523809523809523,10
gaussian_blur,1,184,1.0,0.8,0.888888888888889,10
gaussian_blur,1,185,0.8181818181818182,0.9,0.8571428571428572,10
gaussian_blur,1,186,0.6923076923076923,0.9,0.7826086956521738,10
gaussian_blur,1,187,0.47058823529411764,0.8,0.5925925925925927,10
gaussian_blur,1,188,0.8888888888888888,0.8,0.8421052631578948,10
gaussian_blur,1,189,1.0,1.0,1.0,10
gaussian_blur,1,190,0.7777777777777778,0.7,0.7368421052631577,10
gaussian_blur,1,191,0.7142857142857143,1.0,0.8333333333333333,10
gaussian_blur,1,192,1.0,0.8,0.888888888888889,10
gaussian_blur,1,193,1.0,0.5,0.6666666666666666,10
gaussian_blur,1,194,1.0,1.0,1.0,10
gaussian_blur,1,195,0.8888888888888888,0.8,0.8421052631578948,10
gaussian_blur,1,196,0.7692307692307693,1.0,0.8695652173913044,10
gaussian_blur,1,197,0.875,0.7,0.7777777777777777,10
gaussian_blur,1,198,0.6666666666666666,0.6,0.631578947368421,10
gaussian_blur,1,199,1.0,0.5,0.6666666666666666,10
gaussian_blur,1,200,1.0,0.8,0.888888888888889,10
gaussian_blur,1,201,1.0,0.9,0.9473684210526316,10
gaussian_blur,1,202,0.6666666666666666,0.8,0.7272727272727272,10
gaussian_blur,1,203,0.6363636363636364,0.7,0.6666666666666666,10
gaussian_blur,1,204,0.6153846153846154,0.8,0.6956521739130435,10
gaussian_blur,1,205,0.8333333333333334,1.0,0.9090909090909091,10
gaussian_blur,1,206,1.0,0.7,0.8235294117647058,10
gaussian_blur,1,207,0.7,0.7,0.7,10
gaussian_blur,1,208,1.0,0.9,0.9473684210526316,10
gaussian_blur,1,209,0.6153846153846154,0.8,0.6956521739130435,10
gaussian_blur,1,210,0.6153846153846154,0.8,0.6956521739130435,10
gaussian_blur,1,211,0.9090909090909091,1.0,0.9523809523809523,10
gaussian_blur,1,212,0.8,0.8,0.8000000000000002,10
gaussian_blur,1,213,1.0,0.8,0.888888888888889,10
gaussian_blur,1,214,0.7777777777777778,0.7,0.7368421052631577,10
gaussian_blur,1,215,0.6,0.9,0.7200000000000001,10
gaussian_blur,1,216,0.7272727272727273,0.8,0.761904761904762,10
gaussian_blur,1,217,0.7777777777777778,0.7,0.7368421052631577,10
gaussian_blur,1,218,0.8181818181818182,0.9,0.8571428571428572,10
gaussian_blur,1,219,0.875,0.7,0.7777777777777777,10
gaussian_blur,1,220,0.5714285714285714,0.8,0.6666666666666666,10
gaussian_blur,1,221,1.0,0.8,0.888888888888889,10
gaussian_blur,1,222,0.8181818181818182,0.9,0.8571428571428572,10
gaussian_blur,1,223,1.0,1.0,1.0,10
gaussian_blur,1,224,1.0,0.6,0.7499999999999999,10
gaussian_blur,1,225,0.5294117647058824,0.9,0.6666666666666667,10
gaussian_blur,1,226,1.0,0.9,0.9473684210526316,10
gaussian_blur,1,227,0.5,0.7,0.5833333333333334,10
gaussian_blur,1,228,1.0,0.5,0.6666666666666666,10
gaussian_blur,1,229,0.9,0.9,0.9,10
gaussian_blur,1,230,0.875,0.7,0.7777777777777777,10
gaussian_blur,1,231,0.6666666666666666,0.8,0.7272727272727272,10
gaussian_blur,1,232,0.5714285714285714,0.8,0.6666666666666666,10
gaussian_blur,1,233,0.75,0.6,0.6666666666666665,10
gaussian_blur,1,234,1.0,0.9,0.9473684210526316,10
gaussian_blur,1,235,0.8888888888888888,0.8,0.8421052631578948,10
gaussian_blur,1,236,0.8888888888888888,0.8,0.8421052631578948,10
gaussian_blur,1,237,1.0,0.8,0.888888888888889,10
gaussian_blur,1,238,0.9090909090909091,1.0,0.9523809523809523,10
gaussian_blur,1,239,1.0,0.8,0.888888888888889,10
gaussian_blur,1,240,0.8,0.8,0.8000000000000002,10
gaussian_blur,1,241,0.8888888888888888,0.8,0.8421052631578948,10
gaussian_blur,1,242,1.0,0.7,0.8235294117647058,10
gaussian_blur,1,243,0.9090909090909091,1.0,0.9523809523809523,10
gaussian_blur,1,244,1.0,0.9,0.9473684210526316,10
gaussian_blur,1,245,0.6923076923076923,0.9,0.7826086956521738,10
gaussian_blur,1,246,0.7142857142857143,0.5,0.588235294117647,10
gaussian_blur,1,247,0.42857142857142855,0.3,0.3529411764705882,10
gaussian_blur,1,248,0.8888888888888888,0.8,0.8421052631578948,10
gaussian_blur,1,249,0.6153846153846154,0.8,0.6956521739130435,10
gaussian_blur,1,250,0.9090909090909091,1.0,0.9523809523809523,10
gaussian_blur,1,251,1.0,1.0,1.0,10
gaussian_blur,1,252,1.0,0.8,0.888888888888889,10
gaussian_blur,1,253,0.7272727272727273,0.8,0.761904761904762,10
gaussian_blur,1,254,0.8181818181818182,0.9,0.8571428571428572,10
gaussian_blur,1,255,0.9090909090909091,1.0,0.9523809523809523,10
gaussian_blur,1,256,0.6666666666666666,0.4,0.5,10
gaussian_blur,1,257,0.6923076923076923,0.9,0.7826086956521738,10
gaussian_blur,1,258,1.0,0.6,0.7499999999999999,10
gaussian_blur,1,259,0.6153846153846154,0.8,0.6956521739130435,10
gaussian_blur,1,260,0.8888888888888888,0.8,0.8421052631578948,10
gaussian_blur,1,261,0.7692307692307693,1.0,0.8695652173913044,10
gaussian_blur,1,262,0.75,0.9,0.8181818181818182,10
gaussian_blur,1,263,1.0,0.9,0.9473684210526316,10
gaussian_blur,1,264,0.9090909090909091,1.0,0.9523809523809523,10
gaussian_blur,1,265,0.7,0.7,0.7,10
gaussian_blur,1,266,0.9090909090909091,1.0,0.9523809523809523,10
gaussian_blur,1,267,0.8571428571428571,0.6,0.7058823529411764,10
gaussian_blur,1,268,0.8181818181818182,0.9,0.8571428571428572,10
gaussian_blur,1,269,0.8333333333333334,1.0,0.9090909090909091,10
gaussian_blur,1,270,0.9090909090909091,1.0,0.9523809523809523,10
gaussian_blur,1,271,0.8181818181818182,0.9,0.8571428571428572,10
gaussian_blur,1,272,1.0,0.9,0.9473684210526316,10
gaussian_blur,1,273,0.6923076923076923,0.9,0.7826086956521738,10
gaussian_blur,1,274,0.8888888888888888,0.8,0.8421052631578948,10
gaussian_blur,1,275,0.8888888888888888,0.8,0.8421052631578948,10
gaussian_blur,1,276,0.6923076923076923,0.9,0.7826086956521738,10
gaussian_blur,1,277,1.0,0.9,0.9473684210526316,10
gaussian_blur,1,278,0.7,0.7,0.7,10
gaussian_blur,1,279,0.9090909090909091,1.0,0.9523809523809523,10
gaussian_blur,1,280,1.0,0.9,0.9473684210526316,10
gaussian_blur,1,281,1.0,0.9,0.9473684210526316,10
gaussian_blur,1,282,1.0,0.8,0.888888888888889,10
gaussian_blur,1,283,1.0,0.9,0.9473684210526316,10
gaussian_blur,1,284,0.6923076923076923,0.9,0.7826086956521738,10
gaussian_blur,1,285,1.0,1.0,1.0,10
gaussian_blur,1,286,0.8181818181818182,0.9,0.8571428571428572,10
gaussian_blur,1,287,0.875,0.7,0.7777777777777777,10
gaussian_blur,1,288,0.9,0.9,0.9,10
gaussian_blur,1,289,1.0,0.8,0.888888888888889,10
gaussian_blur,1,290,1.0,0.9,0.9473684210526316,10
gaussian_blur,1,291,0.8333333333333334,1.0,0.9090909090909091,10
gaussian_blur,1,292,0.8888888888888888,0.8,0.8421052631578948,10
gaussian_blur,1,293,1.0,0.7,0.8235294117647058,10
gaussian_blur,1,294,0.75,0.9,0.8181818181818182,10
gaussian_blur,1,295,0.9,0.9,0.9,10
gaussian_blur,1,296,0.9090909090909091,1.0,0.9523809523809523,10
gaussian_blur,1,297,0.8181818181818182,0.9,0.8571428571428572,10
gaussian_blur,1,298,0.7692307692307693,1.0,0.8695652173913044,10
gaussian_blur,1,299,0.8333333333333334,1.0,0.9090909090909091,10
gaussian_blur,1,300,0.8333333333333334,1.0,0.9090909090909091,10
gaussian_blur,1,301,0.9090909090909091,1.0,0.9523809523809523,10
gaussian_blur,1,302,1.0,1.0,1.0,10
gaussian_blur,1,303,1.0,0.9,0.9473684210526316,10
gaussian_blur,1,304,0.7142857142857143,1.0,0.8333333333333333,10
gaussian_blur,1,305,1.0,0.7,0.8235294117647058,10
gaussian_blur,1,306,0.9,0.9,0.9,10
gaussian_blur,1,307,1.0,1.0,1.0,10
gaussian_blur,1,308,0.7272727272727273,0.8,0.761904761904762,10
gaussian_blur,1,309,0.7142857142857143,1.0,0.8333333333333333,10
gaussian_blur,1,310,0.8888888888888888,0.8,0.8421052631578948,10
gaussian_blur,1,311,0.9090909090909091,1.0,0.9523809523809523,10
gaussian_blur,1,312,0.9,0.9,0.9,10
gaussian_blur,1,313,1.0,0.8,0.888888888888889,10
gaussian_blur,1,314,0.9,0.9,0.9,10
gaussian_blur,1,315,0.9090909090909091,1.0,0.9523809523809523,10
gaussian_blur,1,316,1.0,1.0,1.0,10
gaussian_blur,1,317,1.0,0.9,0.9473684210526316,10
gaussian_blur,1,318,0.8333333333333334,1.0,0.9090909090909091,10
gaussian_blur,1,319,0.9,0.9,0.9,10
gaussian_blur,1,320,1.0,1.0,1.0,10
gaussian_blur,1,321,1.0,0.9,0.9473684210526316,10
gaussian_blur,1,322,0.4166666666666667,0.5,0.45454545454545453,10
gaussian_blur,1,323,0.9090909090909091,1.0,0.9523809523809523,10
gaussian_blur,1,324,1.0,1.0,1.0,10
gaussian_blur,1,325,1.0,0.6,0.7499999999999999,10
gaussian_blur,1,326,0.9090909090909091,1.0,0.9523809523809523,10
gaussian_blur,1,327,0.8181818181818182,0.9,0.8571428571428572,10
gaussian_blur,1,328,0.9090909090909091,1.0,0.9523809523809523,10
gaussian_blur,1,329,1.0,0.9,0.9473684210526316,10
gaussian_blur,1,330,0.9,0.9,0.9,10
gaussian_blur,1,331,1.0,1.0,1.0,10
gaussian_blur,1,332,0.6666666666666666,0.8,0.7272727272727272,10
gaussian_blur,1,333,0.6153846153846154,0.8,0.6956521739130435,10
gaussian_blur,1,334,1.0,0.7,0.8235294117647058,10
gaussian_blur,1,335,0.5555555555555556,0.5,0.5263157894736842,10
gaussian_blur,1,336,0.7142857142857143,1.0,0.8333333333333333,10
gaussian_blur,1,337,0.8181818181818182,0.9,0.8571428571428572,10
gaussian_blur,1,338,0.6666666666666666,0.8,0.7272727272727272,10
gaussian_blur,1,339,1.0,0.9,0.9473684210526316,10
gaussian_blur,1,340,0.9090909090909091,1.0,0.9523809523809523,10
gaussian_blur,1,341,0.6666666666666666,1.0,0.8,10
gaussian_blur,1,342,0.8333333333333334,1.0,0.9090909090909091,10
gaussian_blur,1,343,0.9,0.9,0.9,10
gaussian_blur,1,344,1.0,1.0,1.0,10
gaussian_blur,1,345,1.0,1.0,1.0,10
gaussian_blur,1,346,0.8333333333333334,0.5,0.625,10
gaussian_blur,1,347,0.8,0.8,0.8000000000000002,10
gaussian_blur,1,348,1.0,0.8,0.888888888888889,10
gaussian_blur,1,349,0.8181818181818182,0.9,0.8571428571428572,10
gaussian_blur,1,350,1.0,1.0,1.0,10
gaussian_blur,1,351,1.0,0.8,0.888888888888889,10
gaussian_blur,1,352,1.0,0.9,0.9473684210526316,10
gaussian_blur,1,353,0.6666666666666666,0.8,0.7272727272727272,10
gaussian_blur,1,354,1.0,0.7,0.8235294117647058,10
gaussian_blur,1,355,0.9090909090909091,1.0,0.9523809523809523,10
gaussian_blur,1,356,1.0,1.0,1.0,10
gaussian_blur,1,357,0.7692307692307693,1.0,0.8695652173913044,10
gaussian_blur,1,358,0.8888888888888888,0.8,0.8421052631578948,10
gaussian_blur,1,359,1.0,0.8,0.888888888888889,10
gaussian_blur,1,360,0.9,0.9,0.9,10
gaussian_blur,1,361,0.9,0.9,0.9,10
gaussian_blur,1,362,1.0,1.0,1.0,10
gaussian_blur,1,363,0.9090909090909091,1.0,0.9523809523809523,10
gaussian_blur,1,364,1.0,0.9,0.9473684210526316,10
gaussian_blur,1,365,1.0,0.8,0.888888888888889,10
gaussian_blur,1,366,0.8181818181818182,0.9,0.8571428571428572,10
gaussian_blur,1,367,0.8888888888888888,0.8,0.8421052631578948,10
gaussian_blur,1,368,0.7142857142857143,1.0,0.8333333333333333,10
gaussian_blur,1,369,0.875,0.7,0.7777777777777777,10
gaussian_blur,1,370,0.9090909090909091,1.0,0.9523809523809523,10
gaussian_blur,1,371,1.0,0.6,0.7499999999999999,10
gaussian_blur,1,372,0.6666666666666666,0.8,0.7272727272727272,10
gaussian_blur,1,373,1.0,0.7,0.8235294117647058,10
gaussian_blur,1,374,1.0,0.5,0.6666666666666666,10
gaussian_blur,1,375,1.0,1.0,1.0,10
gaussian_blur,1,376,1.0,1.0,1.0,10
gaussian_blur,1,377,0.9,0.9,0.9,10
gaussian_blur,1,378,1.0,1.0,1.0,10
gaussian_blur,1,379,0.9090909090909091,1.0,0.9523809523809523,10
gaussian_blur,1,380,0.9090909090909091,1.0,0.9523809523809523,10
gaussian_blur,1,381,0.875,0.7,0.7777777777777777,10
gaussian_blur,1,382,1.0,1.0,1.0,10
gaussian_blur,1,383,1.0,0.8,0.888888888888889,10
gaussian_blur,1,384,1.0,0.9,0.9473684210526316,10
gaussian_blur,1,385,0.7777777777777778,0.7,0.7368421052631577,10
gaussian_blur,1,386,0.6153846153846154,0.8,0.6956521739130435,10
gaussian_blur,1,387,0.875,0.7,0.7777777777777777,10
gaussian_blur,1,388,0.8333333333333334,0.5,0.625,10
gaussian_blur,1,389,0.8,0.8,0.8000000000000002,10
gaussian_blur,1,390,0.8,0.8,0.8000000000000002,10
gaussian_blur,1,391,1.0,0.9,0.9473684210526316,10
gaussian_blur,1,392,0.7272727272727273,0.8,0.761904761904762,10
gaussian_blur,1,393,0.7,0.7,0.7,10
gaussian_blur,1,394,0.875,0.7,0.7777777777777777,10
gaussian_blur,1,395,0.6923076923076923,0.9,0.7826086956521738,10
gaussian_blur,1,396,1.0,1.0,1.0,10
gaussian_blur,1,397,1.0,1.0,1.0,10
gaussian_blur,1,398,0.9090909090909091,1.0,0.9523809523809523,10
gaussian_blur,1,399,0.8333333333333334,1.0,0.9090909090909091,10
gaussian_blur,1,400,0.9,0.9,0.9,10
gaussian_blur,1,401,1.0,1.0,1.0,10
gaussian_blur,1,402,1.0,0.9,0.9473684210526316,10
gaussian_blur,1,403,1.0,0.9,0.9473684210526316,10
gaussian_blur,1,404,1.0,0.9,0.9473684210526316,10
gaussian_blur,1,405,0.8333333333333334,1.0,0.9090909090909091,10
gaussian_blur,1,406,1.0,1.0,1.0,10
gaussian_blur,1,407,0.7692307692307693,1.0,0.8695652173913044,10
gaussian_blur,1,408,0.875,0.7,0.7777777777777777,10
gaussian_blur,1,409,0.8888888888888888,0.8,0.8421052631578948,10
gaussian_blur,1,410,0.5714285714285714,0.4,0.47058823529411764,10
gaussian_blur,1,411,0.9,0.9,0.9,10
gaussian_blur,1,412,1.0,0.9,0.9473684210526316,10
gaussian_blur,1,413,0.7692307692307693,1.0,0.8695652173913044,10
gaussian_blur,1,414,0.7692307692307693,1.0,0.8695652173913044,10
gaussian_blur,1,415,1.0,1.0,1.0,10
gaussian_blur,1,416,0.7692307692307693,1.0,0.8695652173913044,10
gaussian_blur,1,417,1.0,1.0,1.0,10
gaussian_blur,1,418,0.8333333333333334,1.0,0.9090909090909091,10
gaussian_blur,1,419,1.0,0.9,0.9473684210526316,10
gaussian_blur,1,420,0.9,0.9,0.9,10
gaussian_blur,1,421,1.0,1.0,1.0,10
gaussian_blur,1,422,0.9,0.9,0.9,10
gaussian_blur,1,423,0.6923076923076923,0.9,0.7826086956521738,10
gaussian_blur,1,424,1.0,1.0,1.0,10
gaussian_blur,1,425,1.0,1.0,1.0,10
gaussian_blur,1,426,0.9,0.9,0.9,10
gaussian_blur,1,427,1.0,1.0,1.0,10
gaussian_blur,1,428,0.7,0.7,0.7,10
gaussian_blur,1,429,0.8,0.8,0.8000000000000002,10
gaussian_blur,1,430,0.9090909090909091,1.0,0.9523809523809523,10
gaussian_blur,1,431,0.9,0.9,0.9,10
gaussian_blur,1,432,0.6923076923076923,0.9,0.7826086956521738,10
gaussian_blur,1,433,1.0,0.9,0.9473684210526316,10
gaussian_blur,1,434,1.0,0.8,0.888888888888889,10
gaussian_blur,1,435,0.75,0.9,0.8181818181818182,10
gaussian_blur,1,436,1.0,0.8,0.888888888888889,10
gaussian_blur,1,437,0.8888888888888888,0.8,0.8421052631578948,10
gaussian_blur,1,438,0.7,0.7,0.7,10
gaussian_blur,1,439,0.8888888888888888,0.8,0.8421052631578948,10
gaussian_blur,1,440,1.0,1.0,1.0,10
gaussian_blur,1,441,1.0,0.7,0.8235294117647058,10
gaussian_blur,1,442,0.8,0.4,0.5333333333333333,10
gaussian_blur,1,443,1.0,1.0,1.0,10
gaussian_blur,1,444,0.7692307692307693,1.0,0.8695652173913044,10
gaussian_blur,1,445,1.0,0.9,0.9473684210526316,10
gaussian_blur,1,446,0.875,0.7,0.7777777777777777,10
gaussian_blur,1,447,1.0,0.9,0.9473684210526316,10
gaussian_blur,1,448,0.9,0.9,0.9,10
gaussian_blur,1,449,0.8888888888888888,0.8,0.8421052631578948,10
gaussian_blur,1,450,1.0,1.0,1.0,10
gaussian_blur,1,451,1.0,0.8,0.888888888888889,10
gaussian_blur,1,452,0.9090909090909091,1.0,0.9523809523809523,10
gaussian_blur,1,453,0.9,0.9,0.9,10
gaussian_blur,1,454,0.9090909090909091,1.0,0.9523809523809523,10
gaussian_blur,1,455,0.75,0.6,0.6666666666666665,10
gaussian_blur,1,456,0.6666666666666666,0.8,0.7272727272727272,10
gaussian_blur,1,457,1.0,1.0,1.0,10
gaussian_blur,1,458,1.0,0.8,0.888888888888889,10
gaussian_blur,1,459,1.0,1.0,1.0,10
gaussian_blur,1,460,1.0,1.0,1.0,10
gaussian_blur,1,461,0.9090909090909091,1.0,0.9523809523809523,10
gaussian_blur,1,462,0.7272727272727273,0.8,0.761904761904762,10
gaussian_blur,1,463,0.5263157894736842,1.0,0.6896551724137931,10
gaussian_blur,1,464,1.0,0.9,0.9473684210526316,10
gaussian_blur,1,465,0.8,0.8,0.8000000000000002,10
gaussian_blur,1,466,0.5555555555555556,0.5,0.5263157894736842,10
gaussian_blur,1,467,0.8571428571428571,0.6,0.7058823529411764,10
gaussian_blur,1,468,0.75,0.9,0.8181818181818182,10
gaussian_blur,1,469,0.9,0.9,0.9,10
gaussian_blur,1,470,0.75,0.9,0.8181818181818182,10
gaussian_blur,1,471,1.0,0.9,0.9473684210526316,10
gaussian_blur,1,472,0.875,0.7,0.7777777777777777,10
gaussian_blur,1,473,1.0,0.9,0.9473684210526316,10
gaussian_blur,1,474,0.9090909090909091,1.0,0.9523809523809523,10
gaussian_blur,1,475,0.9090909090909091,1.0,0.9523809523809523,10
gaussian_blur,1,476,0.6666666666666666,0.8,0.7272727272727272,10
gaussian_blur,1,477,1.0,1.0,1.0,10
gaussian_blur,1,478,0.8,0.8,0.8000000000000002,10
gaussian_blur,1,479,0.9,0.9,0.9,10
gaussian_blur,1,480,0.9,0.9,0.9,10
gaussian_blur,1,481,0.8,0.8,0.8000000000000002,10
gaussian_blur,1,482,1.0,0.9,0.9473684210526316,10
gaussian_blur,1,483,0.6666666666666666,1.0,0.8,10
gaussian_blur,1,484,0.7692307692307693,1.0,0.8695652173913044,10
gaussian_blur,1,485,0.8181818181818182,0.9,0.8571428571428572,10
gaussian_blur,1,486,0.9090909090909091,1.0,0.9523809523809523,10
gaussian_blur,1,487,0.8181818181818182,0.9,0.8571428571428572,10
gaussian_blur,1,488,0.7272727272727273,0.8,0.761904761904762,10
gaussian_blur,1,489,1.0,0.9,0.9473684210526316,10
gaussian_blur,1,490,1.0,0.9,0.9473684210526316,10
gaussian_blur,1,491,0.9090909090909091,1.0,0.9523809523809523,10
gaussian_blur,1,492,0.75,0.9,0.8181818181818182,10
gaussian_blur,1,493,0.8181818181818182,0.9,0.8571428571428572,10
gaussian_blur,1,494,0.6666666666666666,0.6,0.631578947368421,10
gaussian_blur,1,495,0.5555555555555556,0.5,0.5263157894736842,10
gaussian_blur,1,496,0.7,0.7,0.7,10
gaussian_blur,1,497,0.8571428571428571,0.6,0.7058823529411764,10
gaussian_blur,1,498,0.7142857142857143,1.0,0.8333333333333333,10
gaussian_blur,1,499,0.9,0.9,0.9,10
gaussian_blur,2,000,1.0,0.8,0.888888888888889,10
gaussian_blur,2,001,0.7777777777777778,0.7,0.7368421052631577,10
gaussian_blur,2,002,0.75,0.9,0.8181818181818182,10
gaussian_blur,2,003,0.6428571428571429,0.9,0.75,10
gaussian_blur,2,004,0.8,0.8,0.8000000000000002,10
gaussian_blur,2,005,0.875,0.7,0.7777777777777777,10
gaussian_blur,2,006,0.7777777777777778,0.7,0.7368421052631577,10
gaussian_blur,2,007,0.5294117647058824,0.9,0.6666666666666667,10
gaussian_blur,2,008,0.75,0.6,0.6666666666666665,10
gaussian_blur,2,009,1.0,0.9,0.9473684210526316,10
gaussian_blur,2,010,0.6666666666666666,0.8,0.7272727272727272,10
gaussian_blur,2,011,0.9,0.9,0.9,10
gaussian_blur,2,012,1.0,0.8,0.888888888888889,10
gaussian_blur,2,013,0.8,0.8,0.8000000000000002,10
gaussian_blur,2,014,0.6153846153846154,0.8,0.6956521739130435,10
gaussian_blur,2,015,0.875,0.7,0.7777777777777777,10
gaussian_blur,2,016,0.8571428571428571,0.6,0.7058823529411764,10
gaussian_blur,2,017,1.0,0.9,0.9473684210526316,10
gaussian_blur,2,018,0.9090909090909091,1.0,0.9523809523809523,10
gaussian_blur,2,019,0.8181818181818182,0.9,0.8571428571428572,10
gaussian_blur,2,020,1.0,0.9,0.9473684210526316,10
gaussian_blur,2,021,0.75,0.9,0.8181818181818182,10
gaussian_blur,2,022,0.7777777777777778,0.7,0.7368421052631577,10
gaussian_blur,2,023,0.5882352941176471,1.0,0.7407407407407407,10
gaussian_blur,2,024,0.7142857142857143,1.0,0.8333333333333333,10
gaussian_blur,2,025,0.7777777777777778,0.7,0.7368421052631577,10
gaussian_blur,2,026,0.7142857142857143,0.5,0.588235294117647,10
gaussian_blur,2,027,0.8888888888888888,0.8,0.8421052631578948,10
gaussian_blur,2,028,0.6666666666666666,0.8,0.7272727272727272,10
gaussian_blur,2,029,1.0,0.8,0.888888888888889,10
gaussian_blur,2,030,0.75,0.9,0.8181818181818182,10
gaussian_blur,2,031,0.8571428571428571,0.6,0.7058823529411764,10
gaussian_blur,2,032,0.75,0.9,0.8181818181818182,10
gaussian_blur,2,033,0.7272727272727273,0.8,0.761904761904762,10
gaussian_blur,2,034,0.8571428571428571,0.6,0.7058823529411764,10
gaussian_blur,2,035,0.4,0.8,0.5333333333333333,10
gaussian_blur,2,036,0.7692307692307693,1.0,0.8695652173913044,10
gaussian_blur,2,037,0.7,0.7,0.7,10
gaussian_blur,2,038,0.6666666666666666,0.4,0.5,10
gaussian_blur,2,039,0.8,0.4,0.5333333333333333,10
gaussian_blur,2,040,0.7272727272727273,0.8,0.761904761904762,10
gaussian_blur,2,041,1.0,1.0,1.0,10
gaussian_blur,2,042,0.7272727272727273,0.8,0.761904761904762,10
gaussian_blur,2,043,1.0,0.9,0.9473684210526316,10
gaussian_blur,2,044,1.0,0.9,0.9473684210526316,10
gaussian_blur,2,045,0.9090909090909091,1.0,0.9523809523809523,10
gaussian_blur,2,046,0.8888888888888888,0.8,0.8421052631578948,10
gaussian_blur,2,047,1.0,0.8,0.888888888888889,10
gaussian_blur,2,048,0.75,0.6,0.6666666666666665,10
gaussian_blur,2,049,1.0,0.7,0.8235294117647058,10
gaussian_blur,2,050,0.8,0.8,0.8000000000000002,10
gaussian_blur,2,051,0.75,0.9,0.8181818181818182,10
gaussian_blur,2,052,0.8,0.8,0.8000000000000002,10
gaussian_blur,2,053,1.0,0.7,0.8235294117647058,10
gaussian_blur,2,054,0.6666666666666666,0.8,0.7272727272727272,10
gaussian_blur,2,055,0.8181818181818182,0.9,0.8571428571428572,10
gaussian_blur,2,056,1.0,0.5,0.6666666666666666,10
gaussian_blur,2,057,0.6666666666666666,0.8,0.7272727272727272,10
gaussian_blur,2,058,1.0,0.9,0.9473684210526316,10
gaussian_blur,2,059,0.9,0.9,0.9,10
gaussian_blur,2,060,1.0,1.0,1.0,10
gaussian_blur,2,061,1.0,0.9,0.9473684210526316,10
gaussian_blur,2,062,1.0,1.0,1.0,10
gaussian_blur,2,063,0.8333333333333334,1.0,0.9090909090909091,10
gaussian_blur,2,064,1.0,0.8,0.888888888888889,10
gaussian_blur,2,065,0.7777777777777778,0.7,0.7368421052631577,10
gaussian_blur,2,066,0.7777777777777778,0.7,0.7368421052631577,10
gaussian_blur,2,067,0.875,0.7,0.7777777777777777,10
gaussian_blur,2,068,1.0,1.0,1.0,10
gaussian_blur,2,069,0.6363636363636364,0.7,0.6666666666666666,10
gaussian_blur,2,070,0.9090909090909091,1.0,0.9523809523809523,10
gaussian_blur,2,071,0.6428571428571429,0.9,0.75,10
gaussian_blur,2,072,0.8333333333333334,1.0,0.9090909090909091,10
gaussian_blur,2,073,1.0,0.7,0.8235294117647058,10
gaussian_blur,2,074,0.9,0.9,0.9,10
gaussian_blur,2,075,0.9,0.9,0.9,10
gaussian_blur,2,076,1.0,0.7,0.8235294117647058,10
gaussian_blur,2,077,0.7777777777777778,0.7,0.7368421052631577,10
gaussian_blur,2,078,0.7777777777777778,0.7,0.7368421052631577,10
gaussian_blur,2,079,0.9,0.9,0.9,10
gaussian_blur,2,080,1.0,0.5,0.6666666666666666,10
gaussian_blur,2,081,0.8181818181818182,0.9,0.8571428571428572,10
gaussian_blur,2,082,0.8181818181818182,0.9,0.8571428571428572,10
gaussian_blur,2,083,0.8,0.8,0.8000000000000002,10
gaussian_blur,2,084,1.0,0.4,0.5714285714285715,10
gaussian_blur,2,085,0.9090909090909091,1.0,0.9523809523809523,10
gaussian_blur,2,086,1.0,0.9,0.9473684210526316,10
gaussian_blur,2,087,0.6363636363636364,0.7,0.6666666666666666,10
gaussian_blur,2,088,0.7,0.7,0.7,10
gaussian_blur,2,089,1.0,0.8,0.888888888888889,10
gaussian_blur,2,090,1.0,0.4,0.5714285714285715,10
gaussian_blur,2,091,1.0,1.0,1.0,10
gaussian_blur,2,092,1.0,0.9,0.9473684210526316,10
gaussian_blur,2,093,1.0,1.0,1.0,10
gaussian_blur,2,094,0.5625,0.9,0.6923076923076923,10
gaussian_blur,2,095,1.0,1.0,1.0,10
gaussian_blur,2,096,1.0,1.0,1.0,10
gaussian_blur,2,097,1.0,0.7,0.8235294117647058,10
gaussian_blur,2,098,0.8,0.8,0.8000000000000002,10
gaussian_blur,2,099,1.0,0.7,0.8235294117647058,10
gaussian_blur,2,100,0.6428571428571429,0.9,0.75,10
gaussian_blur,2,101,1.0,1.0,1.0,10
gaussian_blur,2,102,0.9,0.9,0.9,10
gaussian_blur,2,103,1.0,0.7,0.8235294117647058,10
gaussian_blur,2,104,1.0,0.5,0.6666666666666666,10
gaussian_blur,2,105,0.8888888888888888,0.8,0.8421052631578948,10
gaussian_blur,2,106,0.875,0.7,0.7777777777777777,10
gaussian_blur,2,107,0.8181818181818182,0.9,0.8571428571428572,10
gaussian_blur,2,108,1.0,0.9,0.9473684210526316,10
gaussian_blur,2,109,0.9,0.9,0.9,10
gaussian_blur,2,110,0.7,0.7,0.7,10
gaussian_blur,2,111,1.0,0.8,0.888888888888889,10
gaussian_blur,2,112,1.0,0.9,0.9473684210526316,10
gaussian_blur,2,113,1.0,0.9,0.9473684210526316,10
gaussian_blur,2,114,0.8181818181818182,0.9,0.8571428571428572,10
gaussian_blur,2,115,0.6923076923076923,0.9,0.7826086956521738,10
gaussian_blur,2,116,1.0,1.0,1.0,10
gaussian_blur,2,117,1.0,1.0,1.0,10
gaussian_blur,2,118,0.9,0.9,0.9,10
gaussian_blur,2,119,1.0,0.4,0.5714285714285715,10
gaussian_blur,2,120,0.625,1.0,0.7692307692307693,10
gaussian_blur,2,121,0.5,0.4,0.4444444444444445,10
gaussian_blur,2,122,0.8333333333333334,0.5,0.625,10
gaussian_blur,2,123,0.6923076923076923,0.9,0.7826086956521738,10
gaussian_blur,2,124,0.8333333333333334,1.0,0.9090909090909091,10
gaussian_blur,2,125,0.6153846153846154,0.8,0.6956521739130435,10
gaussian_blur,2,126,0.8888888888888888,0.8,0.8421052631578948,10
gaussian_blur,2,127,0.75,0.6,0.6666666666666665,10
gaussian_blur,2,128,1.0,0.4,0.5714285714285715,10
gaussian_blur,2,129,0.8,0.4,0.5333333333333333,10
gaussian_blur,2,130,0.7777777777777778,0.7,0.7368421052631577,10
gaussian_blur,2,131,0.5,0.5,0.5,10
gaussian_blur,2,132,0.875,0.7,0.7777777777777777,10
gaussian_blur,2,133,0.6666666666666666,0.8,0.7272727272727272,10
gaussian_blur,2,134,0.8,0.8,0.8000000000000002,10
gaussian_blur,2,135,0.8,0.8,0.8000000000000002,10
gaussian_blur,2,136,0.7142857142857143,0.5,0.588235294117647,10
gaussian_blur,2,137,0.5625,0.9,0.6923076923076923,10
gaussian_blur,2,138,0.8571428571428571,0.6,0.7058823529411764,10
gaussian_blur,2,139,0.3888888888888889,0.7,0.5,10
gaussian_blur,2,140,0.8,0.4,0.5333333333333333,10
gaussian_blur,2,141,0.875,0.7,0.7777777777777777,10
gaussian_blur,2,142,0.875,0.7,0.7777777777777777,10
gaussian_blur,2,143,0.625,0.5,0.5555555555555556,10
gaussian_blur,2,144,0.7272727272727273,0.8,0.761904761904762,10
gaussian_blur,2,145,1.0,0.8,0.888888888888889,10
gaussian_blur,2,146,0.8888888888888888,0.8,0.8421052631578948,10
gaussian_blur,2,147,0.8888888888888888,0.8,0.8421052631578948,10
gaussian_blur,2,148,1.0,1.0,1.0,10
gaussian_blur,2,149,0.9,0.9,0.9,10
gaussian_blur,2,150,0.8888888888888888,0.8,0.8421052631578948,10
gaussian_blur,2,151,1.0,1.0,1.0,10
gaussian_blur,2,152,0.8888888888888888,0.8,0.8421052631578948,10
gaussian_blur,2,153,1.0,0.8,0.888888888888889,10
gaussian_blur,2,154,0.6666666666666666,0.8,0.7272727272727272,10
gaussian_blur,2,155,0.4166666666666667,0.5,0.45454545454545453,10
gaussian_blur,2,156,0.8571428571428571,0.6,0.7058823529411764,10
gaussian_blur,2,157,0.625,0.5,0.5555555555555556,10
gaussian_blur,2,158,0.6,0.3,0.4,10
gaussian_blur,2,159,0.6923076923076923,0.9,0.7826086956521738,10
gaussian_blur,2,160,0.5384615384615384,0.7,0.608695652173913,10
gaussian_blur,2,161,0.625,0.5,0.5555555555555556,10
gaussian_blur,2,162,0.875,0.7,0.7777777777777777,10
gaussian_blur,2,163,1.0,0.9,0.9473684210526316,10
gaussian_blur,2,164,0.7777777777777778,0.7,0.7368421052631577,10
gaussian_blur,2,165,0.4375,0.7,0.5384615384615384,10
gaussian_blur,2,166,0.8571428571428571,0.6,0.7058823529411764,10
gaussian_blur,2,167,1.0,0.8,0.888888888888889,10
gaussian_blur,2,168,0.7272727272727273,0.8,0.761904761904762,10
gaussian_blur,2,169,0.7777777777777778,0.7,0.7368421052631577,10
gaussian_blur,2,170,0.75,0.9,0.8181818181818182,10
gaussian_blur,2,171,0.8888888888888888,0.8,0.8421052631578948,10
gaussian_blur,2,172,0.6666666666666666,0.8,0.7272727272727272,10
gaussian_blur,2,173,0.8181818181818182,0.9,0.8571428571428572,10
gaussian_blur,2,174,1.0,0.6,0.7499999999999999,10
gaussian_blur,2,175,0.8,0.4,0.5333333333333333,10
gaussian_blur,2,176,0.75,0.9,0.8181818181818182,10
gaussian_blur,2,177,0.7272727272727273,0.8,0.761904761904762,10
gaussian_blur,2,178,0.5,0.5,0.5,10
gaussian_blur,2,179,0.8,0.8,0.8000000000000002,10
gaussian_blur,2,180,0.8,0.4,0.5333333333333333,10
gaussian_blur,2,181,0.6153846153846154,0.8,0.6956521739130435,10
gaussian_blur,2,182,1.0,0.6,0.7499999999999999,10
gaussian_blur,2,183,0.6428571428571429,0.9,0.75,10
gaussian_blur,2,184,1.0,0.8,0.888888888888889,10
gaussian_blur,2,185,0.75,0.6,0.6666666666666665,10
gaussian_blur,2,186,0.8888888888888888,0.8,0.8421052631578948,10
gaussian_blur,2,187,0.4117647058823529,0.7,0.5185185185185185,10
gaussian_blur,2,188,0.6,0.9,0.7200000000000001,10
gaussian_blur,2,189,1.0,1.0,1.0,10
gaussian_blur,2,190,0.875,0.7,0.7777777777777777,10
gaussian_blur,2,191,1.0,0.8,0.888888888888889,10
gaussian_blur,2,192,1.0,0.7,0.8235294117647058,10
gaussian_blur,2,193,0.8571428571428571,0.6,0.7058823529411764,10
gaussian_blur,2,194,0.8888888888888888,0.8,0.8421052631578948,10
gaussian_blur,2,195,0.7777777777777778,0.7,0.7368421052631577,10
gaussian_blur,2,196,0.75,0.9,0.8181818181818182,10
gaussian_blur,2,197,0.8,0.4,0.5333333333333333,10
gaussian_blur,2,198,0.45454545454545453,0.5,0.47619047619047616,10
gaussian_blur,2,199,0.8,0.4,0.5333333333333333,10
gaussian_blur,2,200,0.8,0.8,0.8000000000000002,10
gaussian_blur,2,201,0.7,0.7,0.7,10
gaussian_blur,2,202,0.7,0.7,0.7,10
gaussian_blur,2,203,0.5833333333333334,0.7,0.6363636363636365,10
gaussian_blur,2,204,0.4444444444444444,0.8,0.5714285714285714,10
gaussian_blur,2,205,0.8333333333333334,1.0,0.9090909090909091,10
gaussian_blur,2,206,0.7142857142857143,0.5,0.588235294117647,10
gaussian_blur,2,207,0.6363636363636364,0.7,0.6666666666666666,10
gaussian_blur,2,208,0.75,0.9,0.8181818181818182,10
gaussian_blur,2,209,0.7,0.7,0.7,10
gaussian_blur,2,210,0.8,0.8,0.8000000000000002,10
gaussian_blur,2,211,0.9,0.9,0.9,10
gaussian_blur,2,212,0.7777777777777778,0.7,0.7368421052631577,10
gaussian_blur,2,213,0.6,0.6,0.6,10
gaussian_blur,2,214,0.8333333333333334,0.5,0.625,10
gaussian_blur,2,215,0.75,0.9,0.8181818181818182,10
gaussian_blur,2,216,0.7777777777777778,0.7,0.7368421052631577,10
gaussian_blur,2,217,0.75,0.6,0.6666666666666665,10
gaussian_blur,2,218,0.75,0.9,0.8181818181818182,10
gaussian_blur,2,219,0.8571428571428571,0.6,0.7058823529411764,10
gaussian_blur,2,220,0.47058823529411764,0.8,0.5925925925925927,10
gaussian_blur,2,221,0.8888888888888888,0.8,0.8421052631578948,10
gaussian_blur,2,222,0.6153846153846154,0.8,0.6956521739130435,10
gaussian_blur,2,223,0.9090909090909091,1.0,0.9523809523809523,10
gaussian_blur,2,224,0.875,0.7,0.7777777777777777,10
gaussian_blur,2,225,0.4090909090909091,0.9,0.5625000000000001,10
gaussian_blur,2,226,0.7777777777777778,0.7,0.7368421052631577,10
gaussian_blur,2,227,0.3333333333333333,0.5,0.4,10
gaussian_blur,2,228,1.0,0.5,0.6666666666666666,10
gaussian_blur,2,229,0.8181818181818182,0.9,0.8571428571428572,10
gaussian_blur,2,230,0.6666666666666666,0.8,0.7272727272727272,10
gaussian_blur,2,231,0.875,0.7,0.7777777777777777,10
gaussian_blur,2,232,0.4444444444444444,0.4,0.4210526315789474,10
gaussian_blur,2,233,0.625,0.5,0.5555555555555556,10
gaussian_blur,2,234,0.8888888888888888,0.8,0.8421052631578948,10
gaussian_blur,2,235,0.875,0.7,0.7777777777777777,10
gaussian_blur,2,236,0.8571428571428571,0.6,0.7058823529411764,10
gaussian_blur,2,237,1.0,0.7,0.8235294117647058,10
gaussian_blur,2,238,0.9,0.9,0.9,10
gaussian_blur,2,239,1.0,0.7,0.8235294117647058,10
gaussian_blur,2,240,0.6666666666666666,0.8,0.7272727272727272,10
gaussian_blur,2,241,0.6363636363636364,0.7,0.6666666666666666,10
gaussian_blur,2,242,1.0,0.5,0.6666666666666666,10
gaussian_blur,2,243,0.9090909090909091,1.0,0.9523809523809523,10
gaussian_blur,2,244,0.9,0.9,0.9,10
gaussian_blur,2,245,0.6666666666666666,0.8,0.7272727272727272,10
gaussian_blur,2,246,0.3333333333333333,0.2,0.25,10
gaussian_blur,2,247,0.6666666666666666,0.2,0.30769230769230765,10
gaussian_blur,2,248,0.8888888888888888,0.8,0.8421052631578948,10
gaussian_blur,2,249,0.6666666666666666,0.8,0.7272727272727272,10
gaussian_blur,2,250,0.9,0.9,0.9,10
gaussian_blur,2,251,1.0,0.9,0.9473684210526316,10
gaussian_blur,2,252,0.7777777777777778,0.7,0.7368421052631577,10
gaussian_blur,2,253,0.8,0.4,0.5333333333333333,10
gaussian_blur,2,254,0.6,0.9,0.7200000000000001,10
gaussian_blur,2,255,0.5714285714285714,0.8,0.6666666666666666,10
gaussian_blur,2,256,0.6,0.3,0.4,10
gaussian_blur,2,257,0.6,0.9,0.7200000000000001,10
gaussian_blur,2,258,1.0,0.5,0.6666666666666666,10
gaussian_blur,2,259,0.6363636363636364,0.7,0.6666666666666666,10
gaussian_blur,2,260,0.875,0.7,0.7777777777777777,10
gaussian_blur,2,261,0.47368421052631576,0.9,0.6206896551724138,10
gaussian_blur,2,262,0.8,0.8,0.8000000000000002,10
gaussian_blur,2,263,0.6923076923076923,0.9,0.7826086956521738,10
gaussian_blur,2,264,0.7142857142857143,1.0,0.8333333333333333,10
gaussian_blur,2,265,0.4,0.4,0.4000000000000001,10
gaussian_blur,2,266,0.8,0.8,0.8000000000000002,10
gaussian_blur,2,267,1.0,0.5,0.6666666666666666,10
gaussian_blur,2,268,0.5625,0.9,0.6923076923076923,10
gaussian_blur,2,269,1.0,0.8,0.888888888888889,10
gaussian_blur,2,270,0.7692307692307693,1.0,0.8695652173913044,10
gaussian_blur,2,271,0.7272727272727273,0.8,0.761904761904762,10
gaussian_blur,2,272,1.0,0.7,0.8235294117647058,10
gaussian_blur,2,273,0.7777777777777778,0.7,0.7368421052631577,10
gaussian_blur,2,274,1.0,0.6,0.7499999999999999,10
gaussian_blur,2,275,0.6363636363636364,0.7,0.6666666666666666,10
gaussian_blur,2,276,0.5384615384615384,0.7,0.608695652173913,10
gaussian_blur,2,277,0.875,0.7,0.7777777777777777,10
gaussian_blur,2,278,0.7142857142857143,0.5,0.588235294117647,10
gaussian_blur,2,279,0.9090909090909091,1.0,0.9523809523809523,10
gaussian_blur,2,280,1.0,0.8,0.888888888888889,10
gaussian_blur,2,281,0.8888888888888888,0.8,0.8421052631578948,10
gaussian_blur,2,282,0.7777777777777778,0.7,0.7368421052631577,10
gaussian_blur,2,283,1.0,0.9,0.9473684210526316,10
gaussian_blur,2,284,0.6363636363636364,0.7,0.6666666666666666,10
gaussian_blur,2,285,1.0,0.9,0.9473684210526316,10
gaussian_blur,2,286,0.6923076923076923,0.9,0.7826086956521738,10
gaussian_blur,2,287,1.0,0.7,0.8235294117647058,10
gaussian_blur,2,288,0.9,0.9,0.9,10
gaussian_blur,2,289,1.0,0.8,0.888888888888889,10
gaussian_blur,2,290,1.0,0.9,0.9473684210526316,10
gaussian_blur,2,291,0.9090909090909091,1.0,0.9523809523809523,10
gaussian_blur,2,292,0.8,0.8,0.8000000000000002,10
gaussian_blur,2,293,0.8888888888888888,0.8,0.8421052631578948,10
gaussian_blur,2,294,0.7272727272727273,0.8,0.761904761904762,10
gaussian_blur,2,295,0.7777777777777778,0.7,0.7368421052631577,10
gaussian_blur,2,296,0.6666666666666666,1.0,0.8,10
gaussian_blur,2,297,0.6666666666666666,0.8,0.7272727272727272,10
gaussian_blur,2,298,0.9090909090909091,1.0,0.9523809523809523,10
gaussian_blur,2,299,0.8333333333333334,1.0,0.9090909090909091,10
gaussian_blur,2,300,0.8333333333333334,1.0,0.9090909090909091,10
gaussian_blur,2,301,1.0,0.9,0.9473684210526316,10
gaussian_blur,2,302,0.9090909090909091,1.0,0.9523809523809523,10
gaussian_blur,2,303,0.6153846153846154,0.8,0.6956521739130435,10
gaussian_blur,2,304,0.875,0.7,0.7777777777777777,10
gaussian_blur,2,305,1.0,0.5,0.6666666666666666,10
gaussian_blur,2,306,0.5263157894736842,1.0,0.6896551724137931,10
gaussian_blur,2,307,1.0,1.0,1.0,10
gaussian_blur,2,308,0.8571428571428571,0.6,0.7058823529411764,10
gaussian_blur,2,309,0.7272727272727273,0.8,0.761904761904762,10
gaussian_blur,2,310,1.0,0.8,0.888888888888889,10
gaussian_blur,2,311,0.8181818181818182,0.9,0.8571428571428572,10
gaussian_blur,2,312,0.8181818181818182,0.9,0.8571428571428572,10
gaussian_blur,2,313,0.875,0.7,0.7777777777777777,10
gaussian_blur,2,314,0.9,0.9,0.9,10
gaussian_blur,2,315,0.6923076923076923,0.9,0.7826086956521738,10
gaussian_blur,2,316,0.9090909090909091,1.0,0.9523809523809523,10
gaussian_blur,2,317,1.0,0.9,0.9473684210526316,10
gaussian_blur,2,318,0.75,0.9,0.8181818181818182,10
gaussian_blur,2,319,1.0,0.9,0.9473684210526316,10
gaussian_blur,2,320,1.0,1.0,1.0,10
gaussian_blur,2,321,1.0,0.9,0.9473684210526316,10
gaussian_blur,2,322,0.2222222222222222,0.2,0.2105263157894737,10
gaussian_blur,2,323,0.8888888888888888,0.8,0.8421052631578948,10
gaussian_blur,2,324,1.0,0.9,0.9473684210526316,10
gaussian_blur,2,325,1.0,0.6,0.7499999999999999,10
gaussian_blur,2,326,0.6666666666666666,0.8,0.7272727272727272,10
gaussian_blur,2,327,0.875,0.7,0.7777777777777777,10
gaussian_blur,2,328,0.8333333333333334,1.0,0.9090909090909091,10
gaussian_blur,2,329,1.0,0.9,0.9473684210526316,10
gaussian_blur,2,330,0.6363636363636364,0.7,0.6666666666666666,10
gaussian_blur,2,331,0.75,0.9,0.8181818181818182,10
gaussian_blur,2,332,0.3333333333333333,0.4,0.3636363636363636,10
gaussian_blur,2,333,0.3157894736842105,0.6,0.41379310344827586,10
gaussian_blur,2,334,0.625,0.5,0.5555555555555556,10
gaussian_blur,2,335,0.4444444444444444,0.4,0.4210526315789474,10
gaussian_blur,2,336,0.8,0.8,0.8000000000000002,10
gaussian_blur,2,337,0.7777777777777778,0.7,0.7368421052631577,10
gaussian_blur,2,338,0.6666666666666666,0.8,0.7272727272727272,10
gaussian_blur,2,339,0.875,0.7,0.7777777777777777,10
gaussian_blur,2,340,0.6428571428571429,0.9,0.75,10
gaussian_blur,2,341,0.3,0.9,0.45000000000000007,10
gaussian_blur,2,342,0.7142857142857143,1.0,0.8333333333333333,10
gaussian_blur,2,343,0.75,0.6,0.6666666666666665,10
gaussian_blur,2,344,0.8181818181818182,0.9,0.8571428571428572,10
gaussian_blur,2,345,0.8333333333333334,1.0,0.9090909090909091,10
gaussian_blur,2,346,0.8,0.4,0.5333333333333333,10
gaussian_blur,2,347,0.875,0.7,0.7777777777777777,10
gaussian_blur,2,348,0.6666666666666666,0.8,0.7272727272727272,10
gaussian_blur,2,349,1.0,0.5,0.6666666666666666,10
gaussian_blur,2,350,1.0,1.0,1.0,10
gaussian_blur,2,351,0.8888888888888888,0.8,0.8421052631578948,10
gaussian_blur,2,352,1.0,0.9,0.9473684210526316,10
gaussian_blur,2,353,0.5384615384615384,0.7,0.608695652173913,10
gaussian_blur,2,354,0.8571428571428571,0.6,0.7058823529411764,10
gaussian_blur,2,355,0.75,0.9,0.8181818181818182,10
gaussian_blur,2,356,0.8888888888888888,0.8,0.8421052631578948,10
gaussian_blur,2,357,0.45,0.9,0.6,10
gaussian_blur,2,358,0.875,0.7,0.7777777777777777,10
gaussian_blur,2,359,0.6666666666666666,0.6,0.631578947368421,10
gaussian_blur,2,360,1.0,0.8,0.888888888888889,10
gaussian_blur,2,361,0.625,1.0,0.7692307692307693,10
gaussian_blur,2,362,1.0,0.9,0.9473684210526316,10
gaussian_blur,2,363,0.7692307692307693,1.0,0.8695652173913044,10
gaussian_blur,2,364,1.0,0.9,0.9473684210526316,10
gaussian_blur,2,365,1.0,0.8,0.888888888888889,10
gaussian_blur,2,366,0.8,0.8,0.8000000000000002,10
gaussian_blur,2,367,0.75,0.6,0.6666666666666665,10
gaussian_blur,2,368,0.8181818181818182,0.9,0.8571428571428572,10
gaussian_blur,2,369,0.7777777777777778,0.7,0.7368421052631577,10
gaussian_blur,2,370,0.9090909090909091,1.0,0.9523809523809523,10
gaussian_blur,2,371,1.0,0.6,0.7499999999999999,10
gaussian_blur,2,372,0.7777777777777778,0.7,0.7368421052631577,10
gaussian_blur,2,373,1.0,0.6,0.7499999999999999,10
gaussian_blur,2,374,0.7142857142857143,0.5,0.588235294117647,10
gaussian_blur,2,375,0.8888888888888888,0.8,0.8421052631578948,10
gaussian_blur,2,376,0.9,0.9,0.9,10
gaussian_blur,2,377,0.8888888888888888,0.8,0.8421052631578948,10
gaussian_blur,2,378,1.0,0.8,0.888888888888889,10
gaussian_blur,2,379,0.5333333333333333,0.8,0.64,10
gaussian_blur,2,380,0.8333333333333334,1.0,0.9090909090909091,10
gaussian_blur,2,381,0.7,0.7,0.7,10
gaussian_blur,2,382,0.8,0.8,0.8000000000000002,10
gaussian_blur,2,383,0.875,0.7,0.7777777777777777,10
gaussian_blur,2,384,0.8333333333333334,1.0,0.9090909090909091,10
gaussian_blur,2,385,0.7777777777777778,0.7,0.7368421052631577,10
gaussian_blur,2,386,0.5294117647058824,0.9,0.6666666666666667,10
gaussian_blur,2,387,1.0,0.7,0.8235294117647058,10
gaussian_blur,2,388,0.5,0.2,0.28571428571428575,10
gaussian_blur,2,389,0.8333333333333334,0.5,0.625,10
gaussian_blur,2,390,0.8571428571428571,0.6,0.7058823529411764,10
gaussian_blur,2,391,0.8333333333333334,1.0,0.9090909090909091,10
gaussian_blur,2,392,0.6666666666666666,0.6,0.631578947368421,10
gaussian_blur,2,393,0.875,0.7,0.7777777777777777,10
gaussian_blur,2,394,0.8,0.8,0.8000000000000002,10
gaussian_blur,2,395,0.6666666666666666,1.0,0.8,10
gaussian_blur,2,396,1.0,1.0,1.0,10
gaussian_blur,2,397,1.0,1.0,1.0,10
gaussian_blur,2,398,0.7142857142857143,1.0,0.8333333333333333,10
gaussian_blur,2,399,0.8181818181818182,0.9,0.8571428571428572,10
gaussian_blur,2,400,0.6666666666666666,0.8,0.7272727272727272,10
gaussian_blur,2,401,1.0,1.0,1.0,10
gaussian_blur,2,402,0.9,0.9,0.9,10
gaussian_blur,2,403,1.0,0.8,0.888888888888889,10
gaussian_blur,2,404,1.0,0.8,0.888888888888889,10
gaussian_blur,2,405,0.8333333333333334,1.0,0.9090909090909091,10
gaussian_blur,2,406,1.0,0.9,0.9473684210526316,10
gaussian_blur,2,407,0.8,0.8,0.8000000000000002,10
gaussian_blur,2,408,0.7,0.7,0.7,10
gaussian_blur,2,409,0.8,0.8,0.8000000000000002,10
gaussian_blur,2,410,0.6666666666666666,0.4,0.5,10
gaussian_blur,2,411,0.8888888888888888,0.8,0.8421052631578948,10
gaussian_blur,2,412,1.0,0.7,0.8235294117647058,10
gaussian_blur,2,413,0.7142857142857143,1.0,0.8333333333333333,10
gaussian_blur,2,414,0.7,0.7,0.7,10
gaussian_blur,2,415,0.8888888888888888,0.8,0.8421052631578948,10
gaussian_blur,2,416,0.6153846153846154,0.8,0.6956521739130435,10
gaussian_blur,2,417,0.9090909090909091,1.0,0.9523809523809523,10
gaussian_blur,2,418,0.7692307692307693,1.0,0.8695652173913044,10
gaussian_blur,2,419,0.9,0.9,0.9,10
gaussian_blur,2,420,0.875,0.7,0.7777777777777777,10
gaussian_blur,2,421,1.0,0.9,0.9473684210526316,10
gaussian_blur,2,422,1.0,0.9,0.9473684210526316,10
gaussian_blur,2,423,0.47058823529411764,0.8,0.5925925925925927,10
gaussian_blur,2,424,1.0,1.0,1.0,10
gaussian_blur,2,425,0.8,0.8,0.8000000000000002,10
gaussian_blur,2,426,0.8888888888888888,0.8,0.8421052631578948,10
gaussian_blur,2,427,0.8333333333333334,1.0,0.9090909090909091,10
gaussian_blur,2,428,0.6363636363636364,0.7,0.6666666666666666,10
gaussian_blur,2,429,1.0,0.7,0.8235294117647058,10
gaussian_blur,2,430,0.6,0.9,0.7200000000000001,10
gaussian_blur,2,431,0.7142857142857143,0.5,0.588235294117647,10
gaussian_blur,2,432,0.8181818181818182,0.9,0.8571428571428572,10
gaussian_blur,2,433,1.0,0.7,0.8235294117647058,10
gaussian_blur,2,434,0.875,0.7,0.7777777777777777,10
gaussian_blur,2,435,0.6153846153846154,0.8,0.6956521739130435,10
gaussian_blur,2,436,0.8571428571428571,0.6,0.7058823529411764,10
gaussian_blur,2,437,0.8,0.8,0.8000000000000002,10
gaussian_blur,2,438,0.7,0.7,0.7,10
gaussian_blur,2,439,0.8571428571428571,0.6,0.7058823529411764,10
gaussian_blur,2,440,0.9090909090909091,1.0,0.9523809523809523,10
gaussian_blur,2,441,1.0,0.6,0.7499999999999999,10
gaussian_blur,2,442,0.5714285714285714,0.4,0.47058823529411764,10
gaussian_blur,2,443,1.0,1.0,1.0,10
gaussian_blur,2,444,0.5714285714285714,0.8,0.6666666666666666,10
gaussian_blur,2,445,0.9,0.9,0.9,10
gaussian_blur,2,446,0.8333333333333334,0.5,0.625,10
gaussian_blur,2,447,1.0,0.9,0.9473684210526316,10
gaussian_blur,2,448,0.6428571428571429,0.9,0.75,10
gaussian_blur,2,449,0.6,0.6,0.6,10
gaussian_blur,2,450,1.0,0.9,0.9473684210526316,10
gaussian_blur,2,451,0.7777777777777778,0.7,0.7368421052631577,10
gaussian_blur,2,452,0.8333333333333334,1.0,0.9090909090909091,10
gaussian_blur,2,453,0.8571428571428571,0.6,0.7058823529411764,10
gaussian_blur,2,454,1.0,0.9,0.9473684210526316,10
gaussian_blur,2,455,0.5,0.5,0.5,10
gaussian_blur,2,456,0.6,0.6,0.6,10
gaussian_blur,2,457,1.0,0.9,0.9473684210526316,10
gaussian_blur,2,458,1.0,0.6,0.7499999999999999,10
gaussian_blur,2,459,0.9,0.9,0.9,10
gaussian_blur,2,460,1.0,0.8,0.888888888888889,10
gaussian_blur,2,461,0.9090909090909091,1.0,0.9523809523809523,10
gaussian_blur,2,462,0.6363636363636364,0.7,0.6666666666666666,10
gaussian_blur,2,463,0.35714285714285715,1.0,0.5263157894736842,10
gaussian_blur,2,464,0.6923076923076923,0.9,0.7826086956521738,10
gaussian_blur,2,465,0.5,0.7,0.5833333333333334,10
gaussian_blur,2,466,0.6666666666666666,0.4,0.5,10
gaussian_blur,2,467,0.5,0.6,0.5454545454545454,10
gaussian_blur,2,468,0.5,0.7,0.5833333333333334,10
gaussian_blur,2,469,0.5625,0.9,0.6923076923076923,10
gaussian_blur,2,470,0.8,0.8,0.8000000000000002,10
gaussian_blur,2,471,1.0,0.7,0.8235294117647058,10
gaussian_blur,2,472,0.5,0.5,0.5,10
gaussian_blur,2,473,0.8888888888888888,0.8,0.8421052631578948,10
gaussian_blur,2,474,1.0,0.9,0.9473684210526316,10
gaussian_blur,2,475,0.9,0.9,0.9,10
gaussian_blur,2,476,0.5384615384615384,0.7,0.608695652173913,10
gaussian_blur,2,477,1.0,0.9,0.9473684210526316,10
gaussian_blur,2,478,0.8,0.8,0.8000000000000002,10
gaussian_blur,2,479,0.8571428571428571,0.6,0.7058823529411764,10
gaussian_blur,2,480,1.0,0.7,0.8235294117647058,10
gaussian_blur,2,481,0.7777777777777778,0.7,0.7368421052631577,10
gaussian_blur,2,482,0.8181818181818182,0.9,0.8571428571428572,10
gaussian_blur,2,483,0.38461538461538464,1.0,0.5555555555555556,10
gaussian_blur,2,484,0.7142857142857143,1.0,0.8333333333333333,10
gaussian_blur,2,485,0.9,0.9,0.9,10
gaussian_blur,2,486,1.0,0.7,0.8235294117647058,10
gaussian_blur,2,487,0.8,0.8,0.8000000000000002,10
gaussian_blur,2,488,0.875,0.7,0.7777777777777777,10
gaussian_blur,2,489,1.0,0.9,0.9473684210526316,10
gaussian_blur,2,490,1.0,0.5,0.6666666666666666,10
gaussian_blur,2,491,0.7692307692307693,1.0,0.8695652173913044,10
gaussian_blur,2,492,0.6666666666666666,0.8,0.7272727272727272,10
gaussian_blur,2,493,0.8888888888888888,0.8,0.8421052631578948,10
gaussian_blur,2,494,0.5454545454545454,0.6,0.5714285714285713,10
gaussian_blur,2,495,0.4444444444444444,0.4,0.4210526315789474,10
gaussian_blur,2,496,0.5384615384615384,0.7,0.608695652173913,10
gaussian_blur,2,497,0.7777777777777778,0.7,0.7368421052631577,10
gaussian_blur,2,498,0.5714285714285714,0.8,0.6666666666666666,10
gaussian_blur,2,499,0.6428571428571429,0.9,0.75,10
gaussian_blur,3,000,1.0,0.4,0.5714285714285715,10
gaussian_blur,3,001,0.5714285714285714,0.4,0.47058823529411764,10
gaussian_blur,3,002,0.5625,0.9,0.6923076923076923,10
gaussian_blur,3,003,0.30434782608695654,0.7,0.42424242424242425,10
gaussian_blur,3,004,0.5,0.7,0.5833333333333334,10
gaussian_blur,3,005,0.6666666666666666,0.6,0.631578947368421,10
gaussian_blur,3,006,0.42857142857142855,0.3,0.3529411764705882,10
gaussian_blur,3,007,0.46153846153846156,0.6,0.5217391304347826,10
gaussian_blur,3,008,0.5714285714285714,0.4,0.47058823529411764,10
gaussian_blur,3,009,0.75,0.9,0.8181818181818182,10
gaussian_blur,3,010,0.6923076923076923,0.9,0.7826086956521738,10
gaussian_blur,3,011,0.7272727272727273,0.8,0.761904761904762,10
gaussian_blur,3,012,1.0,0.7,0.8235294117647058,10
gaussian_blur,3,013,0.6666666666666666,0.8,0.7272727272727272,10
gaussian_blur,3,014,0.4,0.8,0.5333333333333333,10
gaussian_blur,3,015,0.875,0.7,0.7777777777777777,10
gaussian_blur,3,016,0.8,0.4,0.5333333333333333,10
gaussian_blur,3,017,1.0,0.9,0.9473684210526316,10
gaussian_blur,3,018,0.9,0.9,0.9,10
gaussian_blur,3,019,0.8888888888888888,0.8,0.8421052631578948,10
gaussian_blur,3,020,0.8571428571428571,0.6,0.7058823529411764,10
gaussian_blur,3,021,0.8181818181818182,0.9,0.8571428571428572,10
gaussian_blur,3,022,1.0,0.5,0.6666666666666666,10
gaussian_blur,3,023,0.5555555555555556,1.0,0.7142857142857143,10
gaussian_blur,3,024,0.8181818181818182,0.9,0.8571428571428572,10
gaussian_blur,3,025,1.0,0.5,0.6666666666666666,10
gaussian_blur,3,026,0.5,0.1,0.16666666666666669,10
gaussian_blur,3,027,0.8571428571428571,0.6,0.7058823529411764,10
gaussian_blur,3,028,0.42105263157894735,0.8,0.5517241379310345,10
gaussian_blur,3,029,1.0,0.7,0.8235294117647058,10
gaussian_blur,3,030,0.8181818181818182,0.9,0.8571428571428572,10
gaussian_blur,3,031,0.7142857142857143,0.5,0.588235294117647,10
gaussian_blur,3,032,0.8888888888888888,0.8,0.8421052631578948,10
gaussian_blur,3,033,0.5333333333333333,0.8,0.64,10
gaussian_blur,3,034,0.7142857142857143,0.5,0.588235294117647,10
gaussian_blur,3,035,0.3076923076923077,0.8,0.4444444444444444,10
gaussian_blur,3,036,0.6428571428571429,0.9,0.75,10
gaussian_blur,3,037,0.5,0.5,0.5,10
gaussian_blur,3,038,1.0,0.3,0.4615384615384615,10
gaussian_blur,3,039,0.8,0.4,0.5333333333333333,10
gaussian_blur,3,040,0.7,0.7,0.7,10
gaussian_blur,3,041,1.0,1.0,1.0,10
gaussian_blur,3,042,0.7272727272727273,0.8,0.761904761904762,10
gaussian_blur,3,043,0.8181818181818182,0.9,0.8571428571428572,10
gaussian_blur,3,044,1.0,0.9,0.9473684210526316,10
gaussian_blur,3,045,0.9,0.9,0.9,10
gaussian_blur,3,046,0.875,0.7,0.7777777777777777,10
gaussian_blur,3,047,0.8571428571428571,0.6,0.7058823529411764,10
gaussian_blur,3,048,0.6666666666666666,0.6,0.631578947368421,10
gaussian_blur,3,049,0.875,0.7,0.7777777777777777,10
gaussian_blur,3,050,0.7272727272727273,0.8,0.761904761904762,10
gaussian_blur,3,051,0.8888888888888888,0.8,0.8421052631578948,10
gaussian_blur,3,052,1.0,0.8,0.888888888888889,10
gaussian_blur,3,053,1.0,0.5,0.6666666666666666,10
gaussian_blur,3,054,0.75,0.6,0.6666666666666665,10
gaussian_blur,3,055,0.7,0.7,0.7,10
gaussian_blur,3,056,1.0,0.2,0.33333333333333337,10
gaussian_blur,3,057,0.8888888888888888,0.8,0.8421052631578948,10
gaussian_blur,3,058,1.0,0.8,0.888888888888889,10
gaussian_blur,3,059,0.75,0.9,0.8181818181818182,10
gaussian_blur,3,060,0.9090909090909091,1.0,0.9523809523809523,10
gaussian_blur,3,061,1.0,0.9,0.9473684210526316,10
gaussian_blur,3,062,1.0,0.9,0.9473684210526316,10
gaussian_blur,3,063,0.6,0.9,0.7200000000000001,10
gaussian_blur,3,064,1.0,0.7,0.8235294117647058,10
gaussian_blur,3,065,0.6363636363636364,0.7,0.6666666666666666,10
gaussian_blur,3,066,0.75,0.3,0.4285714285714285,10
gaussian_blur,3,067,0.6,0.3,0.4,10
gaussian_blur,3,068,1.0,0.8,0.888888888888889,10
gaussian_blur,3,069,0.6,0.6,0.6,10
gaussian_blur,3,070,0.9090909090909091,1.0,0.9523809523809523,10
gaussian_blur,3,071,0.34782608695652173,0.8,0.48484848484848486,10
gaussian_blur,3,072,0.8333333333333334,1.0,0.9090909090909091,10
gaussian_blur,3,073,0.875,0.7,0.7777777777777777,10
gaussian_blur,3,074,1.0,0.6,0.7499999999999999,10
gaussian_blur,3,075,0.6666666666666666,0.8,0.7272727272727272,10
gaussian_blur,3,076,0.875,0.7,0.7777777777777777,10
gaussian_blur,3,077,0.7142857142857143,0.5,0.588235294117647,10
gaussian_blur,3,078,0.7777777777777778,0.7,0.7368421052631577,10
gaussian_blur,3,079,0.8888888888888888,0.8,0.8421052631578948,10
gaussian_blur,3,080,1.0,0.2,0.33333333333333337,10
gaussian_blur,3,081,0.8,0.4,0.5333333333333333,10
gaussian_blur,3,082,0.6363636363636364,0.7,0.6666666666666666,10
gaussian_blur,3,083,0.5,0.9,0.6428571428571429,10
gaussian_blur,3,084,0.75,0.3,0.4285714285714285,10
gaussian_blur,3,085,0.8181818181818182,0.9,0.8571428571428572,10
gaussian_blur,3,086,0.75,0.9,0.8181818181818182,10
gaussian_blur,3,087,0.6666666666666666,0.6,0.631578947368421,10
gaussian_blur,3,088,0.7142857142857143,0.5,0.588235294117647,10
gaussian_blur,3,089,1.0,0.8,0.888888888888889,10
gaussian_blur,3,090,0.5,0.2,0.28571428571428575,10
gaussian_blur,3,091,0.6923076923076923,0.9,0.7826086956521738,10
gaussian_blur,3,092,1.0,0.7,0.8235294117647058,10
gaussian_blur,3,093,1.0,0.9,0.9473684210526316,10
gaussian_blur,3,094,0.3333333333333333,0.4,0.3636363636363636,10
gaussian_blur,3,095,1.0,0.9,0.9473684210526316,10
gaussian_blur,3,096,0.8181818181818182,0.9,0.8571428571428572,10
gaussian_blur,3,097,1.0,0.4,0.5714285714285715,10
gaussian_blur,3,098,0.625,0.5,0.5555555555555556,10
gaussian_blur,3,099,0.75,0.3,0.4285714285714285,10
gaussian_blur,3,100,0.5833333333333334,0.7,0.6363636363636365,10
gaussian_blur,3,101,0.9,0.9,0.9,10
gaussian_blur,3,102,1.0,0.7,0.8235294117647058,10
gaussian_blur,3,103,0.8571428571428571,0.6,0.7058823529411764,10
gaussian_blur,3,104,1.0,0.5,0.6666666666666666,10
gaussian_blur,3,105,1.0,0.7,0.8235294117647058,10
gaussian_blur,3,106,0.625,0.5,0.5555555555555556,10
gaussian_blur,3,107,0.4375,0.7,0.5384615384615384,10
gaussian_blur,3,108,1.0,0.7,0.8235294117647058,10
gaussian_blur,3,109,0.75,0.9,0.8181818181818182,10
gaussian_blur,3,110,0.7,0.7,0.7,10
gaussian_blur,3,111,0.8888888888888888,0.8,0.8421052631578948,10
gaussian_blur,3,112,0.8888888888888888,0.8,0.8421052631578948,10
gaussian_blur,3,113,1.0,0.9,0.9473684210526316,10
gaussian_blur,3,114,1.0,0.6,0.7499999999999999,10
gaussian_blur,3,115,0.6,0.9,0.7200000000000001,10
gaussian_blur,3,116,1.0,1.0,1.0,10
gaussian_blur,3,117,1.0,0.8,0.888888888888889,10
gaussian_blur,3,118,0.6923076923076923,0.9,0.7826086956521738,10
gaussian_blur,3,119,0.75,0.3,0.4285714285714285,10
gaussian_blur,3,120,0.45,0.9,0.6,10
gaussian_blur,3,121,0.5,0.3,0.37499999999999994,10
gaussian_blur,3,122,0.8,0.4,0.5333333333333333,10
gaussian_blur,3,123,0.5454545454545454,0.6,0.5714285714285713,10
gaussian_blur,3,124,0.5555555555555556,1.0,0.7142857142857143,10
gaussian_blur,3,125,0.5,0.7,0.5833333333333334,10
gaussian_blur,3,126,0.8333333333333334,0.5,0.625,10
gaussian_blur,3,127,0.5714285714285714,0.4,0.47058823529411764,10
gaussian_blur,3,128,1.0,0.1,0.18181818181818182,10
gaussian_blur,3,129,0.6666666666666666,0.2,0.30769230769230765,10
gaussian_blur,3,130,0.625,0.5,0.5555555555555556,10
gaussian_blur,3,131,0.45454545454545453,0.5,0.47619047619047616,10
gaussian_blur,3,132,0.625,0.5,0.5555555555555556,10
gaussian_blur,3,133,0.6666666666666666,0.6,0.631578947368421,10
gaussian_blur,3,134,0.5,0.7,0.5833333333333334,10
gaussian_blur,3,135,0.7,0.7,0.7,10
gaussian_blur,3,136,0.8,0.4,0.5333333333333333,10
gaussian_blur,3,137,0.5,0.8,0.6153846153846154,10
gaussian_blur,3,138,0.7142857142857143,0.5,0.588235294117647,10
gaussian_blur,3,139,0.3076923076923077,0.8,0.4444444444444444,10
gaussian_blur,3,140,1.0,0.1,0.18181818181818182,10
gaussian_blur,3,141,0.8333333333333334,0.5,0.625,10
gaussian_blur,3,142,0.6666666666666666,0.4,0.5,10
gaussian_blur,3,143,0.7142857142857143,0.5,0.588235294117647,10
gaussian_blur,3,144,0.7,0.7,0.7,10
gaussian_blur,3,145,1.0,0.5,0.6666666666666666,10
gaussian_blur,3,146,0.8,0.8,0.8000000000000002,10
gaussian_blur,3,147,1.0,0.6,0.7499999999999999,10
gaussian_blur,3,148,0.7142857142857143,1.0,0.8333333333333333,10
gaussian_blur,3,149,0.8888888888888888,0.8,0.8421052631578948,10
gaussian_blur,3,150,0.8,0.8,0.8000000000000002,10
gaussian_blur,3,151,1.0,0.8,0.888888888888889,10
gaussian_blur,3,152,0.6153846153846154,0.8,0.6956521739130435,10
gaussian_blur,3,153,0.5384615384615384,0.7,0.608695652173913,10
gaussian_blur,3,154,0.6666666666666666,0.8,0.7272727272727272,10
gaussian_blur,3,155,0.35714285714285715,0.5,0.41666666666666663,10
gaussian_blur,3,156,0.8,0.4,0.5333333333333333,10
gaussian_blur,3,157,0.75,0.3,0.4285714285714285,10
gaussian_blur,3,158,0.3333333333333333,0.2,0.25,10
gaussian_blur,3,159,0.4375,0.7,0.5384615384615384,10
gaussian_blur,3,160,0.6363636363636364,0.7,0.6666666666666666,10
gaussian_blur,3,161,0.625,0.5,0.5555555555555556,10
gaussian_blur,3,162,0.8,0.4,0.5333333333333333,10
gaussian_blur,3,163,1.0,0.7,0.8235294117647058,10
gaussian_blur,3,164,0.8,0.8,0.8000000000000002,10
gaussian_blur,3,165,0.2857142857142857,0.4,0.3333333333333333,10
gaussian_blur,3,166,0.625,0.5,0.5555555555555556,10
gaussian_blur,3,167,1.0,0.8,0.888888888888889,10
gaussian_blur,3,168,0.5384615384615384,0.7,0.608695652173913,10
gaussian_blur,3,169,0.6666666666666666,0.6,0.631578947368421,10
gaussian_blur,3,170,0.5,0.8,0.6153846153846154,10
gaussian_blur,3,171,0.75,0.6,0.6666666666666665,10
gaussian_blur,3,172,0.5384615384615384,0.7,0.608695652173913,10
gaussian_blur,3,173,0.6666666666666666,0.6,0.631578947368421,10
gaussian_blur,3,174,1.0,0.2,0.33333333333333337,10
gaussian_blur,3,175,0.8,0.4,0.5333333333333333,10
gaussian_blur,3,176,0.6363636363636364,0.7,0.6666666666666666,10
gaussian_blur,3,177,0.5714285714285714,0.8,0.6666666666666666,10
gaussian_blur,3,178,0.3333333333333333,0.4,0.3636363636363636,10
gaussian_blur,3,179,0.7777777777777778,0.7,0.7368421052631577,10
gaussian_blur,3,180,0.7142857142857143,0.5,0.588235294117647,10
gaussian_blur,3,181,0.45454545454545453,0.5,0.47619047619047616,10
gaussian_blur,3,182,0.7142857142857143,0.5,0.588235294117647,10
gaussian_blur,3,183,0.5454545454545454,0.6,0.5714285714285713,10
gaussian_blur,3,184,0.8571428571428571,0.6,0.7058823529411764,10
gaussian_blur,3,185,0.6,0.6,0.6,10
gaussian_blur,3,186,0.8888888888888888,0.8,0.8421052631578948,10
gaussian_blur,3,187,0.4117647058823529,0.7,0.5185185185185185,10
gaussian_blur,3,188,0.7,0.7,0.7,10
gaussian_blur,3,189,1.0,1.0,1.0,10
gaussian_blur,3,190,0.8571428571428571,0.6,0.7058823529411764,10
gaussian_blur,3,191,1.0,0.6,0.7499999999999999,10
gaussian_blur,3,192,1.0,0.7,0.8235294117647058,10
gaussian_blur,3,193,1.0,0.3,0.4615384615384615,10
gaussian_blur,3,194,0.5833333333333334,0.7,0.6363636363636365,10
gaussian_blur,3,195,0.75,0.6,0.6666666666666665,10
gaussian_blur,3,196,0.6666666666666666,0.6,0.631578947368421,10
gaussian_blur,3,197,0.75,0.3,0.4285714285714285,10
gaussian_blur,3,198,0.5,0.3,0.37499999999999994,10
gaussian_blur,3,199,1.0,0.2,0.33333333333333337,10
gaussian_blur,3,200,0.3888888888888889,0.7,0.5,10
gaussian_blur,3,201,0.625,0.5,0.5555555555555556,10
gaussian_blur,3,202,0.6,0.6,0.6,10
gaussian_blur,3,203,0.5454545454545454,0.6,0.5714285714285713,10
gaussian_blur,3,204,0.4444444444444444,0.8,0.5714285714285714,10
gaussian_blur,3,205,0.6923076923076923,0.9,0.7826086956521738,10
gaussian_blur,3,206,0.6,0.3,0.4,10
gaussian_blur,3,207,0.5833333333333334,0.7,0.6363636363636365,10
gaussian_blur,3,208,0.5454545454545454,0.6,0.5714285714285713,10
gaussian_blur,3,209,0.75,0.6,0.6666666666666665,10
gaussian_blur,3,210,0.6153846153846154,0.8,0.6956521739130435,10
gaussian_blur,3,211,0.6666666666666666,0.8,0.7272727272727272,10
gaussian_blur,3,212,0.7777777777777778,0.7,0.7368421052631577,10
gaussian_blur,3,213,0.6666666666666666,0.6,0.631578947368421,10
gaussian_blur,3,214,0.8571428571428571,0.6,0.7058823529411764,10
gaussian_blur,3,215,0.5833333333333334,0.7,0.6363636363636365,10
gaussian_blur,3,216,0.6666666666666666,0.4,0.5,10
gaussian_blur,3,217,0.4,0.2,0.26666666666666666,10
gaussian_blur,3,218,0.5,0.7,0.5833333333333334,10
gaussian_blur,3,219,0.7142857142857143,0.5,0.588235294117647,10
gaussian_blur,3,220,0.3888888888888889,0.7,0.5,10
gaussian_blur,3,221,0.8571428571428571,0.6,0.7058823529411764,10
gaussian_blur,3,222,0.6,0.9,0.7200000000000001,10
gaussian_blur,3,223,0.9,0.9,0.9,10
gaussian_blur,3,224,0.8333333333333334,0.5,0.625,10
gaussian_blur,3,225,0.30434782608695654,0.7,0.42424242424242425,10
gaussian_blur,3,226,0.875,0.7,0.7777777777777777,10
gaussian_blur,3,227,0.15384615384615385,0.4,0.2222222222222222,10
gaussian_blur,3,228,0.6666666666666666,0.4,0.5,10
gaussian_blur,3,229,0.8,0.8,0.8000000000000002,10
gaussian_blur,3,230,0.5,0.6,0.5454545454545454,10
gaussian_blur,3,231,0.6666666666666666,0.6,0.631578947368421,10
gaussian_blur,3,232,0.375,0.3,0.33333333333333326,10
gaussian_blur,3,233,0.6666666666666666,0.2,0.30769230769230765,10
gaussian_blur,3,234,1.0,0.6,0.7499999999999999,10
gaussian_blur,3,235,0.6666666666666666,0.2,0.30769230769230765,10
gaussian_blur,3,236,0.5,0.5,0.5,10
gaussian_blur,3,237,1.0,0.5,0.6666666666666666,10
gaussian_blur,3,238,0.75,0.9,0.8181818181818182,10
gaussian_blur,3,239,1.0,0.5,0.6666666666666666,10
gaussian_blur,3,240,0.8181818181818182,0.9,0.8571428571428572,10
gaussian_blur,3,241,0.3888888888888889,0.7,0.5,10
gaussian_blur,3,242,0.8,0.4,0.5333333333333333,10
gaussian_blur,3,243,0.7692307692307693,1.0,0.8695652173913044,10
gaussian_blur,3,244,0.8571428571428571,0.6,0.7058823529411764,10
gaussian_blur,3,245,0.6923076923076923,0.9,0.7826086956521738,10
gaussian_blur,3,246,0.6666666666666666,0.2,0.30769230769230765,10
gaussian_blur,3,247,1.0,0.1,0.18181818181818182,10
gaussian_blur,3,248,1.0,0.7,0.8235294117647058,10
gaussian_blur,3,249,0.6666666666666666,0.8,0.7272727272727272,10
gaussian_blur,3,250,0.9,0.9,0.9,10
gaussian_blur,3,251,1.0,0.9,0.9473684210526316,10
gaussian_blur,3,252,0.7142857142857143,0.5,0.588235294117647,10
gaussian_blur,3,253,0.42857142857142855,0.3,0.3529411764705882,10
gaussian_blur,3,254,0.8888888888888888,0.8,0.8421052631578948,10
gaussian_blur,3,255,0.3888888888888889,0.7,0.5,10
gaussian_blur,3,256,0.5454545454545454,0.6,0.5714285714285713,10
gaussian_blur,3,257,0.7272727272727273,0.8,0.761904761904762,10
gaussian_blur,3,258,1.0,0.7,0.8235294117647058,10
gaussian_blur,3,259,0.6666666666666666,0.6,0.631578947368421,10
gaussian_blur,3,260,0.8333333333333334,0.5,0.625,10
gaussian_blur,3,261,0.45,0.9,0.6,10
gaussian_blur,3,262,0.6923076923076923,0.9,0.7826086956521738,10
gaussian_blur,3,263,0.42105263157894735,0.8,0.5517241379310345,10
gaussian_blur,3,264,0.8333333333333334,1.0,0.9090909090909091,10
gaussian_blur,3,265,0.23076923076923078,0.3,0.2608695652173913,10
gaussian_blur,3,266,0.7777777777777778,0.7,0.7368421052631577,10
gaussian_blur,3,267,0.6666666666666666,0.6,0.631578947368421,10
gaussian_blur,3,268,0.47058823529411764,0.8,0.5925925925925927,10
gaussian_blur,3,269,0.7777777777777778,0.7,0.7368421052631577,10
gaussian_blur,3,270,0.8,0.8,0.8000000000000002,10
gaussian_blur,3,271,0.875,0.7,0.7777777777777777,10
gaussian_blur,3,272,1.0,0.7,0.8235294117647058,10
gaussian_blur,3,273,0.8571428571428571,0.6,0.7058823529411764,10
gaussian_blur,3,274,1.0,0.3,0.4615384615384615,10
gaussian_blur,3,275,0.625,0.5,0.5555555555555556,10
gaussian_blur,3,276,0.5555555555555556,0.5,0.5263157894736842,10
gaussian_blur,3,277,0.6666666666666666,0.4,0.5,10
gaussian_blur,3,278,0.5,0.4,0.4444444444444445,10
gaussian_blur,3,279,0.7692307692307693,1.0,0.8695652173913044,10
gaussian_blur,3,280,1.0,0.4,0.5714285714285715,10
gaussian_blur,3,281,1.0,0.7,0.8235294117647058,10
gaussian_blur,3,282,0.6666666666666666,0.8,0.7272727272727272,10
gaussian_blur,3,283,1.0,0.7,0.8235294117647058,10
gaussian_blur,3,284,0.6363636363636364,0.7,0.6666666666666666,10
gaussian_blur,3,285,0.9,0.9,0.9,10
gaussian_blur,3,286,0.6153846153846154,0.8,0.6956521739130435,10
gaussian_blur,3,287,1.0,0.5,0.6666666666666666,10
gaussian_blur,3,288,0.8888888888888888,0.8,0.8421052631578948,10
gaussian_blur,3,289,1.0,0.5,0.6666666666666666,10
gaussian_blur,3,290,0.7272727272727273,0.8,0.761904761904762,10
gaussian_blur,3,291,1.0,1.0,1.0,10
gaussian_blur,3,292,0.75,0.6,0.6666666666666665,10
gaussian_blur,3,293,0.8888888888888888,0.8,0.8421052631578948,10
gaussian_blur,3,294,0.7,0.7,0.7,10
gaussian_blur,3,295,0.6363636363636364,0.7,0.6666666666666666,10
gaussian_blur,3,296,0.7142857142857143,1.0,0.8333333333333333,10
gaussian_blur,3,297,0.7272727272727273,0.8,0.761904761904762,10
gaussian_blur,3,298,0.8181818181818182,0.9,0.8571428571428572,10
gaussian_blur,3,299,0.7692307692307693,1.0,0.8695652173913044,10
gaussian_blur,3,300,0.9,0.9,0.9,10
gaussian_blur,3,301,1.0,0.9,0.9473684210526316,10
gaussian_blur,3,302,0.9090909090909091,1.0,0.9523809523809523,10
gaussian_blur,3,303,0.42105263157894735,0.8,0.5517241379310345,10
gaussian_blur,3,304,1.0,0.6,0.7499999999999999,10
gaussian_blur,3,305,1.0,0.5,0.6666666666666666,10
gaussian_blur,3,306,0.45454545454545453,1.0,0.625,10
gaussian_blur,3,307,1.0,1.0,1.0,10
gaussian_blur,3,308,0.5,0.4,0.4444444444444445,10
gaussian_blur,3,309,0.4117647058823529,0.7,0.5185185185185185,10
gaussian_blur,3,310,1.0,0.8,0.888888888888889,10
gaussian_blur,3,311,1.0,0.5,0.6666666666666666,10
gaussian_blur,3,312,0.9,0.9,0.9,10
gaussian_blur,3,313,0.6666666666666666,0.6,0.631578947368421,10
gaussian_blur,3,314,0.7272727272727273,0.8,0.761904761904762,10
gaussian_blur,3,315,0.5714285714285714,0.8,0.6666666666666666,10
gaussian_blur,3,316,0.7692307692307693,1.0,0.8695652173913044,10
gaussian_blur,3,317,1.0,0.7,0.8235294117647058,10
gaussian_blur,3,318,0.7142857142857143,0.5,0.588235294117647,10
gaussian_blur,3,319,0.9,0.9,0.9,10
gaussian_blur,3,320,1.0,1.0,1.0,10
gaussian_blur,3,321,1.0,0.3,0.4615384615384615,10
gaussian_blur,3,322,0.2222222222222222,0.2,0.2105263157894737,10
gaussian_blur,3,323,1.0,0.4,0.5714285714285715,10
gaussian_blur,3,324,0.8888888888888888,0.8,0.8421052631578948,10
gaussian_blur,3,325,0.625,0.5,0.5555555555555556,10
gaussian_blur,3,326,0.5294117647058824,0.9,0.6666666666666667,10
gaussian_blur,3,327,0.7777777777777778,0.7,0.7368421052631577,10
gaussian_blur,3,328,0.7777777777777778,0.7,0.7368421052631577,10
gaussian_blur,3,329,0.8181818181818182,0.9,0.8571428571428572,10
gaussian_blur,3,330,0.4666666666666667,0.7,0.56,10
gaussian_blur,3,331,0.8888888888888888,0.8,0.8421052631578948,10
gaussian_blur,3,332,0.18181818181818182,0.2,0.1904761904761905,10
gaussian_blur,3,333,0.125,0.4,0.19047619047619047,10
gaussian_blur,3,334,0.6666666666666666,0.4,0.5,10
gaussian_blur,3,335,0.3333333333333333,0.3,0.3157894736842105,10
gaussian_blur,3,336,0.5,0.5,0.5,10
gaussian_blur,3,337,0.875,0.7,0.7777777777777777,10
gaussian_blur,3,338,0.4666666666666667,0.7,0.56,10
gaussian_blur,3,339,0.7777777777777778,0.7,0.7368421052631577,10
gaussian_blur,3,340,0.5,0.8,0.6153846153846154,10
gaussian_blur,3,341,0.19047619047619047,0.8,0.3076923076923077,10
gaussian_blur,3,342,0.7142857142857143,1.0,0.8333333333333333,10
gaussian_blur,3,343,0.8571428571428571,0.6,0.7058823529411764,10
gaussian_blur,3,344,0.6428571428571429,0.9,0.75,10
gaussian_blur,3,345,0.8181818181818182,0.9,0.8571428571428572,10
gaussian_blur,3,346,0.5,0.3,0.37499999999999994,10
gaussian_blur,3,347,1.0,0.4,0.5714285714285715,10
gaussian_blur,3,348,0.6153846153846154,0.8,0.6956521739130435,10
gaussian_blur,3,349,0.8,0.4,0.5333333333333333,10
gaussian_blur,3,350,0.8333333333333334,1.0,0.9090909090909091,10
gaussian_blur,3,351,0.75,0.6,0.6666666666666665,10
gaussian_blur,3,352,0.875,0.7,0.7777777777777777,10
gaussian_blur,3,353,0.38461538461538464,0.5,0.4347826086956522,10
gaussian_blur,3,354,1.0,0.5,0.6666666666666666,10
gaussian_blur,3,355,0.5714285714285714,0.8,0.6666666666666666,10
gaussian_blur,3,356,0.8571428571428571,0.6,0.7058823529411764,10
gaussian_blur,3,357,0.2692307692307692,0.7,0.3888888888888889,10
gaussian_blur,3,358,0.75,0.6,0.6666666666666665,10
gaussian_blur,3,359,0.6,0.6,0.6,10
gaussian_blur,3,360,0.7777777777777778,0.7,0.7368421052631577,10
gaussian_blur,3,361,0.5,0.9,0.6428571428571429,10
gaussian_blur,3,362,0.8888888888888888,0.8,0.8421052631578948,10
gaussian_blur,3,363,0.75,0.9,0.8181818181818182,10
gaussian_blur,3,364,1.0,0.8,0.888888888888889,10
gaussian_blur,3,365,1.0,0.6,0.7499999999999999,10
gaussian_blur,3,366,0.7,0.7,0.7,10
gaussian_blur,3,367,0.875,0.7,0.7777777777777777,10
gaussian_blur,3,368,0.4,0.6,0.48,10
gaussian_blur,3,369,0.875,0.7,0.7777777777777777,10
gaussian_blur,3,370,0.75,0.9,0.8181818181818182,10
gaussian_blur,3,371,0.7142857142857143,0.5,0.588235294117647,10
gaussian_blur,3,372,0.7142857142857143,0.5,0.588235294117647,10
gaussian_blur,3,373,1.0,0.5,0.6666666666666666,10
gaussian_blur,3,374,0.5714285714285714,0.4,0.47058823529411764,10
gaussian_blur,3,375,0.875,0.7,0.7777777777777777,10
gaussian_blur,3,376,0.875,0.7,0.7777777777777777,10
gaussian_blur,3,377,0.875,0.7,0.7777777777777777,10
gaussian_blur,3,378,0.875,0.7,0.7777777777777777,10
gaussian_blur,3,379,0.4,0.6,0.48,10
gaussian_blur,3,380,0.7272727272727273,0.8,0.761904761904762,10
gaussian_blur,3,381,0.42857142857142855,0.6,0.5,10
gaussian_blur,3,382,0.8333333333333334,0.5,0.625,10
gaussian_blur,3,383,0.6666666666666666,0.4,0.5,10
gaussian_blur,3,384,0.6666666666666666,0.8,0.7272727272727272,10
gaussian_blur,3,385,0.7777777777777778,0.7,0.7368421052631577,10
gaussian_blur,3,386,0.3333333333333333,0.8,0.47058823529411764,10
gaussian_blur,3,387,0.5555555555555556,0.5,0.5263157894736842,10
gaussian_blur,3,388,1.0,0.2,0.33333333333333337,10
gaussian_blur,3,389,0.8333333333333334,0.5,0.625,10
gaussian_blur,3,390,0.7142857142857143,0.5,0.588235294117647,10
gaussian_blur,3,391,0.6,0.9,0.7200000000000001,10
gaussian_blur,3,392,0.6666666666666666,0.2,0.30769230769230765,10
gaussian_blur,3,393,1.0,0.4,0.5714285714285715,10
gaussian_blur,3,394,0.5,0.7,0.5833333333333334,10
gaussian_blur,3,395,0.45,0.9,0.6,10
gaussian_blur,3,396,1.0,0.9,0.9473684210526316,10
gaussian_blur,3,397,1.0,1.0,1.0,10
gaussian_blur,3,398,0.42857142857142855,0.9,0.5806451612903225,10
gaussian_blur,3,399,0.6363636363636364,0.7,0.6666666666666666,10
gaussian_blur,3,400,0.4,0.6,0.48,10
gaussian_blur,3,401,0.9,0.9,0.9,10
gaussian_blur,3,402,0.8,0.8,0.8000000000000002,10
gaussian_blur,3,403,0.8888888888888888,0.8,0.8421052631578948,10
gaussian_blur,3,404,0.8888888888888888,0.8,0.8421052631578948,10
gaussian_blur,3,405,0.6923076923076923,0.9,0.7826086956521738,10
gaussian_blur,3,406,0.75,0.9,0.8181818181818182,10
gaussian_blur,3,407,0.875,0.7,0.7777777777777777,10
gaussian_blur,3,408,0.6363636363636364,0.7,0.6666666666666666,10
gaussian_blur,3,409,0.75,0.9,0.8181818181818182,10
gaussian_blur,3,410,0.3333333333333333,0.2,0.25,10
gaussian_blur,3,411,0.8888888888888888,0.8,0.8421052631578948,10
gaussian_blur,3,412,0.8571428571428571,0.6,0.7058823529411764,10
gaussian_blur,3,413,0.6153846153846154,0.8,0.6956521739130435,10
gaussian_blur,3,414,0.6,0.6,0.6,10
gaussian_blur,3,415,1.0,0.5,0.6666666666666666,10
gaussian_blur,3,416,0.6666666666666666,0.8,0.7272727272727272,10
gaussian_blur,3,417,0.5384615384615384,0.7,0.608695652173913,10
gaussian_blur,3,418,0.625,1.0,0.7692307692307693,10
gaussian_blur,3,419,0.8,0.8,0.8000000000000002,10
gaussian_blur,3,420,0.5384615384615384,0.7,0.608695652173913,10
gaussian_blur,3,421,1.0,0.7,0.8235294117647058,10
gaussian_blur,3,422,0.8181818181818182,0.9,0.8571428571428572,10
gaussian_blur,3,423,0.23076923076923078,0.3,0.2608695652173913,10
gaussian_blur,3,424,1.0,0.9,0.9473684210526316,10
gaussian_blur,3,425,0.5454545454545454,0.6,0.5714285714285713,10
gaussian_blur,3,426,0.8888888888888888,0.8,0.8421052631578948,10
gaussian_blur,3,427,0.6,0.9,0.7200000000000001,10
gaussian_blur,3,428,0.5454545454545454,0.6,0.5714285714285713,10
gaussian_blur,3,429,0.42857142857142855,0.3,0.3529411764705882,10
gaussian_blur,3,430,0.6153846153846154,0.8,0.6956521739130435,10
gaussian_blur,3,431,0.5,0.5,0.5,10
gaussian_blur,3,432,0.7272727272727273,0.8,0.761904761904762,10
gaussian_blur,3,433,0.8333333333333334,0.5,0.625,10
gaussian_blur,3,434,1.0,0.6,0.7499999999999999,10
gaussian_blur,3,435,0.42105263157894735,0.8,0.5517241379310345,10
gaussian_blur,3,436,1.0,0.4,0.5714285714285715,10
gaussian_blur,3,437,0.5454545454545454,0.6,0.5714285714285713,10
gaussian_blur,3,438,0.7,0.7,0.7,10
gaussian_blur,3,439,0.6666666666666666,0.6,0.631578947368421,10
gaussian_blur,3,440,0.8181818181818182,0.9,0.8571428571428572,10
gaussian_blur,3,441,1.0,0.3,0.4615384615384615,10
gaussian_blur,3,442,0.3333333333333333,0.2,0.25,10
gaussian_blur,3,443,1.0,0.9,0.9473684210526316,10
gaussian_blur,3,444,0.6666666666666666,0.8,0.7272727272727272,10
gaussian_blur,3,445,0.9,0.9,0.9,10
gaussian_blur,3,446,0.5,0.2,0.28571428571428575,10
gaussian_blur,3,447,0.8888888888888888,0.8,0.8421052631578948,10
gaussian_blur,3,448,0.5714285714285714,0.8,0.6666666666666666,10
gaussian_blur,3,449,0.5,0.4,0.4444444444444445,10
gaussian_blur,3,450,1.0,1.0,1.0,10
gaussian_blur,3,451,0.46153846153846156,0.6,0.5217391304347826,10
gaussian_blur,3,452,0.8181818181818182,0.9,0.8571428571428572,10
gaussian_blur,3,453,1.0,0.5,0.6666666666666666,10
gaussian_blur,3,454,1.0,0.8,0.888888888888889,10
gaussian_blur,3,455,0.5,0.4,0.4444444444444445,10
gaussian_blur,3,456,0.5454545454545454,0.6,0.5714285714285713,10
gaussian_blur,3,457,1.0,0.8,0.888888888888889,10
gaussian_blur,3,458,1.0,0.6,0.7499999999999999,10
gaussian_blur,3,459,0.8571428571428571,0.6,0.7058823529411764,10
gaussian_blur,3,460,0.6363636363636364,0.7,0.6666666666666666,10
gaussian_blur,3,461,1.0,1.0,1.0,10
gaussian_blur,3,462,0.5,0.5,0.5,10
gaussian_blur,3,463,0.21951219512195122,0.9,0.3529411764705882,10
gaussian_blur,3,464,0.5625,0.9,0.6923076923076923,10
gaussian_blur,3,465,0.4117647058823529,0.7,0.5185185185185185,10
gaussian_blur,3,466,0.6666666666666666,0.2,0.30769230769230765,10
gaussian_blur,3,467,0.46153846153846156,0.6,0.5217391304347826,10
gaussian_blur,3,468,0.5,0.6,0.5454545454545454,10
gaussian_blur,3,469,0.375,0.6,0.4615384615384615,10
gaussian_blur,3,470,0.7777777777777778,0.7,0.7368421052631577,10
gaussian_blur,3,471,1.0,0.6,0.7499999999999999,10
gaussian_blur,3,472,0.4444444444444444,0.4,0.4210526315789474,10
gaussian_blur,3,473,0.8333333333333334,0.5,0.625,10
gaussian_blur,3,474,1.0,0.6,0.7499999999999999,10
gaussian_blur,3,475,0.75,0.6,0.6666666666666665,10
gaussian_blur,3,476,0.2727272727272727,0.6,0.37499999999999994,10
gaussian_blur,3,477,0.6666666666666666,0.4,0.5,10
gaussian_blur,3,478,0.6153846153846154,0.8,0.6956521739130435,10
gaussian_blur,3,479,0.5555555555555556,0.5,0.5263157894736842,10
gaussian_blur,3,480,1.0,0.5,0.6666666666666666,10
gaussian_blur,3,481,0.6666666666666666,0.6,0.631578947368421,10
gaussian_blur,3,482,0.5333333333333333,0.8,0.64,10
gaussian_blur,3,483,0.28125,0.9,0.4285714285714286,10
gaussian_blur,3,484,0.5625,0.9,0.6923076923076923,10
gaussian_blur,3,485,0.8181818181818182,0.9,0.8571428571428572,10
gaussian_blur,3,486,0.8571428571428571,0.6,0.7058823529411764,10
gaussian_blur,3,487,0.7,0.7,0.7,10
gaussian_blur,3,488,1.0,0.5,0.6666666666666666,10
gaussian_blur,3,489,0.6923076923076923,0.9,0.7826086956521738,10
gaussian_blur,3,490,0.7142857142857143,0.5,0.588235294117647,10
gaussian_blur,3,491,0.6923076923076923,0.9,0.7826086956521738,10
gaussian_blur,3,492,0.9,0.9,0.9,10
gaussian_blur,3,493,0.8571428571428571,0.6,0.7058823529411764,10
gaussian_blur,3,494,0.5454545454545454,0.6,0.5714285714285713,10
gaussian_blur,3,495,0.3333333333333333,0.3,0.3157894736842105,10
gaussian_blur,3,496,0.3888888888888889,0.7,0.5,10
gaussian_blur,3,497,0.8,0.4,0.5333333333333333,10
gaussian_blur,3,498,0.4,0.8,0.5333333333333333,10
gaussian_blur,3,499,0.5833333333333334,0.7,0.6363636363636365,10
gaussian_blur,4,000,0.4,0.2,0.26666666666666666,10
gaussian_blur,4,001,0.4,0.2,0.26666666666666666,10
gaussian_blur,4,002,0.47058823529411764,0.8,0.5925925925925927,10
gaussian_blur,4,003,0.10204081632653061,0.5,0.1694915254237288,10
gaussian_blur,4,004,0.5,0.5,0.5,10
gaussian_blur,4,005,0.8333333333333334,0.5,0.625,10
gaussian_blur,4,006,0.3,0.3,0.3,10
gaussian_blur,4,007,0.2222222222222222,0.4,0.2857142857142857,10
gaussian_blur,4,008,0.5,0.2,0.28571428571428575,10
gaussian_blur,4,009,0.5833333333333334,0.7,0.6363636363636365,10
gaussian_blur,4,010,0.5555555555555556,0.5,0.5263157894736842,10
gaussian_blur,4,011,0.6,0.6,0.6,10
gaussian_blur,4,012,1.0,0.4,0.5714285714285715,10
gaussian_blur,4,013,0.6,0.6,0.6,10
gaussian_blur,4,014,0.13953488372093023,0.6,0.22641509433962265,10
gaussian_blur,4,015,0.625,0.5,0.5555555555555556,10
gaussian_blur,4,016,1.0,0.3,0.4615384615384615,10
gaussian_blur,4,017,0.7,0.7,0.7,10
gaussian_blur,4,018,0.6,0.9,0.7200000000000001,10
gaussian_blur,4,019,0.6666666666666666,0.4,0.5,10
gaussian_blur,4,020,0.75,0.3,0.4285714285714285,10
gaussian_blur,4,021,1.0,0.5,0.6666666666666666,10
gaussian_blur,4,022,0.6,0.3,0.4,10
gaussian_blur,4,023,0.6153846153846154,0.8,0.6956521739130435,10
gaussian_blur,4,024,0.6,0.9,0.7200000000000001,10
gaussian_blur,4,025,0.42857142857142855,0.3,0.3529411764705882,10
gaussian_blur,4,026,0.0,0.0,0.0,10
gaussian_blur,4,027,1.0,0.2,0.33333333333333337,10
gaussian_blur,4,028,0.3,0.6,0.4,10
gaussian_blur,4,029,0.7777777777777778,0.7,0.7368421052631577,10
gaussian_blur,4,030,0.8571428571428571,0.6,0.7058823529411764,10
gaussian_blur,4,031,0.5,0.5,0.5,10
gaussian_blur,4,032,1.0,0.6,0.7499999999999999,10
gaussian_blur,4,033,0.6666666666666666,0.6,0.631578947368421,10
gaussian_blur,4,034,0.3333333333333333,0.1,0.15384615384615383,10
gaussian_blur,4,035,0.11904761904761904,0.5,0.1923076923076923,10
gaussian_blur,4,036,0.3333333333333333,0.8,0.47058823529411764,10
gaussian_blur,4,037,0.15789473684210525,0.3,0.20689655172413793,10
gaussian_blur,4,038,0.0,0.0,0.0,10
gaussian_blur,4,039,0.3333333333333333,0.1,0.15384615384615383,10
gaussian_blur,4,040,0.7777777777777778,0.7,0.7368421052631577,10
gaussian_blur,4,041,1.0,1.0,1.0,10
gaussian_blur,4,042,0.8571428571428571,0.6,0.7058823529411764,10
gaussian_blur,4,043,0.625,0.5,0.5555555555555556,10
gaussian_blur,4,044,1.0,0.7,0.8235294117647058,10
gaussian_blur,4,045,1.0,0.7,0.8235294117647058,10
gaussian_blur,4,046,0.8333333333333334,0.5,0.625,10
gaussian_blur,4,047,0.8,0.4,0.5333333333333333,10
gaussian_blur,4,048,0.6666666666666666,0.2,0.30769230769230765,10
gaussian_blur,4,049,0.5,0.3,0.37499999999999994,10
gaussian_blur,4,050,0.4666666666666667,0.7,0.56,10
gaussian_blur,4,051,0.5714285714285714,0.8,0.6666666666666666,10
gaussian_blur,4,052,0.4444444444444444,0.4,0.4210526315789474,10
gaussian_blur,4,053,1.0,0.1,0.18181818181818182,10
gaussian_blur,4,054,0.7142857142857143,0.5,0.588235294117647,10
gaussian_blur,4,055,0.42857142857142855,0.6,0.5,10
gaussian_blur,4,056,0.6666666666666666,0.2,0.30769230769230765,10
gaussian_blur,4,057,0.625,0.5,0.5555555555555556,10
gaussian_blur,4,058,1.0,0.8,0.888888888888889,10
gaussian_blur,4,059,0.7,0.7,0.7,10
gaussian_blur,4,060,0.8333333333333334,0.5,0.625,10
gaussian_blur,4,061,1.0,0.8,0.888888888888889,10
gaussian_blur,4,062,0.875,0.7,0.7777777777777777,10
gaussian_blur,4,063,0.5625,0.9,0.6923076923076923,10
gaussian_blur,4,064,1.0,0.4,0.5714285714285715,10
gaussian_blur,4,065,1.0,0.4,0.5714285714285715,10
gaussian_blur,4,066,0.75,0.3,0.4285714285714285,10
gaussian_blur,4,067,0.5,0.3,0.37499999999999994,10
gaussian_blur,4,068,0.5833333333333334,0.7,0.6363636363636365,10
gaussian_blur,4,069,0.5384615384615384,0.7,0.608695652173913,10
gaussian_blur,4,070,0.8181818181818182,0.9,0.8571428571428572,10
gaussian_blur,4,071,0.18181818181818182,0.8,0.2962962962962963,10
gaussian_blur,4,072,0.7142857142857143,1.0,0.8333333333333333,10
gaussian_blur,4,073,1.0,0.2,0.33333333333333337,10
gaussian_blur,4,074,1.0,0.4,0.5714285714285715,10
gaussian_blur,4,075,0.8333333333333334,0.5,0.625,10
gaussian_blur,4,076,1.0,0.3,0.4615384615384615,10
gaussian_blur,4,077,0.75,0.3,0.4285714285714285,10
gaussian_blur,4,078,0.8333333333333334,0.5,0.625,10
gaussian_blur,4,079,0.6666666666666666,0.4,0.5,10
gaussian_blur,4,080,1.0,0.1,0.18181818181818182,10
gaussian_blur,4,081,0.5,0.1,0.16666666666666669,10
gaussian_blur,4,082,0.6,0.6,0.6,10
gaussian_blur,4,083,0.21212121212121213,0.7,0.3255813953488372,10
gaussian_blur,4,084,0.3333333333333333,0.1,0.15384615384615383,10
gaussian_blur,4,085,0.6666666666666666,0.8,0.7272727272727272,10
gaussian_blur,4,086,0.5454545454545454,0.6,0.5714285714285713,10
gaussian_blur,4,087,0.3333333333333333,0.2,0.25,10
gaussian_blur,4,088,1.0,0.2,0.33333333333333337,10
gaussian_blur,4,089,0.8,0.8,0.8000000000000002,10
gaussian_blur,4,090,0.2,0.1,0.13333333333333333,10
gaussian_blur,4,091,0.75,0.6,0.6666666666666665,10
gaussian_blur,4,092,1.0,0.4,0.5714285714285715,10
gaussian_blur,4,093,0.75,0.6,0.6666666666666665,10
gaussian_blur,4,094,0.375,0.3,0.33333333333333326,10
gaussian_blur,4,095,0.875,0.7,0.7777777777777777,10
gaussian_blur,4,096,0.7,0.7,0.7,10
gaussian_blur,4,097,1.0,0.3,0.4615384615384615,10
gaussian_blur,4,098,0.5714285714285714,0.4,0.47058823529411764,10
gaussian_blur,4,099,0.0,0.0,0.0,10
gaussian_blur,4,100,0.45454545454545453,0.5,0.47619047619047616,10
gaussian_blur,4,101,0.5333333333333333,0.8,0.64,10
gaussian_blur,4,102,0.75,0.3,0.4285714285714285,10
gaussian_blur,4,103,1.0,0.4,0.5714285714285715,10
gaussian_blur,4,104,1.0,0.3,0.4615384615384615,10
gaussian_blur,4,105,0.75,0.3,0.4285714285714285,10
gaussian_blur,4,106,0.4,0.4,0.4000000000000001,10
gaussian_blur,4,107,0.2727272727272727,0.3,0.28571428571428564,10
gaussian_blur,4,108,1.0,0.4,0.5714285714285715,10
gaussian_blur,4,109,0.35714285714285715,0.5,0.41666666666666663,10
gaussian_blur,4,110,0.6666666666666666,0.6,0.631578947368421,10
gaussian_blur,4,111,0.8,0.4,0.5333333333333333,10
gaussian_blur,4,112,0.8333333333333334,0.5,0.625,10
gaussian_blur,4,113,1.0,0.6,0.7499999999999999,10
gaussian_blur,4,114,1.0,0.4,0.5714285714285715,10
gaussian_blur,4,115,0.17391304347826086,0.4,0.24242424242424243,10
gaussian_blur,4,116,1.0,0.6,0.7499999999999999,10
gaussian_blur,4,117,1.0,0.5,0.6666666666666666,10
gaussian_blur,4,118,0.6666666666666666,0.8,0.7272727272727272,10
gaussian_blur,4,119,0.5,0.2,0.28571428571428575,10
gaussian_blur,4,120,0.23076923076923078,0.9,0.3673469387755102,10
gaussian_blur,4,121,0.25,0.1,0.14285714285714288,10
gaussian_blur,4,122,0.75,0.3,0.4285714285714285,10
gaussian_blur,4,123,0.2727272727272727,0.3,0.28571428571428564,10
gaussian_blur,4,124,0.5,0.6,0.5454545454545454,10
gaussian_blur,4,125,0.2727272727272727,0.3,0.28571428571428564,10
gaussian_blur,4,126,1.0,0.1,0.18181818181818182,10
gaussian_blur,4,127,0.5,0.1,0.16666666666666669,10
gaussian_blur,4,128,1.0,0.1,0.18181818181818182,10
gaussian_blur,4,129,0.6666666666666666,0.2,0.30769230769230765,10
gaussian_blur,4,130,0.0,0.0,0.0,10
gaussian_blur,4,131,0.36363636363636365,0.4,0.380952380952381,10
gaussian_blur,4,132,0.6,0.3,0.4,10
gaussian_blur,4,133,0.2,0.2,0.20000000000000004,10
gaussian_blur,4,134,0.3333333333333333,0.5,0.4,10
gaussian_blur,4,135,0.6666666666666666,0.4,0.5,10
gaussian_blur,4,136,0.75,0.3,0.4285714285714285,10
gaussian_blur,4,137,0.21052631578947367,0.4,0.27586206896551724,10
gaussian_blur,4,138,0.5714285714285714,0.4,0.47058823529411764,10
gaussian_blur,4,139,0.2608695652173913,0.6,0.36363636363636365,10
gaussian_blur,4,140,0.0,0.0,0.0,10
gaussian_blur,4,141,1.0,0.1,0.18181818181818182,10
gaussian_blur,4,142,0.6666666666666666,0.2,0.30769230769230765,10
gaussian_blur,4,143,0.5,0.1,0.16666666666666669,10
gaussian_blur,4,144,0.25,0.3,0.2727272727272727,10
gaussian_blur,4,145,0.75,0.3,0.4285714285714285,10
gaussian_blur,4,146,0.7142857142857143,0.5,0.588235294117647,10
gaussian_blur,4,147,1.0,0.5,0.6666666666666666,10
gaussian_blur,4,148,0.5294117647058824,0.9,0.6666666666666667,10
gaussian_blur,4,149,0.8333333333333334,0.5,0.625,10
gaussian_blur,4,150,0.8333333333333334,0.5,0.625,10
gaussian_blur,4,151,0.5,0.5,0.5,10
gaussian_blur,4,152,0.1891891891891892,0.7,0.2978723404255319,10
gaussian_blur,4,153,0.5,0.6,0.5454545454545454,10
gaussian_blur,4,154,0.5,0.3,0.37499999999999994,10
gaussian_blur,4,155,0.375,0.3,0.33333333333333326,10
gaussian_blur,4,156,0.75,0.3,0.4285714285714285,10
gaussian_blur,4,157,0.5,0.2,0.28571428571428575,10
gaussian_blur,4,158,0.16666666666666666,0.1,0.125,10
gaussian_blur,4,159,0.3157894736842105,0.6,0.41379310344827586,10
gaussian_blur,4,160,0.4444444444444444,0.4,0.4210526315789474,10
gaussian_blur,4,161,0.3333333333333333,0.4,0.3636363636363636,10
gaussian_blur,4,162,0.6666666666666666,0.2,0.30769230769230765,10
gaussian_blur,4,163,0.6666666666666666,0.4,0.5,10
gaussian_blur,4,164,0.8333333333333334,0.5,0.625,10
gaussian_blur,4,165,0.4666666666666667,0.7,0.56,10
gaussian_blur,4,166,1.0,0.4,0.5714285714285715,10
gaussian_blur,4,167,0.875,0.7,0.7777777777777777,10
gaussian_blur,4,168,0.5555555555555556,0.5,0.5263157894736842,10
gaussian_blur,4,169,1.0,0.5,0.6666666666666666,10
gaussian_blur,4,170,0.3333333333333333,0.7,0.45161290322580644,10
gaussian_blur,4,171,1.0,0.5,0.6666666666666666,10
gaussian_blur,4,172,0.4444444444444444,0.4,0.4210526315789474,10
gaussian_blur,4,173,0.8333333333333334,0.5,0.625,10
gaussian_blur,4,174,1.0,0.2,0.33333333333333337,10
gaussian_blur,4,175,0.5,0.3,0.37499999999999994,10
gaussian_blur,4,176,0.5555555555555556,0.5,0.5263157894736842,10
gaussian_blur,4,177,0.3076923076923077,0.4,0.34782608695652173,10
gaussian_blur,4,178,0.3125,0.5,0.38461538461538464,10
gaussian_blur,4,179,0.42857142857142855,0.3,0.3529411764705882,10
gaussian_blur,4,180,0.2222222222222222,0.2,0.2105263157894737,10
gaussian_blur,4,181,0.125,0.1,0.11111111111111112,10
gaussian_blur,4,182,0.4444444444444444,0.4,0.4210526315789474,10
gaussian_blur,4,183,0.6666666666666666,0.6,0.631578947368421,10
gaussian_blur,4,184,0.8333333333333334,0.5,0.625,10
gaussian_blur,4,185,0.3076923076923077,0.4,0.34782608695652173,10
gaussian_blur,4,186,0.875,0.7,0.7777777777777777,10
gaussian_blur,4,187,0.3,0.6,0.4,10
gaussian_blur,4,188,0.3125,0.5,0.38461538461538464,10
gaussian_blur,4,189,0.8333333333333334,0.5,0.625,10
gaussian_blur,4,190,0.6,0.3,0.4,10
gaussian_blur,4,191,1.0,0.5,0.6666666666666666,10
gaussian_blur,4,192,1.0,0.5,0.6666666666666666,10
gaussian_blur,4,193,0.6666666666666666,0.2,0.30769230769230765,10
gaussian_blur,4,194,0.5714285714285714,0.4,0.47058823529411764,10
gaussian_blur,4,195,0.5833333333333334,0.7,0.6363636363636365,10
gaussian_blur,4,196,0.6,0.6,0.6,10
gaussian_blur,4,197,0.6666666666666666,0.2,0.30769230769230765,10
gaussian_blur,4,198,0.18181818181818182,0.2,0.1904761904761905,10
gaussian_blur,4,199,0.25,0.1,0.14285714285714288,10
gaussian_blur,4,200,0.5,0.8,0.6153846153846154,10
gaussian_blur,4,201,0.625,0.5,0.5555555555555556,10
gaussian_blur,4,202,0.4166666666666667,0.5,0.45454545454545453,10
gaussian_blur,4,203,0.42857142857142855,0.3,0.3529411764705882,10
gaussian_blur,4,204,0.3333333333333333,0.7,0.45161290322580644,10
gaussian_blur,4,205,0.7272727272727273,0.8,0.761904761904762,10
gaussian_blur,4,206,1.0,0.2,0.33333333333333337,10
gaussian_blur,4,207,0.5,0.6,0.5454545454545454,10
gaussian_blur,4,208,0.4444444444444444,0.4,0.4210526315789474,10
gaussian_blur,4,209,1.0,0.2,0.33333333333333337,10
gaussian_blur,4,210,0.6666666666666666,0.8,0.7272727272727272,10
gaussian_blur,4,211,0.6153846153846154,0.8,0.6956521739130435,10
gaussian_blur,4,212,0.46153846153846156,0.6,0.5217391304347826,10
gaussian_blur,4,213,0.38461538461538464,0.5,0.4347826086956522,10
gaussian_blur,4,214,1.0,0.6,0.7499999999999999,10
gaussian_blur,4,215,0.5,0.3,0.37499999999999994,10
gaussian_blur,4,216,0.1111111111111111,0.2,0.14285714285714285,10
gaussian_blur,4,217,0.6666666666666666,0.2,0.30769230769230765,10
gaussian_blur,4,218,0.5833333333333334,0.7,0.6363636363636365,10
gaussian_blur,4,219,0.5555555555555556,0.5,0.5263157894736842,10
gaussian_blur,4,220,0.2,0.4,0.26666666666666666,10
gaussian_blur,4,221,0.8333333333333334,0.5,0.625,10
gaussian_blur,4,222,0.625,0.5,0.5555555555555556,10
gaussian_blur,4,223,0.8333333333333334,0.5,0.625,10
gaussian_blur,4,224,0.6666666666666666,0.2,0.30769230769230765,10
gaussian_blur,4,225,0.17391304347826086,0.4,0.24242424242424243,10
gaussian_blur,4,226,0.38461538461538464,0.5,0.4347826086956522,10
gaussian_blur,4,227,0.13793103448275862,0.4,0.20512820512820515,10
gaussian_blur,4,228,0.3333333333333333,0.2,0.25,10
gaussian_blur,4,229,0.5,0.4,0.4444444444444445,10
gaussian_blur,4,230,0.19230769230769232,0.5,0.2777777777777778,10
gaussian_blur,4,231,0.5,0.6,0.5454545454545454,10
gaussian_blur,4,232,0.4,0.2,0.26666666666666666,10
gaussian_blur,4,233,1.0,0.2,0.33333333333333337,10
gaussian_blur,4,234,0.0,0.0,0.0,10
gaussian_blur,4,235,0.6666666666666666,0.2,0.30769230769230765,10
gaussian_blur,4,236,0.18181818181818182,0.2,0.1904761904761905,10
gaussian_blur,4,237,1.0,0.2,0.33333333333333337,10
gaussian_blur,4,238,0.8,0.8,0.8000000000000002,10
gaussian_blur,4,239,1.0,0.3,0.4615384615384615,10
gaussian_blur,4,240,0.6,0.6,0.6,10
gaussian_blur,4,241,0.21428571428571427,0.6,0.3157894736842105,10
gaussian_blur,4,242,0.6,0.3,0.4,10
gaussian_blur,4,243,0.8888888888888888,0.8,0.8421052631578948,10
gaussian_blur,4,244,1.0,0.1,0.18181818181818182,10
gaussian_blur,4,245,0.7,0.7,0.7,10
gaussian_blur,4,246,0.16666666666666666,0.1,0.125,10
gaussian_blur,4,247,1.0,0.1,0.18181818181818182,10
gaussian_blur,4,248,1.0,0.5,0.6666666666666666,10
gaussian_blur,4,249,0.46153846153846156,0.6,0.5217391304347826,10
gaussian_blur,4,250,0.8571428571428571,0.6,0.7058823529411764,10
gaussian_blur,4,251,1.0,0.7,0.8235294117647058,10
gaussian_blur,4,252,0.5,0.4,0.4444444444444445,10
gaussian_blur,4,253,0.0,0.0,0.0,10
gaussian_blur,4,254,0.6666666666666666,0.4,0.5,10
gaussian_blur,4,255,0.14705882352941177,0.5,0.22727272727272727,10
gaussian_blur,4,256,0.16,0.4,0.22857142857142856,10
gaussian_blur,4,257,0.3,0.3,0.3,10
gaussian_blur,4,258,0.2222222222222222,0.2,0.2105263157894737,10
gaussian_blur,4,259,0.3333333333333333,0.5,0.4,10
gaussian_blur,4,260,0.8,0.4,0.5333333333333333,10
gaussian_blur,4,261,0.3333333333333333,0.7,0.45161290322580644,10
gaussian_blur,4,262,0.5,0.6,0.5454545454545454,10
gaussian_blur,4,263,0.15151515151515152,0.5,0.23255813953488375,10
gaussian_blur,4,264,0.5714285714285714,0.8,0.6666666666666666,10
gaussian_blur,4,265,0.14285714285714285,0.1,0.11764705882352941,10
gaussian_blur,4,266,0.6,0.3,0.4,10
gaussian_blur,4,267,0.75,0.3,0.4285714285714285,10
gaussian_blur,4,268,0.46153846153846156,0.6,0.5217391304347826,10
gaussian_blur,4,269,0.4444444444444444,0.4,0.4210526315789474,10
gaussian_blur,4,270,0.26666666666666666,0.4,0.32,10
gaussian_blur,4,271,0.6666666666666666,0.6,0.631578947368421,10
gaussian_blur,4,272,0.7142857142857143,0.5,0.588235294117647,10
gaussian_blur,4,273,0.5,0.2,0.28571428571428575,10
gaussian_blur,4,274,1.0,0.2,0.33333333333333337,10
gaussian_blur,4,275,0.5,0.4,0.4444444444444445,10
gaussian_blur,4,276,0.75,0.3,0.4285714285714285,10
gaussian_blur,4,277,1.0,0.3,0.4615384615384615,10
gaussian_blur,4,278,0.13333333333333333,0.2,0.16,10
gaussian_blur,4,279,1.0,0.7,0.8235294117647058,10
gaussian_blur,4,280,1.0,0.5,0.6666666666666666,10
gaussian_blur,4,281,1.0,0.4,0.5714285714285715,10
gaussian_blur,4,282,0.375,0.6,0.4615384615384615,10
gaussian_blur,4,283,0.0,0.0,0.0,10
gaussian_blur,4,284,0.75,0.6,0.6666666666666665,10
gaussian_blur,4,285,0.6666666666666666,0.8,0.7272727272727272,10
gaussian_blur,4,286,0.625,0.5,0.5555555555555556,10
gaussian_blur,4,287,1.0,0.3,0.4615384615384615,10
gaussian_blur,4,288,0.6666666666666666,0.4,0.5,10
gaussian_blur,4,289,0.5,0.1,0.16666666666666669,10
gaussian_blur,4,290,0.4666666666666667,0.7,0.56,10
gaussian_blur,4,291,0.6666666666666666,0.8,0.7272727272727272,10
gaussian_blur,4,292,0.5714285714285714,0.4,0.47058823529411764,10
gaussian_blur,4,293,0.46153846153846156,0.6,0.5217391304347826,10
gaussian_blur,4,294,0.7142857142857143,0.5,0.588235294117647,10
gaussian_blur,4,295,0.7,0.7,0.7,10
gaussian_blur,4,296,0.5625,0.9,0.6923076923076923,10
gaussian_blur,4,297,1.0,0.1,0.18181818181818182,10
gaussian_blur,4,298,0.7,0.7,0.7,10
gaussian_blur,4,299,1.0,0.7,0.8235294117647058,10
gaussian_blur,4,300,1.0,0.8,0.888888888888889,10
gaussian_blur,4,301,0.8571428571428571,0.6,0.7058823529411764,10
gaussian_blur,4,302,0.4375,0.7,0.5384615384615384,10
gaussian_blur,4,303,0.23076923076923078,0.6,0.33333333333333337,10
gaussian_blur,4,304,1.0,0.5,0.6666666666666666,10
gaussian_blur,4,305,0.75,0.3,0.4285714285714285,10
gaussian_blur,4,306,0.35294117647058826,0.6,0.4444444444444445,10
gaussian_blur,4,307,0.75,0.6,0.6666666666666665,10
gaussian_blur,4,308,0.3333333333333333,0.2,0.25,10
gaussian_blur,4,309,0.5,0.7,0.5833333333333334,10
gaussian_blur,4,310,1.0,0.7,0.8235294117647058,10
gaussian_blur,4,311,0.5,0.3,0.37499999999999994,10
gaussian_blur,4,312,1.0,0.6,0.7499999999999999,10
gaussian_blur,4,313,0.75,0.6,0.6666666666666665,10
gaussian_blur,4,314,0.8571428571428571,0.6,0.7058823529411764,10
gaussian_blur,4,315,0.4166666666666667,0.5,0.45454545454545453,10
gaussian_blur,4,316,0.9,0.9,0.9,10
gaussian_blur,4,317,1.0,0.5,0.6666666666666666,10
gaussian_blur,4,318,0.42857142857142855,0.3,0.3529411764705882,10
gaussian_blur,4,319,0.8888888888888888,0.8,0.8421052631578948,10
gaussian_blur,4,320,0.9,0.9,0.9,10
gaussian_blur,4,321,0.0,0.0,0.0,10
gaussian_blur,4,322,0.1111111111111111,0.1,0.10526315789473685,10
gaussian_blur,4,323,0.6,0.3,0.4,10
gaussian_blur,4,324,1.0,0.1,0.18181818181818182,10
gaussian_blur,4,325,0.6666666666666666,0.2,0.30769230769230765,10
gaussian_blur,4,326,0.1111111111111111,0.3,0.16216216216216217,10
gaussian_blur,4,327,0.5555555555555556,0.5,0.5263157894736842,10
gaussian_blur,4,328,1.0,0.5,0.6666666666666666,10
gaussian_blur,4,329,0.5714285714285714,0.8,0.6666666666666666,10
gaussian_blur,4,330,0.2727272727272727,0.6,0.37499999999999994,10
gaussian_blur,4,331,0.7,0.7,0.7,10
gaussian_blur,4,332,0.16666666666666666,0.3,0.21428571428571427,10
gaussian_blur,4,333,0.06666666666666667,0.4,0.1142857142857143,10
gaussian_blur,4,334,0.14285714285714285,0.1,0.11764705882352941,10
gaussian_blur,4,335,0.2,0.1,0.13333333333333333,10
gaussian_blur,4,336,0.5,0.1,0.16666666666666669,10
gaussian_blur,4,337,0.75,0.3,0.4285714285714285,10
gaussian_blur,4,338,0.0967741935483871,0.3,0.14634146341463414,10
gaussian_blur,4,339,0.8571428571428571,0.6,0.7058823529411764,10
gaussian_blur,4,340,0.35294117647058826,0.6,0.4444444444444445,10
gaussian_blur,4,341,0.09333333333333334,0.7,0.16470588235294115,10
gaussian_blur,4,342,0.5333333333333333,0.8,0.64,10
gaussian_blur,4,343,0.4,0.2,0.26666666666666666,10
gaussian_blur,4,344,0.42857142857142855,0.6,0.5,10
gaussian_blur,4,345,0.4375,0.7,0.5384615384615384,10
gaussian_blur,4,346,0.4,0.2,0.26666666666666666,10
gaussian_blur,4,347,0.6666666666666666,0.4,0.5,10
gaussian_blur,4,348,0.4666666666666667,0.7,0.56,10
gaussian_blur,4,349,1.0,0.1,0.18181818181818182,10
gaussian_blur,4,350,0.47619047619047616,1.0,0.6451612903225806,10
gaussian_blur,4,351,0.4166666666666667,0.5,0.45454545454545453,10
gaussian_blur,4,352,0.25,0.1,0.14285714285714288,10
gaussian_blur,4,353,0.23076923076923078,0.3,0.2608695652173913,10
gaussian_blur,4,354,0.5714285714285714,0.4,0.47058823529411764,10
gaussian_blur,4,355,0.4666666666666667,0.7,0.56,10
gaussian_blur,4,356,0.8,0.4,0.5333333333333333,10
gaussian_blur,4,357,0.09836065573770492,0.6,0.16901408450704225,10
gaussian_blur,4,358,0.4,0.2,0.26666666666666666,10
gaussian_blur,4,359,0.5,0.4,0.4444444444444445,10
gaussian_blur,4,360,0.5714285714285714,0.4,0.47058823529411764,10
gaussian_blur,4,361,0.35294117647058826,0.6,0.4444444444444445,10
gaussian_blur,4,362,0.8888888888888888,0.8,0.8421052631578948,10
gaussian_blur,4,363,0.6,0.6,0.6,10
gaussian_blur,4,364,0.8888888888888888,0.8,0.8421052631578948,10
gaussian_blur,4,365,1.0,0.5,0.6666666666666666,10
gaussian_blur,4,366,0.4375,0.7,0.5384615384615384,10
gaussian_blur,4,367,1.0,0.2,0.33333333333333337,10
gaussian_blur,4,368,0.3,0.3,0.3,10
gaussian_blur,4,369,0.29411764705882354,0.5,0.37037037037037035,10
gaussian_blur,4,370,0.5454545454545454,0.6,0.5714285714285713,10
gaussian_blur,4,371,0.2857142857142857,0.2,0.23529411764705882,10
gaussian_blur,4,372,0.5,0.2,0.28571428571428575,10
gaussian_blur,4,373,0.6666666666666666,0.2,0.30769230769230765,10
gaussian_blur,4,374,0.25,0.3,0.2727272727272727,10
gaussian_blur,4,375,0.2,0.2,0.20000000000000004,10
gaussian_blur,4,376,1.0,0.7,0.8235294117647058,10
gaussian_blur,4,377,0.6666666666666666,0.4,0.5,10
gaussian_blur,4,378,0.625,0.5,0.5555555555555556,10
gaussian_blur,4,379,0.1,0.1,0.10000000000000002,10
gaussian_blur,4,380,0.8333333333333334,0.5,0.625,10
gaussian_blur,4,381,0.14285714285714285,0.3,0.19354838709677416,10
gaussian_blur,4,382,0.5,0.1,0.16666666666666669,10
gaussian_blur,4,383,0.8,0.4,0.5333333333333333,10
gaussian_blur,4,384,0.42857142857142855,0.6,0.5,10
gaussian_blur,4,385,0.8333333333333334,0.5,0.625,10
gaussian_blur,4,386,0.17857142857142858,0.5,0.2631578947368421,10
gaussian_blur,4,387,0.2857142857142857,0.2,0.23529411764705882,10
gaussian_blur,4,388,0.0,0.0,0.0,10
gaussian_blur,4,389,0.75,0.3,0.4285714285714285,10
gaussian_blur,4,390,0.8,0.4,0.5333333333333333,10
gaussian_blur,4,391,0.35714285714285715,0.5,0.41666666666666663,10
gaussian_blur,4,392,1.0,0.1,0.18181818181818182,10
gaussian_blur,4,393,0.3333333333333333,0.1,0.15384615384615383,10
gaussian_blur,4,394,0.1875,0.3,0.23076923076923075,10
gaussian_blur,4,395,0.38461538461538464,0.5,0.4347826086956522,10
gaussian_blur,4,396,0.8333333333333334,0.5,0.625,10
gaussian_blur,4,397,1.0,1.0,1.0,10
gaussian_blur,4,398,0.2,0.5,0.28571428571428575,10
gaussian_blur,4,399,0.4444444444444444,0.4,0.4210526315789474,10
gaussian_blur,4,400,0.23076923076923078,0.3,0.2608695652173913,10
gaussian_blur,4,401,0.8,0.8,0.8000000000000002,10
gaussian_blur,4,402,0.6153846153846154,0.8,0.6956521739130435,10
gaussian_blur,4,403,0.8571428571428571,0.6,0.7058823529411764,10
gaussian_blur,4,404,0.5714285714285714,0.4,0.47058823529411764,10
gaussian_blur,4,405,0.5,0.8,0.6153846153846154,10
gaussian_blur,4,406,0.3333333333333333,0.8,0.47058823529411764,10
gaussian_blur,4,407,0.3333333333333333,0.2,0.25,10
gaussian_blur,4,408,0.7777777777777778,0.7,0.7368421052631577,10
gaussian_blur,4,409,0.6153846153846154,0.8,0.6956521739130435,10
gaussian_blur,4,410,0.0,0.0,0.0,10
gaussian_blur,4,411,1.0,0.7,0.8235294117647058,10
gaussian_blur,4,412,0.36363636363636365,0.4,0.380952380952381,10
gaussian_blur,4,413,0.3181818181818182,0.7,0.4375,10
gaussian_blur,4,414,0.6666666666666666,0.4,0.5,10
gaussian_blur,4,415,0.8,0.4,0.5333333333333333,10
gaussian_blur,4,416,0.75,0.3,0.4285714285714285,10
gaussian_blur,4,417,0.2631578947368421,0.5,0.3448275862068966,10
gaussian_blur,4,418,0.5,0.8,0.6153846153846154,10
gaussian_blur,4,419,0.6363636363636364,0.7,0.6666666666666666,10
gaussian_blur,4,420,0.4375,0.7,0.5384615384615384,10
gaussian_blur,4,421,1.0,0.2,0.33333333333333337,10
gaussian_blur,4,422,0.7,0.7,0.7,10
gaussian_blur,4,423,0.18181818181818182,0.2,0.1904761904761905,10
gaussian_blur,4,424,0.7777777777777778,0.7,0.7368421052631577,10
gaussian_blur,4,425,0.5714285714285714,0.4,0.47058823529411764,10
gaussian_blur,4,426,0.7142857142857143,0.5,0.588235294117647,10
gaussian_blur,4,427,0.5384615384615384,0.7,0.608695652173913,10
gaussian_blur,4,428,0.47368421052631576,0.9,0.6206896551724138,10
gaussian_blur,4,429,0.5,0.3,0.37499999999999994,10
gaussian_blur,4,430,0.5,0.5,0.5,10
gaussian_blur,4,431,0.5,0.4,0.4444444444444445,10
gaussian_blur,4,432,0.45454545454545453,0.5,0.47619047619047616,10
gaussian_blur,4,433,0.75,0.3,0.4285714285714285,10
gaussian_blur,4,434,1.0,0.6,0.7499999999999999,10
gaussian_blur,4,435,0.23529411764705882,0.4,0.29629629629629634,10
gaussian_blur,4,436,0.0,0.0,0.0,10
gaussian_blur,4,437,0.45454545454545453,0.5,0.47619047619047616,10
gaussian_blur,4,438,0.8,0.4,0.5333333333333333,10
gaussian_blur,4,439,0.5,0.3,0.37499999999999994,10
gaussian_blur,4,440,0.6666666666666666,0.8,0.7272727272727272,10
gaussian_blur,4,441,0.6666666666666666,0.2,0.30769230769230765,10
gaussian_blur,4,442,0.0,0.0,0.0,10
gaussian_blur,4,443,0.9,0.9,0.9,10
gaussian_blur,4,444,0.4,0.6,0.48,10
gaussian_blur,4,445,0.8181818181818182,0.9,0.8571428571428572,10
gaussian_blur,4,446,0.0,0.0,0.0,10
gaussian_blur,4,447,0.6666666666666666,0.8,0.7272727272727272,10
gaussian_blur,4,448,0.2222222222222222,0.8,0.3478260869565218,10
gaussian_blur,4,449,0.2727272727272727,0.3,0.28571428571428564,10
gaussian_blur,4,450,1.0,0.9,0.9473684210526316,10
gaussian_blur,4,451,0.13333333333333333,0.4,0.2,10
gaussian_blur,4,452,0.875,0.7,0.7777777777777777,10
gaussian_blur,4,453,0.5,0.3,0.37499999999999994,10
gaussian_blur,4,454,1.0,0.4,0.5714285714285715,10
gaussian_blur,4,455,0.3333333333333333,0.1,0.15384615384615383,10
gaussian_blur,4,456,0.5454545454545454,0.6,0.5714285714285713,10
gaussian_blur,4,457,0.875,0.7,0.7777777777777777,10
gaussian_blur,4,458,1.0,0.4,0.5714285714285715,10
gaussian_blur,4,459,1.0,0.3,0.4615384615384615,10
gaussian_blur,4,460,0.35294117647058826,0.6,0.4444444444444445,10
gaussian_blur,4,461,0.8888888888888888,0.8,0.8421052631578948,10
gaussian_blur,4,462,0.375,0.3,0.33333333333333326,10
gaussian_blur,4,463,0.11666666666666667,0.7,0.2,10
gaussian_blur,4,464,0.2857142857142857,0.8,0.4210526315789473,10
gaussian_blur,4,465,0.13043478260869565,0.3,0.18181818181818182,10
gaussian_blur,4,466,0.5,0.1,0.16666666666666669,10
gaussian_blur,4,467,0.6,0.3,0.4,10
gaussian_blur,4,468,0.2222222222222222,0.2,0.2105263157894737,10
gaussian_blur,4,469,0.5,0.4,0.4444444444444445,10
gaussian_blur,4,470,1.0,0.4,0.5714285714285715,10
gaussian_blur,4,471,0.5,0.1,0.16666666666666669,10
gaussian_blur,4,472,0.3,0.3,0.3,10
gaussian_blur,4,473,0.42857142857142855,0.3,0.3529411764705882,10
gaussian_blur,4,474,1.0,0.5,0.6666666666666666,10
gaussian_blur,4,475,0.6666666666666666,0.4,0.5,10
gaussian_blur,4,476,0.2,0.4,0.26666666666666666,10
gaussian_blur,4,477,0.6666666666666666,0.2,0.30769230769230765,10
gaussian_blur,4,478,0.38461538461538464,0.5,0.4347826086956522,10
gaussian_blur,4,479,0.4444444444444444,0.4,0.4210526315789474,10
gaussian_blur,4,480,0.75,0.3,0.4285714285714285,10
gaussian_blur,4,481,0.75,0.3,0.4285714285714285,10
gaussian_blur,4,482,0.30434782608695654,0.7,0.42424242424242425,10
gaussian_blur,4,483,0.26666666666666666,0.8,0.4,10
gaussian_blur,4,484,0.35,0.7,0.4666666666666667,10
gaussian_blur,4,485,0.6666666666666666,0.6,0.631578947368421,10
gaussian_blur,4,486,0.6,0.3,0.4,10
gaussian_blur,4,487,0.7777777777777778,0.7,0.7368421052631577,10
gaussian_blur,4,488,0.6666666666666666,0.2,0.30769230769230765,10
gaussian_blur,4,489,0.42105263157894735,0.8,0.5517241379310345,10
gaussian_blur,4,490,0.3333333333333333,0.5,0.4,10
gaussian_blur,4,491,0.2,0.2,0.20000000000000004,10
gaussian_blur,4,492,0.7142857142857143,0.5,0.588235294117647,10
gaussian_blur,4,493,0.6666666666666666,0.2,0.30769230769230765,10
gaussian_blur,4,494,0.4166666666666667,0.5,0.45454545454545453,10
gaussian_blur,4,495,0.5,0.3,0.37499999999999994,10
gaussian_blur,4,496,0.2631578947368421,0.5,0.3448275862068966,10
gaussian_blur,4,497,0.8,0.4,0.5333333333333333,10
gaussian_blur,4,498,0.2,0.4,0.26666666666666666,10
gaussian_blur,4,499,0.5555555555555556,0.5,0.5263157894736842,10
motion_blur,1,000,0.9090909090909091,1.0,0.9523809523809523,10
motion_blur,1,001,1.0,0.8,0.888888888888889,10
motion_blur,1,002,0.7692307692307693,1.0,0.8695652173913044,10
motion_blur,1,003,0.9090909090909091,1.0,0.9523809523809523,10
motion_blur,1,004,0.9090909090909091,1.0,0.9523809523809523,10
motion_blur,1,005,1.0,0.8,0.888888888888889,10
motion_blur,1,006,0.9090909090909091,1.0,0.9523809523809523,10
motion_blur,1,007,0.8333333333333334,1.0,0.9090909090909091,10
motion_blur,1,008,0.7777777777777778,0.7,0.7368421052631577,10
motion_blur,1,009,0.9090909090909091,1.0,0.9523809523809523,10
motion_blur,1,010,0.8333333333333334,1.0,0.9090909090909091,10
motion_blur,1,011,0.9,0.9,0.9,10
motion_blur,1,012,1.0,1.0,1.0,10
motion_blur,1,013,1.0,1.0,1.0,10
motion_blur,1,014,1.0,0.9,0.9473684210526316,10
motion_blur,1,015,1.0,1.0,1.0,10
motion_blur,1,016,1.0,0.9,0.9473684210526316,10
motion_blur,1,017,0.9,0.9,0.9,10
motion_blur,1,018,1.0,1.0,1.0,10
motion_blur,1,019,1.0,1.0,1.0,10
motion_blur,1,020,1.0,0.9,0.9473684210526316,10
motion_blur,1,021,0.9,0.9,0.9,10
motion_blur,1,022,0.8888888888888888,0.8,0.8421052631578948,10
motion_blur,1,023,0.7142857142857143,1.0,0.8333333333333333,10
motion_blur,1,024,0.9090909090909091,1.0,0.9523809523809523,10
motion_blur,1,025,1.0,0.9,0.9473684210526316,10
motion_blur,1,026,1.0,0.8,0.888888888888889,10
motion_blur,1,027,1.0,0.9,0.9473684210526316,10
motion_blur,1,028,0.6666666666666666,0.8,0.7272727272727272,10
motion_blur,1,029,1.0,0.9,0.9473684210526316,10
motion_blur,1,030,0.9090909090909091,1.0,0.9523809523809523,10
motion_blur,1,031,0.8571428571428571,0.6,0.7058823529411764,10
motion_blur,1,032,0.75,0.9,0.8181818181818182,10
motion_blur,1,033,1.0,0.9,0.9473684210526316,10
motion_blur,1,034,0.8888888888888888,0.8,0.8421052631578948,10
motion_blur,1,035,0.8181818181818182,0.9,0.8571428571428572,10
motion_blur,1,036,0.9090909090909091,1.0,0.9523809523809523,10
motion_blur,1,037,1.0,0.9,0.9473684210526316,10
motion_blur,1,038,0.8888888888888888,0.8,0.8421052631578948,10
motion_blur,1,039,0.8888888888888888,0.8,0.8421052631578948,10
motion_blur,1,040,0.8333333333333334,1.0,0.9090909090909091,10
motion_blur,1,041,1.0,1.0,1.0,10
motion_blur,1,042,0.9,0.9,0.9,10
motion_blur,1,043,1.0,0.9,0.9473684210526316,10
motion_blur,1,044,0.9,0.9,0.9,10
motion_blur,1,045,1.0,1.0,1.0,10
motion_blur,1,046,0.9,0.9,0.9,10
motion_blur,1,047,1.0,0.8,0.888888888888889,10
motion_blur,1,048,0.8,0.8,0.8000000000000002,10
motion_blur,1,049,0.7272727272727273,0.8,0.761904761904762,10
motion_blur,1,050,0.8181818181818182,0.9,0.8571428571428572,10
motion_blur,1,051,0.9090909090909091,1.0,0.9523809523809523,10
motion_blur,1,052,1.0,0.7,0.8235294117647058,10
motion_blur,1,053,0.9,0.9,0.9,10
motion_blur,1,054,0.7272727272727273,0.8,0.761904761904762,10
motion_blur,1,055,0.9,0.9,0.9,10
motion_blur,1,056,1.0,0.8,0.888888888888889,10
motion_blur,1,057,0.8181818181818182,0.9,0.8571428571428572,10
motion_blur,1,058,1.0,1.0,1.0,10
motion_blur,1,059,1.0,1.0,1.0,10
motion_blur,1,060,1.0,1.0,1.0,10
motion_blur,1,061,1.0,1.0,1.0,10
motion_blur,1,062,1.0,1.0,1.0,10
motion_blur,1,063,1.0,1.0,1.0,10
motion_blur,1,064,1.0,0.6,0.7499999999999999,10
motion_blur,1,065,0.9,0.9,0.9,10
motion_blur,1,066,0.75,0.9,0.8181818181818182,10
motion_blur,1,067,0.8571428571428571,0.6,0.7058823529411764,10
motion_blur,1,068,1.0,1.0,1.0,10
motion_blur,1,069,0.75,0.6,0.6666666666666665,10
motion_blur,1,070,1.0,1.0,1.0,10
motion_blur,1,071,0.6923076923076923,0.9,0.7826086956521738,10
motion_blur,1,072,1.0,0.9,0.9473684210526316,10
motion_blur,1,073,1.0,1.0,1.0,10
motion_blur,1,074,0.8888888888888888,0.8,0.8421052631578948,10
motion_blur,1,075,0.6923076923076923,0.9,0.7826086956521738,10
motion_blur,1,076,1.0,0.7,0.8235294117647058,10
motion_blur,1,077,1.0,1.0,1.0,10
motion_blur,1,078,1.0,0.9,0.9473684210526316,10
motion_blur,1,079,0.8,0.8,0.8000000000000002,10
motion_blur,1,080,1.0,0.9,0.9473684210526316,10
motion_blur,1,081,1.0,0.9,0.9473684210526316,10
motion_blur,1,082,1.0,1.0,1.0,10
motion_blur,1,083,1.0,1.0,1.0,10
motion_blur,1,084,1.0,0.6,0.7499999999999999,10
motion_blur,1,085,1.0,1.0,1.0,10
motion_blur,1,086,1.0,0.9,0.9473684210526316,10
motion_blur,1,087,0.7692307692307693,1.0,0.8695652173913044,10
motion_blur,1,088,0.6666666666666666,1.0,0.8,10
motion_blur,1,089,1.0,1.0,1.0,10
motion_blur,1,090,1.0,0.7,0.8235294117647058,10
motion_blur,1,091,0.9090909090909091,1.0,0.9523809523809523,10
motion_blur,1,092,1.0,0.9,0.9473684210526316,10
motion_blur,1,093,1.0,1.0,1.0,10
motion_blur,1,094,0.6923076923076923,0.9,0.7826086956521738,10
motion_blur,1,095,1.0,1.0,1.0,10
motion_blur,1,096,1.0,0.9,0.9473684210526316,10
motion_blur,1,097,1.0,0.9,0.9473684210526316,10
motion_blur,1,098,0.8333333333333334,1.0,0.9090909090909091,10
motion_blur,1,099,0.9,0.9,0.9,10
motion_blur,1,100,0.9,0.9,0.9,10
motion_blur,1,101,1.0,1.0,1.0,10
motion_blur,1,102,1.0,0.9,0.9473684210526316,10
motion_blur,1,103,1.0,0.8,0.888888888888889,10
motion_blur,1,104,1.0,0.8,0.888888888888889,10
motion_blur,1,105,1.0,0.9,0.9473684210526316,10
motion_blur,1,106,1.0,0.7,0.8235294117647058,10
motion_blur,1,107,0.9090909090909091,1.0,0.9523809523809523,10
motion_blur,1,108,1.0,1.0,1.0,10
motion_blur,1,109,0.8181818181818182,0.9,0.8571428571428572,10
motion_blur,1,110,1.0,0.7,0.8235294117647058,10
motion_blur,1,111,1.0,0.9,0.9473684210526316,10
motion_blur,1,112,0.9,0.9,0.9,10
motion_blur,1,113,1.0,1.0,1.0,10
motion_blur,1,114,0.9090909090909091,1.0,0.9523809523809523,10
motion_blur,1,115,1.0,0.9,0.9473684210526316,10
motion_blur,1,116,1.0,1.0,1.0,10
motion_blur,1,117,1.0,1.0,1.0,10
motion_blur,1,118,1.0,0.9,0.9473684210526316,10
motion_blur,1,119,0.875,0.7,0.7777777777777777,10
motion_blur,1,120,0.9090909090909091,1.0,0.9523809523809523,10
motion_blur,1,121,0.5833333333333334,0.7,0.6363636363636365,10
motion_blur,1,122,0.8333333333333334,0.5,0.625,10
motion_blur,1,123,0.8333333333333334,1.0,0.9090909090909091,10
motion_blur,1,124,1.0,1.0,1.0,10
motion_blur,1,125,0.8181818181818182,0.9,0.8571428571428572,10
motion_blur,1,126,1.0,0.9,0.9473684210526316,10
motion_blur,1,127,0.875,0.7,0.7777777777777777,10
motion_blur,1,128,1.0,0.6,0.7499999999999999,10
motion_blur,1,129,1.0,0.8,0.888888888888889,10
motion_blur,1,130,0.875,0.7,0.7777777777777777,10
motion_blur,1,131,0.6,0.9,0.7200000000000001,10
motion_blur,1,132,1.0,1.0,1.0,10
motion_blur,1,133,0.9,0.9,0.9,10
motion_blur,1,134,1.0,0.9,0.9473684210526316,10
motion_blur,1,135,0.6666666666666666,1.0,0.8,10
motion_blur,1,136,0.9,0.9,0.9,10
motion_blur,1,137,0.8333333333333334,1.0,0.9090909090909091,10
motion_blur,1,138,0.8,0.8,0.8000000000000002,10
motion_blur,1,139,0.6,0.6,0.6,10
motion_blur,1,140,0.75,0.6,0.6666666666666665,10
motion_blur,1,141,0.8181818181818182,0.9,0.8571428571428572,10
motion_blur,1,142,0.8888888888888888,0.8,0.8421052631578948,10
motion_blur,1,143,0.7777777777777778,0.7,0.7368421052631577,10
motion_blur,1,144,0.9090909090909091,1.0,0.9523809523809523,10
motion_blur,1,145,1.0,0.9,0.9473684210526316,10
motion_blur,1,146,1.0,0.9,0.9473684210526316,10
motion_blur,1,147,1.0,0.9,0.9473684210526316,10
motion_blur,1,148,0.9090909090909091,1.0,0.9523809523809523,10
motion_blur,1,149,1.0,0.9,0.9473684210526316,10
motion_blur,1,150,1.0,0.9,0.9473684210526316,10
motion_blur,1,151,0.9090909090909091,1.0,0.9523809523809523,10
motion_blur,1,152,0.9,0.9,0.9,10
motion_blur,1,153,0.9090909090909091,1.0,0.9523809523809523,10
motion_blur,1,154,0.9090909090909091,1.0,0.9523809523809523,10
motion_blur,1,155,0.75,0.6,0.6666666666666665,10
motion_blur,1,156,0.6666666666666666,0.6,0.631578947368421,10
motion_blur,1,157,0.6,0.3,0.4,10
motion_blur,1,158,0.8571428571428571,0.6,0.7058823529411764,10
motion_blur,1,159,0.6666666666666666,0.8,0.7272727272727272,10
motion_blur,1,160,0.5,0.7,0.5833333333333334,10
motion_blur,1,161,0.46153846153846156,0.6,0.5217391304347826,10
motion_blur,1,162,1.0,0.9,0.9473684210526316,10
motion_blur,1,163,0.9090909090909091,1.0,0.9523809523809523,10
motion_blur,1,164,0.8,0.8,0.8000000000000002,10
motion_blur,1,165,0.5384615384615384,0.7,0.608695652173913,10
motion_blur,1,166,0.75,0.6,0.6666666666666665,10
motion_blur,1,167,1.0,0.8,0.888888888888889,10
motion_blur,1,168,0.8888888888888888,0.8,0.8421052631578948,10
motion_blur,1,169,0.8181818181818182,0.9,0.8571428571428572,10
motion_blur,1,170,0.8333333333333334,1.0,0.9090909090909091,10
motion_blur,1,171,1.0,0.9,0.9473684210526316,10
motion_blur,1,172,0.8181818181818182,0.9,0.8571428571428572,10
motion_blur,1,173,0.9,0.9,0.9,10
motion_blur,1,174,0.8888888888888888,0.8,0.8421052631578948,10
motion_blur,1,175,1.0,0.6,0.7499999999999999,10
motion_blur,1,176,0.7692307692307693,1.0,0.8695652173913044,10
motion_blur,1,177,0.8888888888888888,0.8,0.8421052631578948,10
motion_blur,1,178,0.8333333333333334,0.5,0.625,10
motion_blur,1,179,0.875,0.7,0.7777777777777777,10
motion_blur,1,180,0.6,0.6,0.6,10
motion_blur,1,181,1.0,0.8,0.888888888888889,10
motion_blur,1,182,0.7,0.7,0.7,10
motion_blur,1,183,0.8333333333333334,1.0,0.9090909090909091,10
motion_blur,1,184,1.0,0.8,0.888888888888889,10
motion_blur,1,185,0.8181818181818182,0.9,0.8571428571428572,10
motion_blur,1,186,0.75,0.9,0.8181818181818182,10
motion_blur,1,187,0.6666666666666666,0.8,0.7272727272727272,10
motion_blur,1,188,1.0,0.7,0.8235294117647058,10
motion_blur,1,189,1.0,1.0,1.0,10
motion_blur,1,190,0.8,0.8,0.8000000000000002,10
motion_blur,1,191,0.8333333333333334,1.0,0.9090909090909091,10
motion_blur,1,192,1.0,0.8,0.888888888888889,10
motion_blur,1,193,1.0,0.5,0.6666666666666666,10
motion_blur,1,194,0.9,0.9,0.9,10
motion_blur,1,195,0.8888888888888888,0.8,0.8421052631578948,10
motion_blur,1,196,0.9090909090909091,1.0,0.9523809523809523,10
motion_blur,1,197,0.875,0.7,0.7777777777777777,10
motion_blur,1,198,0.75,0.6,0.6666666666666665,10
motion_blur,1,199,1.0,0.7,0.8235294117647058,10
motion_blur,1,200,0.8888888888888888,0.8,0.8421052631578948,10
motion_blur,1,201,1.0,0.9,0.9473684210526316,10
motion_blur,1,202,0.6363636363636364,0.7,0.6666666666666666,10
motion_blur,1,203,0.5833333333333334,0.7,0.6363636363636365,10
motion_blur,1,204,0.6153846153846154,0.8,0.6956521739130435,10
motion_blur,1,205,0.7692307692307693,1.0,0.8695652173913044,10
motion_blur,1,206,0.875,0.7,0.7777777777777777,10
motion_blur,1,207,0.6428571428571429,0.9,0.75,10
motion_blur,1,208,0.9,0.9,0.9,10
motion_blur,1,209,0.8888888888888888,0.8,0.8421052631578948,10
motion_blur,1,210,0.6428571428571429,0.9,0.75,10
motion_blur,1,211,0.8333333333333334,1.0,0.9090909090909091,10
motion_blur,1,212,0.7777777777777778,0.7,0.7368421052631577,10
motion_blur,1,213,1.0,0.8,0.888888888888889,10
motion_blur,1,214,0.7,0.7,0.7,10
motion_blur,1,215,0.6,0.9,0.7200000000000001,10
motion_blur,1,216,0.8888888888888888,0.8,0.8421052631578948,10
motion_blur,1,217,0.8333333333333334,0.5,0.625,10
motion_blur,1,218,0.8181818181818182,0.9,0.8571428571428572,10
motion_blur,1,219,0.875,0.7,0.7777777777777777,10
motion_blur,1,220,0.5333333333333333,0.8,0.64,10
motion_blur,1,221,0.8888888888888888,0.8,0.8421052631578948,10
motion_blur,1,222,0.8,0.8,0.8000000000000002,10
motion_blur,1,223,1.0,1.0,1.0,10
motion_blur,1,224,0.6666666666666666,0.6,0.631578947368421,10
motion_blur,1,225,0.5555555555555556,1.0,0.7142857142857143,10
motion_blur,1,226,1.0,0.9,0.9473684210526316,10
motion_blur,1,227,0.46153846153846156,0.6,0.5217391304347826,10
motion_blur,1,228,1.0,0.6,0.7499999999999999,10
motion_blur,1,229,0.9,0.9,0.9,10
motion_blur,1,230,0.875,0.7,0.7777777777777777,10
motion_blur,1,231,0.875,0.7,0.7777777777777777,10
motion_blur,1,232,0.7272727272727273,0.8,0.761904761904762,10
motion_blur,1,233,0.7142857142857143,0.5,0.588235294117647,10
motion_blur,1,234,0.9,0.9,0.9,10
motion_blur,1,235,0.8888888888888888,0.8,0.8421052631578948,10
motion_blur,1,236,0.8181818181818182,0.9,0.8571428571428572,10
motion_blur,1,237,0.8,0.8,0.8000000000000002,10
motion_blur,1,238,0.8333333333333334,1.0,0.9090909090909091,10
motion_blur,1,239,1.0,0.9,0.9473684210526316,10
motion_blur,1,240,0.7777777777777778,0.7,0.7368421052631577,10
motion_blur,1,241,0.75,0.9,0.8181818181818182,10
motion_blur,1,242,1.0,0.7,0.8235294117647058,10
motion_blur,1,243,0.9090909090909091,1.0,0.9523809523809523,10
motion_blur,1,244,1.0,0.9,0.9473684210526316,10
motion_blur,1,245,0.6923076923076923,0.9,0.7826086956521738,10
motion_blur,1,246,0.75,0.6,0.6666666666666665,10
motion_blur,1,247,0.5714285714285714,0.4,0.47058823529411764,10
motion_blur,1,248,0.8888888888888888,0.8,0.8421052631578948,10
motion_blur,1,249,0.6153846153846154,0.8,0.6956521739130435,10
motion_blur,1,250,0.9090909090909091,1.0,0.9523809523809523,10
motion_blur,1,251,1.0,1.0,1.0,10
motion_blur,1,252,1.0,0.8,0.888888888888889,10
motion_blur,1,253,0.7,0.7,0.7,10
motion_blur,1,254,0.8181818181818182,0.9,0.8571428571428572,10
motion_blur,1,255,1.0,1.0,1.0,10
motion_blur,1,256,0.7142857142857143,0.5,0.588235294117647,10
motion_blur,1,257,0.7142857142857143,1.0,0.8333333333333333,10
motion_blur,1,258,1.0,0.6,0.7499999999999999,10
motion_blur,1,259,0.5714285714285714,0.8,0.6666666666666666,10
motion_blur,1,260,0.8181818181818182,0.9,0.8571428571428572,10
motion_blur,1,261,0.8333333333333334,1.0,0.9090909090909091,10
motion_blur,1,262,0.8181818181818182,0.9,0.8571428571428572,10
motion_blur,1,263,0.9090909090909091,1.0,0.9523809523809523,10
motion_blur,1,264,0.9090909090909091,1.0,0.9523809523809523,10
motion_blur,1,265,0.7777777777777778,0.7,0.7368421052631577,10
motion_blur,1,266,0.8333333333333334,1.0,0.9090909090909091,10
motion_blur,1,267,0.7777777777777778,0.7,0.7368421052631577,10
motion_blur,1,268,0.8181818181818182,0.9,0.8571428571428572,10
motion_blur,1,269,0.8333333333333334,1.0,0.9090909090909091,10
motion_blur,1,270,1.0,1.0,1.0,10
motion_blur,1,271,0.8181818181818182,0.9,0.8571428571428572,10
motion_blur,1,272,1.0,0.9,0.9473684210526316,10
motion_blur,1,273,0.9090909090909091,1.0,0.9523809523809523,10
motion_blur,1,274,1.0,0.8,0.888888888888889,10
motion_blur,1,275,0.8888888888888888,0.8,0.8421052631578948,10
motion_blur,1,276,0.6428571428571429,0.9,0.75,10
motion_blur,1,277,0.8333333333333334,1.0,0.9090909090909091,10
motion_blur,1,278,0.875,0.7,0.7777777777777777,10
motion_blur,1,279,0.9090909090909091,1.0,0.9523809523809523,10
motion_blur,1,280,1.0,0.9,0.9473684210526316,10
motion_blur,1,281,0.9,0.9,0.9,10
motion_blur,1,282,1.0,0.8,0.888888888888889,10
motion_blur,1,283,1.0,1.0,1.0,10
motion_blur,1,284,0.8333333333333334,1.0,0.9090909090909091,10
motion_blur,1,285,1.0,1.0,1.0,10
motion_blur,1,286,0.75,0.9,0.8181818181818182,10
motion_blur,1,287,0.8888888888888888,0.8,0.8421052631578948,10
motion_blur,1,288,0.8181818181818182,0.9,0.8571428571428572,10
motion_blur,1,289,0.8888888888888888,0.8,0.8421052631578948,10
motion_blur,1,290,1.0,0.9,0.9473684210526316,10
motion_blur,1,291,0.9090909090909091,1.0,0.9523809523809523,10
motion_blur,1,292,0.9,0.9,0.9,10
motion_blur,1,293,1.0,0.8,0.888888888888889,10
motion_blur,1,294,0.8,0.8,0.8000000000000002,10
motion_blur,1,295,0.8181818181818182,0.9,0.8571428571428572,10
motion_blur,1,296,0.8333333333333334,1.0,0.9090909090909091,10
motion_blur,1,297,1.0,0.9,0.9473684210526316,10
motion_blur,1,298,0.8333333333333334,1.0,0.9090909090909091,10
motion_blur,1,299,0.9090909090909091,1.0,0.9523809523809523,10
motion_blur,1,300,0.9090909090909091,1.0,0.9523809523809523,10
motion_blur,1,301,1.0,1.0,1.0,10
motion_blur,1,302,1.0,1.0,1.0,10
motion_blur,1,303,0.7692307692307693,1.0,0.8695652173913044,10
motion_blur,1,304,0.9090909090909091,1.0,0.9523809523809523,10
motion_blur,1,305,1.0,0.8,0.888888888888889,10
motion_blur,1,306,0.9,0.9,0.9,10
motion_blur,1,307,1.0,1.0,1.0,10
motion_blur,1,308,0.6666666666666666,0.8,0.7272727272727272,10
motion_blur,1,309,0.7692307692307693,1.0,0.8695652173913044,10
motion_blur,1,310,0.8888888888888888,0.8,0.8421052631578948,10
motion_blur,1,311,0.9090909090909091,1.0,0.9523809523809523,10
motion_blur,1,312,0.9090909090909091,1.0,0.9523809523809523,10
motion_blur,1,313,0.8888888888888888,0.8,0.8421052631578948,10
motion_blur,1,314,1.0,0.8,0.888888888888889,10
motion_blur,1,315,0.9090909090909091,1.0,0.9523809523809523,10
motion_blur,1,316,1.0,1.0,1.0,10
motion_blur,1,317,1.0,1.0,1.0,10
motion_blur,1,318,0.8333333333333334,1.0,0.9090909090909091,10
motion_blur,1,319,0.9,0.9,0.9,10
motion_blur,1,320,1.0,1.0,1.0,10
motion_blur,1,321,1.0,0.9,0.9473684210526316,10
motion_blur,1,322,0.4166666666666667,0.5,0.45454545454545453,10
motion_blur,1,323,0.9,0.9,0.9,10
motion_blur,1,324,1.0,1.0,1.0,10
motion_blur,1,325,1.0,0.8,0.888888888888889,10
motion_blur,1,326,0.9,0.9,0.9,10
motion_blur,1,327,0.9,0.9,0.9,10
motion_blur,1,328,0.9090909090909091,1.0,0.9523809523809523,10
motion_blur,1,329,1.0,0.9,0.9473684210526316,10
motion_blur,1,330,0.6923076923076923,0.9,0.7826086956521738,10
motion_blur,1,331,0.9090909090909091,1.0,0.9523809523809523,10
motion_blur,1,332,0.8,0.8,0.8000000000000002,10
motion_blur,1,333,0.6153846153846154,0.8,0.6956521739130435,10
motion_blur,1,334,0.9,0.9,0.9,10
motion_blur,1,335,0.5555555555555556,0.5,0.5263157894736842,10
motion_blur,1,336,0.8333333333333334,1.0,0.9090909090909091,10
motion_blur,1,337,0.8181818181818182,0.9,0.8571428571428572,10
motion_blur,1,338,0.7,0.7,0.7,10
motion_blur,1,339,0.9,0.9,0.9,10
motion_blur,1,340,1.0,1.0,1.0,10
motion_blur,1,341,0.7142857142857143,1.0,0.8333333333333333,10
motion_blur,1,342,0.8333333333333334,1.0,0.9090909090909091,10
motion_blur,1,343,0.9,0.9,0.9,10
motion_blur,1,344,1.0,1.0,1.0,10
motion_blur,1,345,1.0,1.0,1.0,10
motion_blur,1,346,1.0,0.5,0.6666666666666666,10
motion_blur,1,347,0.6666666666666666,1.0,0.8,10
motion_blur,1,348,1.0,0.8,0.888888888888889,10
motion_blur,1,349,0.75,0.9,0.8181818181818182,10
motion_blur,1,350,1.0,1.0,1.0,10
motion_blur,1,351,1.0,0.8,0.888888888888889,10
motion_blur,1,352,1.0,0.9,0.9473684210526316,10
motion_blur,1,353,0.8,0.8,0.8000000000000002,10
motion_blur,1,354,1.0,0.7,0.8235294117647058,10
motion_blur,1,355,0.9,0.9,0.9,10
motion_blur,1,356,1.0,1.0,1.0,10
motion_blur,1,357,0.8333333333333334,1.0,0.9090909090909091,10
motion_blur,1,358,0.8888888888888888,0.8,0.8421052631578948,10
motion_blur,1,359,1.0,0.9,0.9473684210526316,10
motion_blur,1,360,0.9,0.9,0.9,10
motion_blur,1,361,0.9090909090909091,1.0,0.9523809523809523,10
motion_blur,1,362,1.0,1.0,1.0,10
motion_blur,1,363,0.9090909090909091,1.0,0.9523809523809523,10
motion_blur,1,364,1.0,0.9,0.9473684210526316,10
motion_blur,1,365,0.8181818181818182,0.9,0.8571428571428572,10
motion_blur,1,366,1.0,1.0,1.0,10
motion_blur,1,367,0.9,0.9,0.9,10
motion_blur,1,368,0.7142857142857143,1.0,0.8333333333333333,10
motion_blur,1,369,0.875,0.7,0.7777777777777777,10
motion_blur,1,370,1.0,1.0,1.0,10
motion_blur,1,371,1.0,0.8,0.888888888888889,10
motion_blur,1,372,0.8,0.8,0.8000000000000002,10
motion_blur,1,373,1.0,0.7,0.8235294117647058,10
motion_blur,1,374,1.0,0.5,0.6666666666666666,10
motion_blur,1,375,0.9090909090909091,1.0,0.9523809523809523,10
motion_blur,1,376,0.9090909090909091,1.0,0.9523809523809523,10
motion_blur,1,377,0.9,0.9,0.9,10
motion_blur,1,378,1.0,1.0,1.0,10
motion_blur,1,379,0.8333333333333334,1.0,0.9090909090909091,10
motion_blur,1,380,0.9090909090909091,1.0,0.9523809523809523,10
motion_blur,1,381,0.6666666666666666,0.8,0.7272727272727272,10
motion_blur,1,382,1.0,1.0,1.0,10
motion_blur,1,383,1.0,0.8,0.888888888888889,10
motion_blur,1,384,1.0,0.9,0.9473684210526316,10
motion_blur,1,385,0.8,0.8,0.8000000000000002,10
motion_blur,1,386,0.75,0.9,0.8181818181818182,10
motion_blur,1,387,1.0,0.7,0.8235294117647058,10
motion_blur,1,388,1.0,0.5,0.6666666666666666,10
motion_blur,1,389,0.875,0.7,0.7777777777777777,10
motion_blur,1,390,1.0,0.7,0.8235294117647058,10
motion_blur,1,391,0.9,0.9,0.9,10
motion_blur,1,392,0.8888888888888888,0.8,0.8421052631578948,10
motion_blur,1,393,0.7,0.7,0.7,10
motion_blur,1,394,0.875,0.7,0.7777777777777777,10
motion_blur,1,395,0.6428571428571429,0.9,0.75,10
motion_blur,1,396,1.0,1.0,1.0,10
motion_blur,1,397,1.0,1.0,1.0,10
motion_blur,1,398,0.9090909090909091,1.0,0.9523809523809523,10
motion_blur,1,399,0.7692307692307693,1.0,0.8695652173913044,10
motion_blur,1,400,0.9,0.9,0.9,10
motion_blur,1,401,1.0,1.0,1.0,10
motion_blur,1,402,1.0,0.9,0.9473684210526316,10
motion_blur,1,403,1.0,0.9,0.9473684210526316,10
motion_blur,1,404,1.0,0.9,0.9473684210526316,10
motion_blur,1,405,0.9090909090909091,1.0,0.9523809523809523,10
motion_blur,1,406,0.9090909090909091,1.0,0.9523809523809523,10
motion_blur,1,407,0.8181818181818182,0.9,0.8571428571428572,10
motion_blur,1,408,0.875,0.7,0.7777777777777777,10
motion_blur,1,409,1.0,0.8,0.888888888888889,10
motion_blur,1,410,0.6666666666666666,0.4,0.5,10
motion_blur,1,411,1.0,0.9,0.9473684210526316,10
motion_blur,1,412,0.9,0.9,0.9,10
motion_blur,1,413,0.7692307692307693,1.0,0.8695652173913044,10
motion_blur,1,414,0.6666666666666666,1.0,0.8,10
motion_blur,1,415,1.0,1.0,1.0,10
motion_blur,1,416,0.8333333333333334,1.0,0.9090909090909091,10
motion_blur,1,417,1.0,1.0,1.0,10
motion_blur,1,418,0.9,0.9,0.9,10
motion_blur,1,419,0.9090909090909091,1.0,0.9523809523809523,10
motion_blur,1,420,0.8333333333333334,1.0,0.9090909090909091,10
motion_blur,1,421,1.0,1.0,1.0,10
motion_blur,1,422,0.8888888888888888,0.8,0.8421052631578948,10
motion_blur,1,423,0.8181818181818182,0.9,0.8571428571428572,10
motion_blur,1,424,1.0,1.0,1.0,10
motion_blur,1,425,1.0,1.0,1.0,10
motion_blur,1,426,0.9,0.9,0.9,10
motion_blur,1,427,1.0,1.0,1.0,10
motion_blur,1,428,0.8,0.8,0.8000000000000002,10
motion_blur,1,429,0.875,0.7,0.7777777777777777,10
motion_blur,1,430,0.9090909090909091,1.0,0.9523809523809523,10
motion_blur,1,431,0.9090909090909091,1.0,0.9523809523809523,10
motion_blur,1,432,0.8181818181818182,0.9,0.8571428571428572,10
motion_blur,1,433,1.0,0.9,0.9473684210526316,10
motion_blur,1,434,1.0,0.8,0.888888888888889,10
motion_blur,1,435,0.75,0.9,0.8181818181818182,10
motion_blur,1,436,1.0,0.9,0.9473684210526316,10
motion_blur,1,437,0.9,0.9,0.9,10
motion_blur,1,438,0.7272727272727273,0.8,0.761904761904762,10
motion_blur,1,439,0.8888888888888888,0.8,0.8421052631578948,10
motion_blur,1,440,1.0,1.0,1.0,10
motion_blur,1,441,1.0,0.7,0.8235294117647058,10
motion_blur,1,442,0.6666666666666666,0.4,0.5,10
motion_blur,1,443,1.0,1.0,1.0,10
motion_blur,1,444,0.8333333333333334,1.0,0.9090909090909091,10
motion_blur,1,445,1.0,0.9,0.9473684210526316,10
motion_blur,1,446,0.875,0.7,0.7777777777777777,10
motion_blur,1,447,1.0,0.9,0.9473684210526316,10
motion_blur,1,448,0.8,0.8,0.8000000000000002,10
motion_blur,1,449,0.8181818181818182,0.9,0.8571428571428572,10
motion_blur,1,450,1.0,0.9,0.9473684210526316,10
motion_blur,1,451,1.0,0.8,0.888888888888889,10
motion_blur,1,452,0.9090909090909091,1.0,0.9523809523809523,10
motion_blur,1,453,0.9090909090909091,1.0,0.9523809523809523,10
motion_blur,1,454,0.9090909090909091,1.0,0.9523809523809523,10
motion_blur,1,455,0.75,0.6,0.6666666666666665,10
motion_blur,1,456,0.7272727272727273,0.8,0.761904761904762,10
motion_blur,1,457,1.0,1.0,1.0,10
motion_blur,1,458,1.0,0.8,0.888888888888889,10
motion_blur,1,459,1.0,1.0,1.0,10
motion_blur,1,460,1.0,1.0,1.0,10
motion_blur,1,461,0.8333333333333334,1.0,0.9090909090909091,10
motion_blur,1,462,0.875,0.7,0.7777777777777777,10
motion_blur,1,463,0.7692307692307693,1.0,0.8695652173913044,10
motion_blur,1,464,1.0,0.9,0.9473684210526316,10
motion_blur,1,465,0.8,0.8,0.8000000000000002,10
motion_blur,1,466,0.8571428571428571,0.6,0.7058823529411764,10
motion_blur,1,467,0.875,0.7,0.7777777777777777,10
motion_blur,1,468,0.7777777777777778,0.7,0.7368421052631577,10
motion_blur,1,469,0.7692307692307693,1.0,0.8695652173913044,10
motion_blur,1,470,0.8,0.8,0.8000000000000002,10
motion_blur,1,471,1.0,1.0,1.0,10
motion_blur,1,472,0.8571428571428571,0.6,0.7058823529411764,10
motion_blur,1,473,1.0,0.9,0.9473684210526316,10
motion_blur,1,474,1.0,1.0,1.0,10
motion_blur,1,475,1.0,1.0,1.0,10
motion_blur,1,476,0.5333333333333333,0.8,0.64,10
motion_blur,1,477,0.9090909090909091,1.0,0.9523809523809523,10
motion_blur,1,478,0.8,0.8,0.8000000000000002,10
motion_blur,1,479,0.9,0.9,0.9,10
motion_blur,1,480,0.8181818181818182,0.9,0.8571428571428572,10
motion_blur,1,481,0.8,0.8,0.8000000000000002,10
motion_blur,1,482,0.8181818181818182,0.9,0.8571428571428572,10
motion_blur,1,483,0.8333333333333334,1.0,0.9090909090909091,10
motion_blur,1,484,0.8333333333333334,1.0,0.9090909090909091,10
motion_blur,1,485,0.9,0.9,0.9,10
motion_blur,1,486,0.9,0.9,0.9,10
motion_blur,1,487,0.8181818181818182,0.9,0.8571428571428572,10
motion_blur,1,488,0.7142857142857143,1.0,0.8333333333333333,10
motion_blur,1,489,1.0,0.9,0.9473684210526316,10
motion_blur,1,490,1.0,0.9,0.9473684210526316,10
motion_blur,1,491,0.9090909090909091,1.0,0.9523809523809523,10
motion_blur,1,492,0.6923076923076923,0.9,0.7826086956521738,10
motion_blur,1,493,0.8181818181818182,0.9,0.8571428571428572,10
motion_blur,1,494,0.6363636363636364,0.7,0.6666666666666666,10
motion_blur,1,495,0.625,0.5,0.5555555555555556,10
motion_blur,1,496,0.7,0.7,0.7,10
motion_blur,1,497,0.8571428571428571,0.6,0.7058823529411764,10
motion_blur,1,498,0.8333333333333334,1.0,0.9090909090909091,10
motion_blur,1,499,0.9,0.9,0.9,10
motion_blur,2,000,1.0,0.9,0.9473684210526316,10
motion_blur,2,001,0.8888888888888888,0.8,0.8421052631578948,10
motion_blur,2,002,0.7692307692307693,1.0,0.8695652173913044,10
motion_blur,2,003,0.8333333333333334,1.0,0.9090909090909091,10
motion_blur,2,004,0.9090909090909091,1.0,0.9523809523809523,10
motion_blur,2,005,0.7777777777777778,0.7,0.7368421052631577,10
motion_blur,2,006,0.6666666666666666,0.8,0.7272727272727272,10
motion_blur,2,007,0.6666666666666666,0.8,0.7272727272727272,10
motion_blur,2,008,0.8571428571428571,0.6,0.7058823529411764,10
motion_blur,2,009,0.8181818181818182,0.9,0.8571428571428572,10
motion_blur,2,010,0.9090909090909091,1.0,0.9523809523809523,10
motion_blur,2,011,1.0,0.9,0.9473684210526316,10
motion_blur,2,012,1.0,0.9,0.9473684210526316,10
motion_blur,2,013,0.9090909090909091,1.0,0.9523809523809523,10
motion_blur,2,014,1.0,0.9,0.9473684210526316,10
motion_blur,2,015,0.9,0.9,0.9,10
motion_blur,2,016,1.0,0.9,0.9473684210526316,10
motion_blur,2,017,1.0,0.9,0.9473684210526316,10
motion_blur,2,018,1.0,1.0,1.0,10
motion_blur,2,019,1.0,1.0,1.0,10
motion_blur,2,020,1.0,0.8,0.888888888888889,10
motion_blur,2,021,0.6923076923076923,0.9,0.7826086956521738,10
motion_blur,2,022,0.7777777777777778,0.7,0.7368421052631577,10
motion_blur,2,023,0.5882352941176471,1.0,0.7407407407407407,10
motion_blur,2,024,0.8333333333333334,1.0,0.9090909090909091,10
motion_blur,2,025,1.0,0.8,0.888888888888889,10
motion_blur,2,026,0.8571428571428571,0.6,0.7058823529411764,10
motion_blur,2,027,1.0,0.9,0.9473684210526316,10
motion_blur,2,028,0.6153846153846154,0.8,0.6956521739130435,10
motion_blur,2,029,1.0,0.9,0.9473684210526316,10
motion_blur,2,030,0.9090909090909091,1.0,0.9523809523809523,10
motion_blur,2,031,1.0,0.6,0.7499999999999999,10
motion_blur,2,032,0.8,0.8,0.8000000000000002,10
motion_blur,2,033,1.0,0.8,0.888888888888889,10
motion_blur,2,034,0.8888888888888888,0.8,0.8421052631578948,10
motion_blur,2,035,0.75,0.9,0.8181818181818182,10
motion_blur,2,036,1.0,0.9,0.9473684210526316,10
motion_blur,2,037,1.0,0.9,0.9473684210526316,10
motion_blur,2,038,0.625,0.5,0.5555555555555556,10
motion_blur,2,039,0.7777777777777778,0.7,0.7368421052631577,10
motion_blur,2,040,0.8181818181818182,0.9,0.8571428571428572,10
motion_blur,2,041,1.0,1.0,1.0,10
motion_blur,2,042,0.875,0.7,0.7777777777777777,10
motion_blur,2,043,1.0,0.9,0.9473684210526316,10
motion_blur,2,044,0.8181818181818182,0.9,0.8571428571428572,10
motion_blur,2,045,1.0,1.0,1.0,10
motion_blur,2,046,1.0,0.9,0.9473684210526316,10
motion_blur,2,047,1.0,0.9,0.9473684210526316,10
motion_blur,2,048,0.8,0.8,0.8000000000000002,10
motion_blur,2,049,0.8571428571428571,0.6,0.7058823529411764,10
motion_blur,2,050,0.8888888888888888,0.8,0.8421052631578948,10
motion_blur,2,051,0.9090909090909091,1.0,0.9523809523809523,10
motion_blur,2,052,1.0,0.7,0.8235294117647058,10
motion_blur,2,053,1.0,0.8,0.888888888888889,10
motion_blur,2,054,0.8,0.8,0.8000000000000002,10
motion_blur,2,055,1.0,0.8,0.888888888888889,10
motion_blur,2,056,1.0,0.7,0.8235294117647058,10
motion_blur,2,057,0.6428571428571429,0.9,0.75,10
motion_blur,2,058,1.0,1.0,1.0,10
motion_blur,2,059,1.0,0.9,0.9473684210526316,10
motion_blur,2,060,1.0,1.0,1.0,10
motion_blur,2,061,1.0,1.0,1.0,10
motion_blur,2,062,1.0,1.0,1.0,10
motion_blur,2,063,1.0,1.0,1.0,10
motion_blur,2,064,1.0,0.5,0.6666666666666666,10
motion_blur,2,065,0.8,0.8,0.8000000000000002,10
motion_blur,2,066,0.6923076923076923,0.9,0.7826086956521738,10
motion_blur,2,067,0.75,0.6,0.6666666666666665,10
motion_blur,2,068,1.0,1.0,1.0,10
motion_blur,2,069,0.75,0.6,0.6666666666666665,10
motion_blur,2,070,1.0,1.0,1.0,10
motion_blur,2,071,0.6428571428571429,0.9,0.75,10
motion_blur,2,072,1.0,1.0,1.0,10
motion_blur,2,073,1.0,0.9,0.9473684210526316,10
motion_blur,2,074,0.75,0.9,0.8181818181818182,10
motion_blur,2,075,0.75,0.9,0.8181818181818182,10
motion_blur,2,076,1.0,0.7,0.8235294117647058,10
motion_blur,2,077,1.0,1.0,1.0,10
motion_blur,2,078,0.9,0.9,0.9,10
motion_blur,2,079,0.8888888888888888,0.8,0.8421052631578948,10
motion_blur,2,080,1.0,0.7,0.8235294117647058,10
motion_blur,2,081,1.0,0.9,0.9473684210526316,10
motion_blur,2,082,1.0,1.0,1.0,10
motion_blur,2,083,0.8333333333333334,1.0,0.9090909090909091,10
motion_blur,2,084,1.0,0.6,0.7499999999999999,10
motion_blur,2,085,1.0,1.0,1.0,10
motion_blur,2,086,1.0,0.9,0.9473684210526316,10
motion_blur,2,087,0.6923076923076923,0.9,0.7826086956521738,10
motion_blur,2,088,0.6,0.9,0.7200000000000001,10
motion_blur,2,089,1.0,1.0,1.0,10
motion_blur,2,090,1.0,0.7,0.8235294117647058,10
motion_blur,2,091,1.0,1.0,1.0,10
motion_blur,2,092,1.0,0.9,0.9473684210526316,10
motion_blur,2,093,1.0,1.0,1.0,10
motion_blur,2,094,0.6428571428571429,0.9,0.75,10
motion_blur,2,095,1.0,1.0,1.0,10
motion_blur,2,096,1.0,1.0,1.0,10
motion_blur,2,097,1.0,0.9,0.9473684210526316,10
motion_blur,2,098,0.7272727272727273,0.8,0.761904761904762,10
motion_blur,2,099,0.8181818181818182,0.9,0.8571428571428572,10
motion_blur,2,100,0.8181818181818182,0.9,0.8571428571428572,10
motion_blur,2,101,1.0,1.0,1.0,10
motion_blur,2,102,1.0,0.9,0.9473684210526316,10
motion_blur,2,103,1.0,0.8,0.888888888888889,10
motion_blur,2,104,1.0,0.6,0.7499999999999999,10
motion_blur,2,105,1.0,0.9,0.9473684210526316,10
motion_blur,2,106,0.875,0.7,0.7777777777777777,10
motion_blur,2,107,0.9,0.9,0.9,10
motion_blur,2,108,1.0,1.0,1.0,10
motion_blur,2,109,0.9,0.9,0.9,10
motion_blur,2,110,1.0,0.7,0.8235294117647058,10
motion_blur,2,111,1.0,0.9,0.9473684210526316,10
motion_blur,2,112,1.0,0.9,0.9473684210526316,10
motion_blur,2,113,1.0,1.0,1.0,10
motion_blur,2,114,0.9090909090909091,1.0,0.9523809523809523,10
motion_blur,2,115,1.0,0.9,0.9473684210526316,10
motion_blur,2,116,1.0,1.0,1.0,10
motion_blur,2,117,1.0,1.0,1.0,10
motion_blur,2,118,1.0,0.9,0.9473684210526316,10
motion_blur,2,119,0.875,0.7,0.7777777777777777,10
motion_blur,2,120,0.7692307692307693,1.0,0.8695652173913044,10
motion_blur,2,121,0.5454545454545454,0.6,0.5714285714285713,10
motion_blur,2,122,0.7142857142857143,0.5,0.588235294117647,10
motion_blur,2,123,0.7142857142857143,1.0,0.8333333333333333,10
motion_blur,2,124,0.9090909090909091,1.0,0.9523809523809523,10
motion_blur,2,125,0.8181818181818182,0.9,0.8571428571428572,10
motion_blur,2,126,1.0,0.9,0.9473684210526316,10
motion_blur,2,127,0.875,0.7,0.7777777777777777,10
motion_blur,2,128,1.0,0.5,0.6666666666666666,10
motion_blur,2,129,1.0,0.8,0.888888888888889,10
motion_blur,2,130,0.7777777777777778,0.7,0.7368421052631577,10
motion_blur,2,131,0.5833333333333334,0.7,0.6363636363636365,10
motion_blur,2,132,1.0,1.0,1.0,10
motion_blur,2,133,0.875,0.7,0.7777777777777777,10
motion_blur,2,134,0.9,0.9,0.9,10
motion_blur,2,135,0.6923076923076923,0.9,0.7826086956521738,10
motion_blur,2,136,0.8888888888888888,0.8,0.8421052631578948,10
motion_blur,2,137,0.75,0.9,0.8181818181818182,10
motion_blur,2,138,1.0,0.7,0.8235294117647058,10
motion_blur,2,139,0.5,0.6,0.5454545454545454,10
motion_blur,2,140,0.625,0.5,0.5555555555555556,10
motion_blur,2,141,0.75,0.9,0.8181818181818182,10
motion_blur,2,142,1.0,0.7,0.8235294117647058,10
motion_blur,2,143,0.7,0.7,0.7,10
motion_blur,2,144,0.9,0.9,0.9,10
motion_blur,2,145,1.0,0.8,0.888888888888889,10
motion_blur,2,146,0.9,0.9,0.9,10
motion_blur,2,147,1.0,0.9,0.9473684210526316,10
motion_blur,2,148,0.9090909090909091,1.0,0.9523809523809523,10
motion_blur,2,149,1.0,1.0,1.0,10
motion_blur,2,150,1.0,0.9,0.9473684210526316,10
motion_blur,2,151,0.8333333333333334,1.0,0.9090909090909091,10
motion_blur,2,152,0.8,0.8,0.8000000000000002,10
motion_blur,2,153,0.9090909090909091,1.0,0.9523809523809523,10
motion_blur,2,154,0.8888888888888888,0.8,0.8421052631578948,10
motion_blur,2,155,0.6,0.6,0.6,10
motion_blur,2,156,0.8571428571428571,0.6,0.7058823529411764,10
motion_blur,2,157,0.7142857142857143,0.5,0.588235294117647,10
motion_blur,2,158,0.8571428571428571,0.6,0.7058823529411764,10
motion_blur,2,159,0.7272727272727273,0.8,0.761904761904762,10
motion_blur,2,160,0.5384615384615384,0.7,0.608695652173913,10
motion_blur,2,161,0.5384615384615384,0.7,0.608695652173913,10
motion_blur,2,162,0.7777777777777778,0.7,0.7368421052631577,10
motion_blur,2,163,0.9,0.9,0.9,10
motion_blur,2,164,0.8,0.8,0.8000000000000002,10
motion_blur,2,165,0.5833333333333334,0.7,0.6363636363636365,10
motion_blur,2,166,0.75,0.6,0.6666666666666665,10
motion_blur,2,167,0.8888888888888888,0.8,0.8421052631578948,10
motion_blur,2,168,0.8888888888888888,0.8,0.8421052631578948,10
motion_blur,2,169,1.0,0.9,0.9473684210526316,10
motion_blur,2,170,0.9090909090909091,1.0,0.9523809523809523,10
motion_blur,2,171,1.0,0.8,0.888888888888889,10
motion_blur,2,172,0.8181818181818182,0.9,0.8571428571428572,10
motion_blur,2,173,0.9,0.9,0.9,10
motion_blur,2,174,0.8888888888888888,0.8,0.8421052631578948,10
motion_blur,2,175,0.6666666666666666,0.6,0.631578947368421,10
motion_blur,2,176,0.8,0.8,0.8000000000000002,10
motion_blur,2,177,0.6666666666666666,0.6,0.631578947368421,10
motion_blur,2,178,0.5555555555555556,0.5,0.5263157894736842,10
motion_blur,2,179,0.875,0.7,0.7777777777777777,10
motion_blur,2,180,0.5,0.5,0.5,10
motion_blur,2,181,0.875,0.7,0.7777777777777777,10
motion_blur,2,182,0.875,0.7,0.7777777777777777,10
motion_blur,2,183,0.9090909090909091,1.0,0.9523809523809523,10
motion_blur,2,184,1.0,0.8,0.888888888888889,10
motion_blur,2,185,0.7272727272727273,0.8,0.761904761904762,10
motion_blur,2,186,0.8181818181818182,0.9,0.8571428571428572,10
motion_blur,2,187,0.6153846153846154,0.8,0.6956521739130435,10
motion_blur,2,188,0.8888888888888888,0.8,0.8421052631578948,10
motion_blur,2,189,1.0,1.0,1.0,10
motion_blur,2,190,0.6923076923076923,0.9,0.7826086956521738,10
motion_blur,2,191,0.8181818181818182,0.9,0.8571428571428572,10
motion_blur,2,192,1.0,0.8,0.888888888888889,10
motion_blur,2,193,1.0,0.4,0.5714285714285715,10
motion_blur,2,194,0.9,0.9,0.9,10
motion_blur,2,195,0.7777777777777778,0.7,0.7368421052631577,10
motion_blur,2,196,0.6666666666666666,1.0,0.8,10
motion_blur,2,197,0.8571428571428571,0.6,0.7058823529411764,10
motion_blur,2,198,0.5714285714285714,0.4,0.47058823529411764,10
motion_blur,2,199,0.875,0.7,0.7777777777777777,10
motion_blur,2,200,0.8888888888888888,0.8,0.8421052631578948,10
motion_blur,2,201,1.0,0.9,0.9473684210526316,10
motion_blur,2,202,0.5714285714285714,0.8,0.6666666666666666,10
motion_blur,2,203,0.5833333333333334,0.7,0.6363636363636365,10
motion_blur,2,204,0.7272727272727273,0.8,0.761904761904762,10
motion_blur,2,205,0.7692307692307693,1.0,0.8695652173913044,10
motion_blur,2,206,0.875,0.7,0.7777777777777777,10
motion_blur,2,207,0.5714285714285714,0.8,0.6666666666666666,10
motion_blur,2,208,0.9,0.9,0.9,10
motion_blur,2,209,0.8888888888888888,0.8,0.8421052631578948,10
motion_blur,2,210,0.8,0.8,0.8000000000000002,10
motion_blur,2,211,1.0,1.0,1.0,10
motion_blur,2,212,0.7777777777777778,0.7,0.7368421052631577,10
motion_blur,2,213,0.8888888888888888,0.8,0.8421052631578948,10
motion_blur,2,214,0.8571428571428571,0.6,0.7058823529411764,10
motion_blur,2,215,0.6428571428571429,0.9,0.75,10
motion_blur,2,216,0.8888888888888888,0.8,0.8421052631578948,10
motion_blur,2,217,0.8333333333333334,0.5,0.625,10
motion_blur,2,218,0.6923076923076923,0.9,0.7826086956521738,10
motion_blur,2,219,0.8888888888888888,0.8,0.8421052631578948,10
motion_blur,2,220,0.6153846153846154,0.8,0.6956521739130435,10
motion_blur,2,221,1.0,0.8,0.888888888888889,10
motion_blur,2,222,0.75,0.9,0.8181818181818182,10
motion_blur,2,223,1.0,1.0,1.0,10
motion_blur,2,224,0.75,0.6,0.6666666666666665,10
motion_blur,2,225,0.45,0.9,0.6,10
motion_blur,2,226,0.9,0.9,0.9,10
motion_blur,2,227,0.38461538461538464,0.5,0.4347826086956522,10
motion_blur,2,228,0.8571428571428571,0.6,0.7058823529411764,10
motion_blur,2,229,0.8181818181818182,0.9,0.8571428571428572,10
motion_blur,2,230,0.75,0.9,0.8181818181818182,10
motion_blur,2,231,0.7777777777777778,0.7,0.7368421052631577,10
motion_blur,2,232,0.5833333333333334,0.7,0.6363636363636365,10
motion_blur,2,233,0.625,0.5,0.5555555555555556,10
motion_blur,2,234,0.9,0.9,0.9,10
motion_blur,2,235,0.8888888888888888,0.8,0.8421052631578948,10
motion_blur,2,236,0.7272727272727273,0.8,0.761904761904762,10
motion_blur,2,237,0.8888888888888888,0.8,0.8421052631578948,10
motion_blur,2,238,0.9090909090909091,1.0,0.9523809523809523,10
motion_blur,2,239,1.0,0.9,0.9473684210526316,10
motion_blur,2,240,0.8,0.8,0.8000000000000002,10
motion_blur,2,241,0.6428571428571429,0.9,0.75,10
motion_blur,2,242,1.0,0.7,0.8235294117647058,10
motion_blur,2,243,0.9090909090909091,1.0,0.9523809523809523,10
motion_blur,2,244,1.0,0.9,0.9473684210526316,10
motion_blur,2,245,0.6666666666666666,0.8,0.7272727272727272,10
motion_blur,2,246,0.6666666666666666,0.6,0.631578947368421,10
motion_blur,2,247,0.5555555555555556,0.5,0.5263157894736842,10
motion_blur,2,248,1.0,0.8,0.888888888888889,10
motion_blur,2,249,0.5714285714285714,0.8,0.6666666666666666,10
motion_blur,2,250,0.9,0.9,0.9,10
motion_blur,2,251,1.0,0.9,0.9473684210526316,10
motion_blur,2,252,0.8888888888888888,0.8,0.8421052631578948,10
motion_blur,2,253,0.6666666666666666,0.8,0.7272727272727272,10
motion_blur,2,254,0.8181818181818182,0.9,0.8571428571428572,10
motion_blur,2,255,1.0,0.9,0.9473684210526316,10
motion_blur,2,256,0.8333333333333334,0.5,0.625,10
motion_blur,2,257,0.7142857142857143,1.0,0.8333333333333333,10
motion_blur,2,258,1.0,0.6,0.7499999999999999,10
motion_blur,2,259,0.6666666666666666,0.8,0.7272727272727272,10
motion_blur,2,260,0.8181818181818182,0.9,0.8571428571428572,10
motion_blur,2,261,0.6666666666666666,1.0,0.8,10
motion_blur,2,262,0.6923076923076923,0.9,0.7826086956521738,10
motion_blur,2,263,0.75,0.9,0.8181818181818182,10
motion_blur,2,264,0.8333333333333334,1.0,0.9090909090909091,10
motion_blur,2,265,0.5454545454545454,0.6,0.5714285714285713,10
motion_blur,2,266,0.8333333333333334,1.0,0.9090909090909091,10
motion_blur,2,267,0.875,0.7,0.7777777777777777,10
motion_blur,2,268,0.8181818181818182,0.9,0.8571428571428572,10
motion_blur,2,269,0.7142857142857143,1.0,0.8333333333333333,10
motion_blur,2,270,1.0,1.0,1.0,10
motion_blur,2,271,0.9,0.9,0.9,10
motion_blur,2,272,0.9,0.9,0.9,10
motion_blur,2,273,0.7692307692307693,1.0,0.8695652173913044,10
motion_blur,2,274,0.875,0.7,0.7777777777777777,10
motion_blur,2,275,0.8,0.8,0.8000000000000002,10
motion_blur,2,276,0.6923076923076923,0.9,0.7826086956521738,10
motion_blur,2,277,0.9,0.9,0.9,10
motion_blur,2,278,1.0,0.7,0.8235294117647058,10
motion_blur,2,279,0.9090909090909091,1.0,0.9523809523809523,10
motion_blur,2,280,1.0,0.9,0.9473684210526316,10
motion_blur,2,281,0.9,0.9,0.9,10
motion_blur,2,282,0.7777777777777778,0.7,0.7368421052631577,10
motion_blur,2,283,1.0,0.9,0.9473684210526316,10
motion_blur,2,284,0.75,0.9,0.8181818181818182,10
motion_blur,2,285,1.0,1.0,1.0,10
motion_blur,2,286,0.6363636363636364,0.7,0.6666666666666666,10
motion_blur,2,287,1.0,0.7,0.8235294117647058,10
motion_blur,2,288,0.8181818181818182,0.9,0.8571428571428572,10
motion_blur,2,289,1.0,0.8,0.888888888888889,10
motion_blur,2,290,1.0,0.9,0.9473684210526316,10
motion_blur,2,291,0.9090909090909091,1.0,0.9523809523809523,10
motion_blur,2,292,0.8181818181818182,0.9,0.8571428571428572,10
motion_blur,2,293,1.0,0.8,0.888888888888889,10
motion_blur,2,294,0.8,0.8,0.8000000000000002,10
motion_blur,2,295,1.0,0.7,0.8235294117647058,10
motion_blur,2,296,0.7142857142857143,1.0,0.8333333333333333,10
motion_blur,2,297,0.9,0.9,0.9,10
motion_blur,2,298,0.8181818181818182,0.9,0.8571428571428572,10
motion_blur,2,299,0.7692307692307693,1.0,0.8695652173913044,10
motion_blur,2,300,1.0,1.0,1.0,10
motion_blur,2,301,0.9090909090909091,1.0,0.9523809523809523,10
motion_blur,2,302,1.0,1.0,1.0,10
motion_blur,2,303,0.8181818181818182,0.9,0.8571428571428572,10
motion_blur,2,304,0.9090909090909091,1.0,0.9523809523809523,10
motion_blur,2,305,1.0,0.8,0.888888888888889,10
motion_blur,2,306,0.75,0.9,0.8181818181818182,10
motion_blur,2,307,1.0,1.0,1.0,10
motion_blur,2,308,0.6666666666666666,0.8,0.7272727272727272,10
motion_blur,2,309,0.8333333333333334,1.0,0.9090909090909091,10
motion_blur,2,310,0.9,0.9,0.9,10
motion_blur,2,311,1.0,1.0,1.0,10
motion_blur,2,312,0.8181818181818182,0.9,0.8571428571428572,10
motion_blur,2,313,0.8888888888888888,0.8,0.8421052631578948,10
motion_blur,2,314,0.875,0.7,0.7777777777777777,10
motion_blur,2,315,0.8333333333333334,1.0,0.9090909090909091,10
motion_blur,2,316,0.9090909090909091,1.0,0.9523809523809523,10
motion_blur,2,317,1.0,0.9,0.9473684210526316,10
motion_blur,2,318,0.7142857142857143,1.0,0.8333333333333333,10
motion_blur,2,319,1.0,0.9,0.9473684210526316,10
motion_blur,2,320,1.0,1.0,1.0,10
motion_blur,2,321,1.0,0.9,0.9473684210526316,10
motion_blur,2,322,0.4166666666666667,0.5,0.45454545454545453,10
motion_blur,2,323,0.9090909090909091,1.0,0.9523809523809523,10
motion_blur,2,324,1.0,1.0,1.0,10
motion_blur,2,325,1.0,0.6,0.7499999999999999,10
motion_blur,2,326,1.0,0.9,0.9473684210526316,10
motion_blur,2,327,0.8181818181818182,0.9,0.8571428571428572,10
motion_blur,2,328,0.8333333333333334,1.0,0.9090909090909091,10
motion_blur,2,329,1.0,0.9,0.9473684210526316,10
motion_blur,2,330,0.6923076923076923,0.9,0.7826086956521738,10
motion_blur,2,331,1.0,1.0,1.0,10
motion_blur,2,332,0.7,0.7,0.7,10
motion_blur,2,333,0.5,0.8,0.6153846153846154,10
motion_blur,2,334,0.8888888888888888,0.8,0.8421052631578948,10
motion_blur,2,335,0.7142857142857143,0.5,0.588235294117647,10
motion_blur,2,336,0.9090909090909091,1.0,0.9523809523809523,10
motion_blur,2,337,0.7777777777777778,0.7,0.7368421052631577,10
motion_blur,2,338,0.6363636363636364,0.7,0.6666666666666666,10
motion_blur,2,339,1.0,0.9,0.9473684210526316,10
motion_blur,2,340,0.9090909090909091,1.0,0.9523809523809523,10
motion_blur,2,341,0.6923076923076923,0.9,0.7826086956521738,10
motion_blur,2,342,0.8333333333333334,1.0,0.9090909090909091,10
motion_blur,2,343,0.8888888888888888,0.8,0.8421052631578948,10
motion_blur,2,344,1.0,1.0,1.0,10
motion_blur,2,345,1.0,1.0,1.0,10
motion_blur,2,346,1.0,0.5,0.6666666666666666,10
motion_blur,2,347,0.6153846153846154,0.8,0.6956521739130435,10
motion_blur,2,348,1.0,0.8,0.888888888888889,10
motion_blur,2,349,1.0,0.8,0.888888888888889,10
motion_blur,2,350,1.0,1.0,1.0,10
motion_blur,2,351,1.0,0.8,0.888888888888889,10
motion_blur,2,352,1.0,0.9,0.9473684210526316,10
motion_blur,2,353,0.6153846153846154,0.8,0.6956521739130435,10
motion_blur,2,354,1.0,0.7,0.8235294117647058,10
motion_blur,2,355,0.9090909090909091,1.0,0.9523809523809523,10
motion_blur,2,356,0.9,0.9,0.9,10
motion_blur,2,357,0.7142857142857143,1.0,0.8333333333333333,10
motion_blur,2,358,1.0,0.9,0.9473684210526316,10
motion_blur,2,359,0.8888888888888888,0.8,0.8421052631578948,10
motion_blur,2,360,1.0,0.9,0.9473684210526316,10
motion_blur,2,361,1.0,1.0,1.0,10
motion_blur,2,362,1.0,1.0,1.0,10
motion_blur,2,363,0.9090909090909091,1.0,0.9523809523809523,10
motion_blur,2,364,1.0,0.9,0.9473684210526316,10
motion_blur,2,365,0.9,0.9,0.9,10
motion_blur,2,366,0.9,0.9,0.9,10
motion_blur,2,367,0.8181818181818182,0.9,0.8571428571428572,10
motion_blur,2,368,0.7692307692307693,1.0,0.8695652173913044,10
motion_blur,2,369,0.875,0.7,0.7777777777777777,10
motion_blur,2,370,0.9090909090909091,1.0,0.9523809523809523,10
motion_blur,2,371,1.0,0.7,0.8235294117647058,10
motion_blur,2,372,0.7,0.7,0.7,10
motion_blur,2,373,1.0,0.7,0.8235294117647058,10
motion_blur,2,374,0.6666666666666666,0.4,0.5,10
motion_blur,2,375,0.9090909090909091,1.0,0.9523809523809523,10
motion_blur,2,376,1.0,1.0,1.0,10
motion_blur,2,377,1.0,0.9,0.9473684210526316,10
motion_blur,2,378,1.0,0.9,0.9473684210526316,10
motion_blur,2,379,0.6363636363636364,0.7,0.6666666666666666,10
motion_blur,2,380,0.9090909090909091,1.0,0.9523809523809523,10
motion_blur,2,381,0.7272727272727273,0.8,0.761904761904762,10
motion_blur,2,382,1.0,1.0,1.0,10
motion_blur,2,383,1.0,0.7,0.8235294117647058,10
motion_blur,2,384,0.9,0.9,0.9,10
motion_blur,2,385,0.875,0.7,0.7777777777777777,10
motion_blur,2,386,0.6428571428571429,0.9,0.75,10
motion_blur,2,387,0.8888888888888888,0.8,0.8421052631578948,10
motion_blur,2,388,1.0,0.4,0.5714285714285715,10
motion_blur,2,389,0.8,0.8,0.8000000000000002,10
motion_blur,2,390,1.0,0.7,0.8235294117647058,10
motion_blur,2,391,0.875,0.7,0.7777777777777777,10
motion_blur,2,392,0.8888888888888888,0.8,0.8421052631578948,10
motion_blur,2,393,0.6153846153846154,0.8,0.6956521739130435,10
motion_blur,2,394,0.875,0.7,0.7777777777777777,10
motion_blur,2,395,0.5882352941176471,1.0,0.7407407407407407,10
motion_blur,2,396,1.0,1.0,1.0,10
motion_blur,2,397,1.0,1.0,1.0,10
motion_blur,2,398,0.9090909090909091,1.0,0.9523809523809523,10
motion_blur,2,399,0.7692307692307693,1.0,0.8695652173913044,10
motion_blur,2,400,0.8888888888888888,0.8,0.8421052631578948,10
motion_blur,2,401,1.0,1.0,1.0,10
motion_blur,2,402,1.0,0.9,0.9473684210526316,10
motion_blur,2,403,1.0,0.9,0.9473684210526316,10
motion_blur,2,404,1.0,0.9,0.9473684210526316,10
motion_blur,2,405,0.9090909090909091,1.0,0.9523809523809523,10
motion_blur,2,406,0.9090909090909091,1.0,0.9523809523809523,10
motion_blur,2,407,0.8333333333333334,1.0,0.9090909090909091,10
motion_blur,2,408,0.7,0.7,0.7,10
motion_blur,2,409,0.8888888888888888,0.8,0.8421052631578948,10
motion_blur,2,410,0.6666666666666666,0.4,0.5,10
motion_blur,2,411,1.0,0.9,0.9473684210526316,10
motion_blur,2,412,0.75,0.9,0.8181818181818182,10
motion_blur,2,413,0.8333333333333334,1.0,0.9090909090909091,10
motion_blur,2,414,0.625,1.0,0.7692307692307693,10
motion_blur,2,415,0.9,0.9,0.9,10
motion_blur,2,416,0.9090909090909091,1.0,0.9523809523809523,10
motion_blur,2,417,0.9090909090909091,1.0,0.9523809523809523,10
motion_blur,2,418,1.0,1.0,1.0,10
motion_blur,2,419,1.0,1.0,1.0,10
motion_blur,2,420,0.7692307692307693,1.0,0.8695652173913044,10
motion_blur,2,421,1.0,1.0,1.0,10
motion_blur,2,422,0.875,0.7,0.7777777777777777,10
motion_blur,2,423,0.75,0.9,0.8181818181818182,10
motion_blur,2,424,1.0,1.0,1.0,10
motion_blur,2,425,0.8333333333333334,1.0,0.9090909090909091,10
motion_blur,2,426,0.8181818181818182,0.9,0.8571428571428572,10
motion_blur,2,427,1.0,1.0,1.0,10
motion_blur,2,428,0.7,0.7,0.7,10
motion_blur,2,429,0.875,0.7,0.7777777777777777,10
motion_blur,2,430,0.9,0.9,0.9,10
motion_blur,2,431,0.8,0.8,0.8000000000000002,10
motion_blur,2,432,0.8181818181818182,0.9,0.8571428571428572,10
motion_blur,2,433,0.9,0.9,0.9,10
motion_blur,2,434,1.0,0.8,0.888888888888889,10
motion_blur,2,435,0.75,0.9,0.8181818181818182,10
motion_blur,2,436,1.0,0.8,0.888888888888889,10
motion_blur,2,437,0.7272727272727273,0.8,0.761904761904762,10
motion_blur,2,438,0.8181818181818182,0.9,0.8571428571428572,10
motion_blur,2,439,0.8888888888888888,0.8,0.8421052631578948,10
motion_blur,2,440,1.0,1.0,1.0,10
motion_blur,2,441,1.0,0.7,0.8235294117647058,10
motion_blur,2,442,0.3333333333333333,0.2,0.25,10
motion_blur,2,443,1.0,1.0,1.0,10
motion_blur,2,444,0.9,0.9,0.9,10
motion_blur,2,445,1.0,0.9,0.9473684210526316,10
motion_blur,2,446,0.875,0.7,0.7777777777777777,10
motion_blur,2,447,1.0,0.9,0.9473684210526316,10
motion_blur,2,448,0.8888888888888888,0.8,0.8421052631578948,10
motion_blur,2,449,0.8,0.8,0.8000000000000002,10
motion_blur,2,450,1.0,1.0,1.0,10
motion_blur,2,451,1.0,0.8,0.888888888888889,10
motion_blur,2,452,0.9090909090909091,1.0,0.9523809523809523,10
motion_blur,2,453,0.8181818181818182,0.9,0.8571428571428572,10
motion_blur,2,454,0.9090909090909091,1.0,0.9523809523809523,10
motion_blur,2,455,0.75,0.6,0.6666666666666665,10
motion_blur,2,456,0.6666666666666666,0.8,0.7272727272727272,10
motion_blur,2,457,1.0,0.9,0.9473684210526316,10
motion_blur,2,458,1.0,0.7,0.8235294117647058,10
motion_blur,2,459,0.9090909090909091,1.0,0.9523809523809523,10
motion_blur,2,460,1.0,0.8,0.888888888888889,10
motion_blur,2,461,1.0,0.9,0.9473684210526316,10
motion_blur,2,462,1.0,0.9,0.9473684210526316,10
motion_blur,2,463,0.6,0.9,0.7200000000000001,10
motion_blur,2,464,1.0,0.9,0.9473684210526316,10
motion_blur,2,465,0.8888888888888888,0.8,0.8421052631578948,10
motion_blur,2,466,0.7,0.7,0.7,10
motion_blur,2,467,0.5555555555555556,0.5,0.5263157894736842,10
motion_blur,2,468,0.75,0.9,0.8181818181818182,10
motion_blur,2,469,1.0,0.9,0.9473684210526316,10
motion_blur,2,470,0.7272727272727273,0.8,0.761904761904762,10
motion_blur,2,471,1.0,1.0,1.0,10
motion_blur,2,472,0.6666666666666666,0.6,0.631578947368421,10
motion_blur,2,473,1.0,0.9,0.9473684210526316,10
motion_blur,2,474,0.9090909090909091,1.0,0.9523809523809523,10
motion_blur,2,475,0.9090909090909091,1.0,0.9523809523809523,10
motion_blur,2,476,0.6153846153846154,0.8,0.6956521739130435,10
motion_blur,2,477,1.0,1.0,1.0,10
motion_blur,2,478,0.8888888888888888,0.8,0.8421052631578948,10
motion_blur,2,479,0.875,0.7,0.7777777777777777,10
motion_blur,2,480,0.8181818181818182,0.9,0.8571428571428572,10
motion_blur,2,481,0.6666666666666666,0.8,0.7272727272727272,10
motion_blur,2,482,0.8333333333333334,1.0,0.9090909090909091,10
motion_blur,2,483,0.6666666666666666,1.0,0.8,10
motion_blur,2,484,0.6923076923076923,0.9,0.7826086956521738,10
motion_blur,2,485,0.9,0.9,0.9,10
motion_blur,2,486,0.8333333333333334,1.0,0.9090909090909091,10
motion_blur,2,487,0.75,0.9,0.8181818181818182,10
motion_blur,2,488,0.8181818181818182,0.9,0.8571428571428572,10
motion_blur,2,489,1.0,0.9,0.9473684210526316,10
motion_blur,2,490,0.8181818181818182,0.9,0.8571428571428572,10
motion_blur,2,491,0.9090909090909091,1.0,0.9523809523809523,10
motion_blur,2,492,0.6923076923076923,0.9,0.7826086956521738,10
motion_blur,2,493,0.7777777777777778,0.7,0.7368421052631577,10
motion_blur,2,494,0.6,0.6,0.6,10
motion_blur,2,495,0.5454545454545454,0.6,0.5714285714285713,10
motion_blur,2,496,0.6666666666666666,0.6,0.631578947368421,10
motion_blur,2,497,1.0,0.6,0.7499999999999999,10
motion_blur,2,498,0.9090909090909091,1.0,0.9523809523809523,10
motion_blur,2,499,0.8181818181818182,0.9,0.8571428571428572,10
motion_blur,3,000,0.8888888888888888,0.8,0.8421052631578948,10
motion_blur,3,001,0.875,0.7,0.7777777777777777,10
motion_blur,3,002,0.6,0.9,0.7200000000000001,10
motion_blur,3,003,0.6153846153846154,0.8,0.6956521739130435,10
motion_blur,3,004,0.8888888888888888,0.8,0.8421052631578948,10
motion_blur,3,005,0.75,0.6,0.6666666666666665,10
motion_blur,3,006,0.6363636363636364,0.7,0.6666666666666666,10
motion_blur,3,007,0.6363636363636364,0.7,0.6666666666666666,10
motion_blur,3,008,0.5714285714285714,0.4,0.47058823529411764,10
motion_blur,3,009,0.8888888888888888,0.8,0.8421052631578948,10
motion_blur,3,010,0.625,1.0,0.7692307692307693,10
motion_blur,3,011,0.8181818181818182,0.9,0.8571428571428572,10
motion_blur,3,012,1.0,0.9,0.9473684210526316,10
motion_blur,3,013,0.8181818181818182,0.9,0.8571428571428572,10
motion_blur,3,014,0.9,0.9,0.9,10
motion_blur,3,015,0.8888888888888888,0.8,0.8421052631578948,10
motion_blur,3,016,1.0,0.7,0.8235294117647058,10
motion_blur,3,017,0.9,0.9,0.9,10
motion_blur,3,018,0.8333333333333334,1.0,0.9090909090909091,10
motion_blur,3,019,1.0,0.9,0.9473684210526316,10
motion_blur,3,020,1.0,0.8,0.888888888888889,10
motion_blur,3,021,0.8181818181818182,0.9,0.8571428571428572,10
motion_blur,3,022,0.75,0.6,0.6666666666666665,10
motion_blur,3,023,0.5263157894736842,1.0,0.6896551724137931,10
motion_blur,3,024,0.8333333333333334,1.0,0.9090909090909091,10
motion_blur,3,025,1.0,0.8,0.888888888888889,10
motion_blur,3,026,1.0,0.5,0.6666666666666666,10
motion_blur,3,027,0.8888888888888888,0.8,0.8421052631578948,10
motion_blur,3,028,0.5333333333333333,0.8,0.64,10
motion_blur,3,029,1.0,0.8,0.888888888888889,10
motion_blur,3,030,0.8,0.8,0.8000000000000002,10
motion_blur,3,031,1.0,0.6,0.7499999999999999,10
motion_blur,3,032,0.9,0.9,0.9,10
motion_blur,3,033,1.0,0.8,0.888888888888889,10
motion_blur,3,034,0.75,0.6,0.6666666666666665,10
motion_blur,3,035,0.38095238095238093,0.8,0.5161290322580645,10
motion_blur,3,036,0.6923076923076923,0.9,0.7826086956521738,10
motion_blur,3,037,0.8888888888888888,0.8,0.8421052631578948,10
motion_blur,3,038,0.5,0.4,0.4444444444444445,10
motion_blur,3,039,1.0,0.5,0.6666666666666666,10
motion_blur,3,040,0.5625,0.9,0.6923076923076923,10
motion_blur,3,041,1.0,1.0,1.0,10
motion_blur,3,042,0.875,0.7,0.7777777777777777,10
motion_blur,3,043,1.0,0.9,0.9473684210526316,10
motion_blur,3,044,1.0,0.9,0.9473684210526316,10
motion_blur,3,045,1.0,1.0,1.0,10
motion_blur,3,046,1.0,0.9,0.9473684210526316,10
motion_blur,3,047,1.0,0.9,0.9473684210526316,10
motion_blur,3,048,0.8,0.8,0.8000000000000002,10
motion_blur,3,049,1.0,0.6,0.7499999999999999,10
motion_blur,3,050,0.7272727272727273,0.8,0.761904761904762,10
motion_blur,3,051,0.8,0.8,0.8000000000000002,10
motion_blur,3,052,0.8571428571428571,0.6,0.7058823529411764,10
motion_blur,3,053,1.0,0.7,0.8235294117647058,10
motion_blur,3,054,0.8,0.8,0.8000000000000002,10
motion_blur,3,055,1.0,0.9,0.9473684210526316,10
motion_blur,3,056,1.0,0.5,0.6666666666666666,10
motion_blur,3,057,0.6,0.9,0.7200000000000001,10
motion_blur,3,058,1.0,1.0,1.0,10
motion_blur,3,059,0.8888888888888888,0.8,0.8421052631578948,10
motion_blur,3,060,0.9,0.9,0.9,10
motion_blur,3,061,1.0,0.9,0.9473684210526316,10
motion_blur,3,062,1.0,1.0,1.0,10
motion_blur,3,063,0.8,0.8,0.8000000000000002,10
motion_blur,3,064,1.0,0.5,0.6666666666666666,10
motion_blur,3,065,0.7,0.7,0.7,10
motion_blur,3,066,0.6666666666666666,0.8,0.7272727272727272,10
motion_blur,3,067,0.8333333333333334,0.5,0.625,10
motion_blur,3,068,1.0,1.0,1.0,10
motion_blur,3,069,0.75,0.6,0.6666666666666665,10
motion_blur,3,070,1.0,1.0,1.0,10
motion_blur,3,071,0.75,0.9,0.8181818181818182,10
motion_blur,3,072,0.8181818181818182,0.9,0.8571428571428572,10
motion_blur,3,073,0.8888888888888888,0.8,0.8421052631578948,10
motion_blur,3,074,0.9,0.9,0.9,10
motion_blur,3,075,0.7272727272727273,0.8,0.761904761904762,10
motion_blur,3,076,1.0,0.7,0.8235294117647058,10
motion_blur,3,077,0.875,0.7,0.7777777777777777,10
motion_blur,3,078,0.8888888888888888,0.8,0.8421052631578948,10
motion_blur,3,079,0.8181818181818182,0.9,0.8571428571428572,10
motion_blur,3,080,0.75,0.6,0.6666666666666665,10
motion_blur,3,081,1.0,0.7,0.8235294117647058,10
motion_blur,3,082,0.8181818181818182,0.9,0.8571428571428572,10
motion_blur,3,083,0.8,0.8,0.8000000000000002,10
motion_blur,3,084,0.75,0.3,0.4285714285714285,10
motion_blur,3,085,1.0,1.0,1.0,10
motion_blur,3,086,0.8181818181818182,0.9,0.8571428571428572,10
motion_blur,3,087,0.8,0.8,0.8000000000000002,10
motion_blur,3,088,0.47368421052631576,0.9,0.6206896551724138,10
motion_blur,3,089,1.0,0.9,0.9473684210526316,10
motion_blur,3,090,1.0,0.6,0.7499999999999999,10
motion_blur,3,091,1.0,1.0,1.0,10
motion_blur,3,092,0.875,0.7,0.7777777777777777,10
motion_blur,3,093,1.0,1.0,1.0,10
motion_blur,3,094,0.5714285714285714,0.8,0.6666666666666666,10
motion_blur,3,095,1.0,1.0,1.0,10
motion_blur,3,096,0.9090909090909091,1.0,0.9523809523809523,10
motion_blur,3,097,1.0,0.9,0.9473684210526316,10
motion_blur,3,098,0.6666666666666666,0.6,0.631578947368421,10
motion_blur,3,099,0.6666666666666666,0.6,0.631578947368421,10
motion_blur,3,100,0.7272727272727273,0.8,0.761904761904762,10
motion_blur,3,101,1.0,1.0,1.0,10
motion_blur,3,102,1.0,0.9,0.9473684210526316,10
motion_blur,3,103,1.0,0.7,0.8235294117647058,10
motion_blur,3,104,1.0,0.5,0.6666666666666666,10
motion_blur,3,105,1.0,0.7,0.8235294117647058,10
motion_blur,3,106,0.5833333333333334,0.7,0.6363636363636365,10
motion_blur,3,107,0.8181818181818182,0.9,0.8571428571428572,10
motion_blur,3,108,1.0,0.9,0.9473684210526316,10
motion_blur,3,109,0.9,0.9,0.9,10
motion_blur,3,110,0.875,0.7,0.7777777777777777,10
motion_blur,3,111,1.0,0.8,0.888888888888889,10
motion_blur,3,112,1.0,0.9,0.9473684210526316,10
motion_blur,3,113,1.0,0.9,0.9473684210526316,10
motion_blur,3,114,0.8888888888888888,0.8,0.8421052631578948,10
motion_blur,3,115,0.8888888888888888,0.8,0.8421052631578948,10
motion_blur,3,116,1.0,1.0,1.0,10
motion_blur,3,117,0.9090909090909091,1.0,0.9523809523809523,10
motion_blur,3,118,0.9,0.9,0.9,10
motion_blur,3,119,0.8333333333333334,0.5,0.625,10
motion_blur,3,120,0.5555555555555556,1.0,0.7142857142857143,10
motion_blur,3,121,0.625,0.5,0.5555555555555556,10
motion_blur,3,122,1.0,0.5,0.6666666666666666,10
motion_blur,3,123,0.75,0.6,0.6666666666666665,10
motion_blur,3,124,0.9090909090909091,1.0,0.9523809523809523,10
motion_blur,3,125,0.47058823529411764,0.8,0.5925925925925927,10
motion_blur,3,126,0.9,0.9,0.9,10
motion_blur,3,127,1.0,0.4,0.5714285714285715,10
motion_blur,3,128,1.0,0.4,0.5714285714285715,10
motion_blur,3,129,1.0,0.6,0.7499999999999999,10
motion_blur,3,130,0.8571428571428571,0.6,0.7058823529411764,10
motion_blur,3,131,0.5,0.5,0.5,10
motion_blur,3,132,0.875,0.7,0.7777777777777777,10
motion_blur,3,133,0.6666666666666666,0.6,0.631578947368421,10
motion_blur,3,134,0.6153846153846154,0.8,0.6956521739130435,10
motion_blur,3,135,0.75,0.9,0.8181818181818182,10
motion_blur,3,136,0.8571428571428571,0.6,0.7058823529411764,10
motion_blur,3,137,0.5714285714285714,0.8,0.6666666666666666,10
motion_blur,3,138,0.6363636363636364,0.7,0.6666666666666666,10
motion_blur,3,139,0.35294117647058826,0.6,0.4444444444444445,10
motion_blur,3,140,0.6,0.3,0.4,10
motion_blur,3,141,0.7272727272727273,0.8,0.761904761904762,10
motion_blur,3,142,0.875,0.7,0.7777777777777777,10
motion_blur,3,143,0.8571428571428571,0.6,0.7058823529411764,10
motion_blur,3,144,0.9,0.9,0.9,10
motion_blur,3,145,1.0,0.8,0.888888888888889,10
motion_blur,3,146,0.9,0.9,0.9,10
motion_blur,3,147,0.8888888888888888,0.8,0.8421052631578948,10
motion_blur,3,148,0.9090909090909091,1.0,0.9523809523809523,10
motion_blur,3,149,1.0,0.9,0.9473684210526316,10
motion_blur,3,150,0.8571428571428571,0.6,0.7058823529411764,10
motion_blur,3,151,0.9090909090909091,1.0,0.9523809523809523,10
motion_blur,3,152,0.6923076923076923,0.9,0.7826086956521738,10
motion_blur,3,153,0.7777777777777778,0.7,0.7368421052631577,10
motion_blur,3,154,0.8888888888888888,0.8,0.8421052631578948,10
motion_blur,3,155,0.35714285714285715,0.5,0.41666666666666663,10
motion_blur,3,156,0.75,0.6,0.6666666666666665,10
motion_blur,3,157,0.6666666666666666,0.4,0.5,10
motion_blur,3,158,0.8333333333333334,0.5,0.625,10
motion_blur,3,159,0.7272727272727273,0.8,0.761904761904762,10
motion_blur,3,160,0.6363636363636364,0.7,0.6666666666666666,10
motion_blur,3,161,0.5833333333333334,0.7,0.6363636363636365,10
motion_blur,3,162,0.7,0.7,0.7,10
motion_blur,3,163,0.8181818181818182,0.9,0.8571428571428572,10
motion_blur,3,164,0.875,0.7,0.7777777777777777,10
motion_blur,3,165,0.5,0.6,0.5454545454545454,10
motion_blur,3,166,0.6,0.6,0.6,10
motion_blur,3,167,1.0,0.8,0.888888888888889,10
motion_blur,3,168,0.8,0.8,0.8000000000000002,10
motion_blur,3,169,1.0,0.7,0.8235294117647058,10
motion_blur,3,170,0.8333333333333334,1.0,0.9090909090909091,10
motion_blur,3,171,0.8888888888888888,0.8,0.8421052631578948,10
motion_blur,3,172,0.75,0.9,0.8181818181818182,10
motion_blur,3,173,0.875,0.7,0.7777777777777777,10
motion_blur,3,174,1.0,0.5,0.6666666666666666,10
motion_blur,3,175,0.6666666666666666,0.4,0.5,10
motion_blur,3,176,0.8181818181818182,0.9,0.8571428571428572,10
motion_blur,3,177,0.6666666666666666,0.6,0.631578947368421,10
motion_blur,3,178,0.625,0.5,0.5555555555555556,10
motion_blur,3,179,0.7777777777777778,0.7,0.7368421052631577,10
motion_blur,3,180,0.625,0.5,0.5555555555555556,10
motion_blur,3,181,0.6666666666666666,0.6,0.631578947368421,10
motion_blur,3,182,1.0,0.4,0.5714285714285715,10
motion_blur,3,183,0.9,0.9,0.9,10
motion_blur,3,184,1.0,0.8,0.888888888888889,10
motion_blur,3,185,0.7,0.7,0.7,10
motion_blur,3,186,0.9,0.9,0.9,10
motion_blur,3,187,0.4666666666666667,0.7,0.56,10
motion_blur,3,188,0.5833333333333334,0.7,0.6363636363636365,10
motion_blur,3,189,1.0,1.0,1.0,10
motion_blur,3,190,0.75,0.9,0.8181818181818182,10
motion_blur,3,191,0.75,0.9,0.8181818181818182,10
motion_blur,3,192,1.0,0.8,0.888888888888889,10
motion_blur,3,193,0.8,0.4,0.5333333333333333,10
motion_blur,3,194,0.5384615384615384,0.7,0.608695652173913,10
motion_blur,3,195,0.5,0.7,0.5833333333333334,10
motion_blur,3,196,0.5882352941176471,1.0,0.7407407407407407,10
motion_blur,3,197,0.8333333333333334,0.5,0.625,10
motion_blur,3,198,0.4166666666666667,0.5,0.45454545454545453,10
motion_blur,3,199,0.8333333333333334,0.5,0.625,10
motion_blur,3,200,0.5714285714285714,0.8,0.6666666666666666,10
motion_blur,3,201,0.75,0.6,0.6666666666666665,10
motion_blur,3,202,0.5,0.8,0.6153846153846154,10
motion_blur,3,203,0.4117647058823529,0.7,0.5185185185185185,10
motion_blur,3,204,0.5384615384615384,0.7,0.608695652173913,10
motion_blur,3,205,0.8333333333333334,1.0,0.9090909090909091,10
motion_blur,3,206,0.8571428571428571,0.6,0.7058823529411764,10
motion_blur,3,207,0.5384615384615384,0.7,0.608695652173913,10
motion_blur,3,208,1.0,0.8,0.888888888888889,10
motion_blur,3,209,0.8181818181818182,0.9,0.8571428571428572,10
motion_blur,3,210,0.8888888888888888,0.8,0.8421052631578948,10
motion_blur,3,211,0.9,0.9,0.9,10
motion_blur,3,212,0.75,0.6,0.6666666666666665,10
motion_blur,3,213,0.7,0.7,0.7,10
motion_blur,3,214,0.8,0.4,0.5333333333333333,10
motion_blur,3,215,0.5,0.7,0.5833333333333334,10
motion_blur,3,216,0.6666666666666666,0.6,0.631578947368421,10
motion_blur,3,217,0.6,0.3,0.4,10
motion_blur,3,218,0.5333333333333333,0.8,0.64,10
motion_blur,3,219,0.75,0.6,0.6666666666666665,10
motion_blur,3,220,0.4090909090909091,0.9,0.5625000000000001,10
motion_blur,3,221,0.8888888888888888,0.8,0.8421052631578948,10
motion_blur,3,222,0.6428571428571429,0.9,0.75,10
motion_blur,3,223,1.0,1.0,1.0,10
motion_blur,3,224,0.75,0.6,0.6666666666666665,10
motion_blur,3,225,0.34615384615384615,0.9,0.5,10
motion_blur,3,226,0.9,0.9,0.9,10
motion_blur,3,227,0.3076923076923077,0.4,0.34782608695652173,10
motion_blur,3,228,0.75,0.6,0.6666666666666665,10
motion_blur,3,229,0.8181818181818182,0.9,0.8571428571428572,10
motion_blur,3,230,0.5,0.8,0.6153846153846154,10
motion_blur,3,231,0.6363636363636364,0.7,0.6666666666666666,10
motion_blur,3,232,0.5714285714285714,0.4,0.47058823529411764,10
motion_blur,3,233,0.625,0.5,0.5555555555555556,10
motion_blur,3,234,1.0,0.8,0.888888888888889,10
motion_blur,3,235,0.8888888888888888,0.8,0.8421052631578948,10
motion_blur,3,236,0.5714285714285714,0.8,0.6666666666666666,10
motion_blur,3,237,0.8,0.8,0.8000000000000002,10
motion_blur,3,238,0.9090909090909091,1.0,0.9523809523809523,10
motion_blur,3,239,1.0,0.7,0.8235294117647058,10
motion_blur,3,240,0.8888888888888888,0.8,0.8421052631578948,10
motion_blur,3,241,0.32,0.8,0.45714285714285713,10
motion_blur,3,242,1.0,0.5,0.6666666666666666,10
motion_blur,3,243,0.9090909090909091,1.0,0.9523809523809523,10
motion_blur,3,244,1.0,0.9,0.9473684210526316,10
motion_blur,3,245,0.6923076923076923,0.9,0.7826086956521738,10
motion_blur,3,246,0.75,0.3,0.4285714285714285,10
motion_blur,3,247,0.6,0.3,0.4,10
motion_blur,3,248,1.0,0.7,0.8235294117647058,10
motion_blur,3,249,0.5,0.8,0.6153846153846154,10
motion_blur,3,250,1.0,0.9,0.9473684210526316,10
motion_blur,3,251,1.0,0.9,0.9473684210526316,10
motion_blur,3,252,0.875,0.7,0.7777777777777777,10
motion_blur,3,253,0.5833333333333334,0.7,0.6363636363636365,10
motion_blur,3,254,0.5625,0.9,0.6923076923076923,10
motion_blur,3,255,0.5,0.8,0.6153846153846154,10
motion_blur,3,256,0.8333333333333334,0.5,0.625,10
motion_blur,3,257,0.7692307692307693,1.0,0.8695652173913044,10
motion_blur,3,258,0.875,0.7,0.7777777777777777,10
motion_blur,3,259,0.7,0.7,0.7,10
motion_blur,3,260,0.6666666666666666,0.8,0.7272727272727272,10
motion_blur,3,261,0.625,1.0,0.7692307692307693,10
motion_blur,3,262,0.8181818181818182,0.9,0.8571428571428572,10
motion_blur,3,263,0.5,0.9,0.6428571428571429,10
motion_blur,3,264,0.7692307692307693,1.0,0.8695652173913044,10
motion_blur,3,265,0.5,0.4,0.4444444444444445,10
motion_blur,3,266,0.6666666666666666,1.0,0.8,10
motion_blur,3,267,1.0,0.6,0.7499999999999999,10
motion_blur,3,268,0.75,0.9,0.8181818181818182,10
motion_blur,3,269,0.9090909090909091,1.0,0.9523809523809523,10
motion_blur,3,270,0.7692307692307693,1.0,0.8695652173913044,10
motion_blur,3,271,0.75,0.9,0.8181818181818182,10
motion_blur,3,272,0.8,0.8,0.8000000000000002,10
motion_blur,3,273,0.8,0.8,0.8000000000000002,10
motion_blur,3,274,0.8571428571428571,0.6,0.7058823529411764,10
motion_blur,3,275,0.6666666666666666,0.8,0.7272727272727272,10
motion_blur,3,276,0.6363636363636364,0.7,0.6666666666666666,10
motion_blur,3,277,1.0,0.8,0.888888888888889,10
motion_blur,3,278,1.0,0.4,0.5714285714285715,10
motion_blur,3,279,0.7692307692307693,1.0,0.8695652173913044,10
motion_blur,3,280,1.0,0.8,0.888888888888889,10
motion_blur,3,281,0.75,0.9,0.8181818181818182,10
motion_blur,3,282,0.75,0.6,0.6666666666666665,10
motion_blur,3,283,1.0,0.9,0.9473684210526316,10
motion_blur,3,284,0.8,0.8,0.8000000000000002,10
motion_blur,3,285,1.0,1.0,1.0,10
motion_blur,3,286,0.7777777777777778,0.7,0.7368421052631577,10
motion_blur,3,287,1.0,0.5,0.6666666666666666,10
motion_blur,3,288,0.8181818181818182,0.9,0.8571428571428572,10
motion_blur,3,289,1.0,0.8,0.888888888888889,10
motion_blur,3,290,0.8,0.8,0.8000000000000002,10
motion_blur,3,291,1.0,1.0,1.0,10
motion_blur,3,292,0.8181818181818182,0.9,0.8571428571428572,10
motion_blur,3,293,1.0,0.6,0.7499999999999999,10
motion_blur,3,294,0.8,0.8,0.8000000000000002,10
motion_blur,3,295,0.875,0.7,0.7777777777777777,10
motion_blur,3,296,0.7692307692307693,1.0,0.8695652173913044,10
motion_blur,3,297,0.8571428571428571,0.6,0.7058823529411764,10
motion_blur,3,298,0.9,0.9,0.9,10
motion_blur,3,299,0.7142857142857143,1.0,0.8333333333333333,10
motion_blur,3,300,0.9,0.9,0.9,10
motion_blur,3,301,0.9090909090909091,1.0,0.9523809523809523,10
motion_blur,3,302,0.9090909090909091,1.0,0.9523809523809523,10
motion_blur,3,303,0.6923076923076923,0.9,0.7826086956521738,10
motion_blur,3,304,1.0,1.0,1.0,10
motion_blur,3,305,1.0,0.6,0.7499999999999999,10
motion_blur,3,306,0.75,0.9,0.8181818181818182,10
motion_blur,3,307,1.0,1.0,1.0,10
motion_blur,3,308,0.6363636363636364,0.7,0.6666666666666666,10
motion_blur,3,309,0.6923076923076923,0.9,0.7826086956521738,10
motion_blur,3,310,0.8888888888888888,0.8,0.8421052631578948,10
motion_blur,3,311,0.8333333333333334,1.0,0.9090909090909091,10
motion_blur,3,312,0.8181818181818182,0.9,0.8571428571428572,10
motion_blur,3,313,0.875,0.7,0.7777777777777777,10
motion_blur,3,314,0.7,0.7,0.7,10
motion_blur,3,315,0.8181818181818182,0.9,0.8571428571428572,10
motion_blur,3,316,0.9090909090909091,1.0,0.9523809523809523,10
motion_blur,3,317,1.0,0.7,0.8235294117647058,10
motion_blur,3,318,0.7142857142857143,1.0,0.8333333333333333,10
motion_blur,3,319,1.0,0.9,0.9473684210526316,10
motion_blur,3,320,1.0,1.0,1.0,10
motion_blur,3,321,0.9,0.9,0.9,10
motion_blur,3,322,0.35714285714285715,0.5,0.41666666666666663,10
motion_blur,3,323,1.0,0.9,0.9473684210526316,10
motion_blur,3,324,0.9090909090909091,1.0,0.9523809523809523,10
motion_blur,3,325,1.0,0.6,0.7499999999999999,10
motion_blur,3,326,0.75,0.9,0.8181818181818182,10
motion_blur,3,327,0.6923076923076923,0.9,0.7826086956521738,10
motion_blur,3,328,0.8181818181818182,0.9,0.8571428571428572,10
motion_blur,3,329,0.8181818181818182,0.9,0.8571428571428572,10
motion_blur,3,330,0.5625,0.9,0.6923076923076923,10
motion_blur,3,331,1.0,0.8,0.888888888888889,10
motion_blur,3,332,0.6,0.6,0.6,10
motion_blur,3,333,0.5454545454545454,0.6,0.5714285714285713,10
motion_blur,3,334,0.7777777777777778,0.7,0.7368421052631577,10
motion_blur,3,335,0.6666666666666666,0.4,0.5,10
motion_blur,3,336,0.7272727272727273,0.8,0.761904761904762,10
motion_blur,3,337,0.6363636363636364,0.7,0.6666666666666666,10
motion_blur,3,338,0.5,0.7,0.5833333333333334,10
motion_blur,3,339,1.0,0.7,0.8235294117647058,10
motion_blur,3,340,0.8181818181818182,0.9,0.8571428571428572,10
motion_blur,3,341,0.47058823529411764,0.8,0.5925925925925927,10
motion_blur,3,342,0.7692307692307693,1.0,0.8695652173913044,10
motion_blur,3,343,0.875,0.7,0.7777777777777777,10
motion_blur,3,344,0.7272727272727273,0.8,0.761904761904762,10
motion_blur,3,345,1.0,0.9,0.9473684210526316,10
motion_blur,3,346,0.8,0.4,0.5333333333333333,10
motion_blur,3,347,0.6363636363636364,0.7,0.6666666666666666,10
motion_blur,3,348,1.0,0.8,0.888888888888889,10
motion_blur,3,349,0.875,0.7,0.7777777777777777,10
motion_blur,3,350,1.0,1.0,1.0,10
motion_blur,3,351,0.8888888888888888,0.8,0.8421052631578948,10
motion_blur,3,352,0.9,0.9,0.9,10
motion_blur,3,353,0.5714285714285714,0.8,0.6666666666666666,10
motion_blur,3,354,1.0,0.7,0.8235294117647058,10
motion_blur,3,355,0.9,0.9,0.9,10
motion_blur,3,356,1.0,0.8,0.888888888888889,10
motion_blur,3,357,0.6153846153846154,0.8,0.6956521739130435,10
motion_blur,3,358,1.0,0.9,0.9473684210526316,10
motion_blur,3,359,0.5625,0.9,0.6923076923076923,10
motion_blur,3,360,0.8181818181818182,0.9,0.8571428571428572,10
motion_blur,3,361,0.9090909090909091,1.0,0.9523809523809523,10
motion_blur,3,362,1.0,1.0,1.0,10
motion_blur,3,363,0.9,0.9,0.9,10
motion_blur,3,364,1.0,0.9,0.9473684210526316,10
motion_blur,3,365,0.8,0.8,0.8000000000000002,10
motion_blur,3,366,0.8,0.8,0.8000000000000002,10
motion_blur,3,367,0.8333333333333334,0.5,0.625,10
motion_blur,3,368,0.7142857142857143,1.0,0.8333333333333333,10
motion_blur,3,369,0.875,0.7,0.7777777777777777,10
motion_blur,3,370,0.9,0.9,0.9,10
motion_blur,3,371,0.8571428571428571,0.6,0.7058823529411764,10
motion_blur,3,372,0.7,0.7,0.7,10
motion_blur,3,373,0.8571428571428571,0.6,0.7058823529411764,10
motion_blur,3,374,0.7142857142857143,0.5,0.588235294117647,10
motion_blur,3,375,1.0,1.0,1.0,10
motion_blur,3,376,1.0,1.0,1.0,10
motion_blur,3,377,0.9,0.9,0.9,10
motion_blur,3,378,1.0,0.8,0.888888888888889,10
motion_blur,3,379,0.5,0.7,0.5833333333333334,10
motion_blur,3,380,0.9,0.9,0.9,10
motion_blur,3,381,1.0,0.6,0.7499999999999999,10
motion_blur,3,382,0.9,0.9,0.9,10
motion_blur,3,383,1.0,0.7,0.8235294117647058,10
motion_blur,3,384,0.8888888888888888,0.8,0.8421052631578948,10
motion_blur,3,385,1.0,0.7,0.8235294117647058,10
motion_blur,3,386,0.45454545454545453,1.0,0.625,10
motion_blur,3,387,0.7777777777777778,0.7,0.7368421052631577,10
motion_blur,3,388,0.6,0.3,0.4,10
motion_blur,3,389,0.8333333333333334,0.5,0.625,10
motion_blur,3,390,1.0,0.5,0.6666666666666666,10
motion_blur,3,391,1.0,0.8,0.888888888888889,10
motion_blur,3,392,0.8,0.8,0.8000000000000002,10
motion_blur,3,393,0.7777777777777778,0.7,0.7368421052631577,10
motion_blur,3,394,0.7,0.7,0.7,10
motion_blur,3,395,0.5,0.9,0.6428571428571429,10
motion_blur,3,396,1.0,0.9,0.9473684210526316,10
motion_blur,3,397,1.0,1.0,1.0,10
motion_blur,3,398,0.8181818181818182,0.9,0.8571428571428572,10
motion_blur,3,399,0.5882352941176471,1.0,0.7407407407407407,10
motion_blur,3,400,1.0,0.8,0.888888888888889,10
motion_blur,3,401,0.8333333333333334,1.0,0.9090909090909091,10
motion_blur,3,402,1.0,0.9,0.9473684210526316,10
motion_blur,3,403,1.0,0.8,0.888888888888889,10
motion_blur,3,404,1.0,0.8,0.888888888888889,10
motion_blur,3,405,0.6666666666666666,1.0,0.8,10
motion_blur,3,406,1.0,1.0,1.0,10
motion_blur,3,407,0.7142857142857143,1.0,0.8333333333333333,10
motion_blur,3,408,0.6363636363636364,0.7,0.6666666666666666,10
motion_blur,3,409,0.8181818181818182,0.9,0.8571428571428572,10
motion_blur,3,410,0.625,0.5,0.5555555555555556,10
motion_blur,3,411,1.0,0.9,0.9473684210526316,10
motion_blur,3,412,0.8181818181818182,0.9,0.8571428571428572,10
motion_blur,3,413,0.9090909090909091,1.0,0.9523809523809523,10
motion_blur,3,414,0.6,0.9,0.7200000000000001,10
motion_blur,3,415,0.8571428571428571,0.6,0.7058823529411764,10
motion_blur,3,416,0.7272727272727273,0.8,0.761904761904762,10
motion_blur,3,417,0.6923076923076923,0.9,0.7826086956521738,10
motion_blur,3,418,0.9090909090909091,1.0,0.9523809523809523,10
motion_blur,3,419,0.8888888888888888,0.8,0.8421052631578948,10
motion_blur,3,420,0.6153846153846154,0.8,0.6956521739130435,10
motion_blur,3,421,0.9,0.9,0.9,10
motion_blur,3,422,0.875,0.7,0.7777777777777777,10
motion_blur,3,423,0.6923076923076923,0.9,0.7826086956521738,10
motion_blur,3,424,1.0,1.0,1.0,10
motion_blur,3,425,0.8333333333333334,1.0,0.9090909090909091,10
motion_blur,3,426,0.8,0.8,0.8000000000000002,10
motion_blur,3,427,0.6923076923076923,0.9,0.7826086956521738,10
motion_blur,3,428,0.7,0.7,0.7,10
motion_blur,3,429,1.0,0.6,0.7499999999999999,10
motion_blur,3,430,1.0,0.8,0.888888888888889,10
motion_blur,3,431,0.6666666666666666,0.8,0.7272727272727272,10
motion_blur,3,432,0.75,0.9,0.8181818181818182,10
motion_blur,3,433,1.0,0.8,0.888888888888889,10
motion_blur,3,434,1.0,0.7,0.8235294117647058,10
motion_blur,3,435,0.8,0.8,0.8000000000000002,10
motion_blur,3,436,0.8571428571428571,0.6,0.7058823529411764,10
motion_blur,3,437,0.8,0.8,0.8000000000000002,10
motion_blur,3,438,0.875,0.7,0.7777777777777777,10
motion_blur,3,439,0.7777777777777778,0.7,0.7368421052631577,10
motion_blur,3,440,0.8333333333333334,1.0,0.9090909090909091,10
motion_blur,3,441,1.0,0.6,0.7499999999999999,10
motion_blur,3,442,0.3333333333333333,0.3,0.3157894736842105,10
motion_blur,3,443,0.8888888888888888,0.8,0.8421052631578948,10
motion_blur,3,444,1.0,0.7,0.8235294117647058,10
motion_blur,3,445,1.0,0.9,0.9473684210526316,10
motion_blur,3,446,0.8888888888888888,0.8,0.8421052631578948,10
motion_blur,3,447,1.0,0.8,0.888888888888889,10
motion_blur,3,448,0.8,0.8,0.8000000000000002,10
motion_blur,3,449,0.6666666666666666,0.4,0.5,10
motion_blur,3,450,1.0,0.9,0.9473684210526316,10
motion_blur,3,451,1.0,0.7,0.8235294117647058,10
motion_blur,3,452,0.7142857142857143,1.0,0.8333333333333333,10
motion_blur,3,453,0.8333333333333334,1.0,0.9090909090909091,10
motion_blur,3,454,0.875,0.7,0.7777777777777777,10
motion_blur,3,455,0.6666666666666666,0.4,0.5,10
motion_blur,3,456,0.5714285714285714,0.8,0.6666666666666666,10
motion_blur,3,457,1.0,0.9,0.9473684210526316,10
motion_blur,3,458,1.0,0.7,0.8235294117647058,10
motion_blur,3,459,0.9,0.9,0.9,10
motion_blur,3,460,1.0,0.8,0.888888888888889,10
motion_blur,3,461,0.9,0.9,0.9,10
motion_blur,3,462,0.8181818181818182,0.9,0.8571428571428572,10
motion_blur,3,463,0.6363636363636364,0.7,0.6666666666666666,10
motion_blur,3,464,1.0,0.9,0.9473684210526316,10
motion_blur,3,465,0.5333333333333333,0.8,0.64,10
motion_blur,3,466,0.4,0.4,0.4000000000000001,10
motion_blur,3,467,0.5555555555555556,0.5,0.5263157894736842,10
motion_blur,3,468,0.7142857142857143,0.5,0.588235294117647,10
motion_blur,3,469,0.9,0.9,0.9,10
motion_blur,3,470,0.8,0.8,0.8000000000000002,10
motion_blur,3,471,1.0,0.9,0.9473684210526316,10
motion_blur,3,472,0.5555555555555556,0.5,0.5263157894736842,10
motion_blur,3,473,1.0,0.5,0.6666666666666666,10
motion_blur,3,474,0.9,0.9,0.9,10
motion_blur,3,475,0.9090909090909091,1.0,0.9523809523809523,10
motion_blur,3,476,0.6,0.6,0.6,10
motion_blur,3,477,0.8888888888888888,0.8,0.8421052631578948,10
motion_blur,3,478,0.8,0.8,0.8000000000000002,10
motion_blur,3,479,0.75,0.6,0.6666666666666665,10
motion_blur,3,480,1.0,0.6,0.7499999999999999,10
motion_blur,3,481,0.7,0.7,0.7,10
motion_blur,3,482,0.8,0.8,0.8000000000000002,10
motion_blur,3,483,0.5263157894736842,1.0,0.6896551724137931,10
motion_blur,3,484,0.75,0.9,0.8181818181818182,10
motion_blur,3,485,1.0,0.9,0.9473684210526316,10
motion_blur,3,486,0.8181818181818182,0.9,0.8571428571428572,10
motion_blur,3,487,0.7,0.7,0.7,10
motion_blur,3,488,0.875,0.7,0.7777777777777777,10
motion_blur,3,489,1.0,0.9,0.9473684210526316,10
motion_blur,3,490,0.7272727272727273,0.8,0.761904761904762,10
motion_blur,3,491,0.75,0.9,0.8181818181818182,10
motion_blur,3,492,0.8181818181818182,0.9,0.8571428571428572,10
motion_blur,3,493,0.6363636363636364,0.7,0.6666666666666666,10
motion_blur,3,494,0.5833333333333334,0.7,0.6363636363636365,10
motion_blur,3,495,0.375,0.3,0.33333333333333326,10
motion_blur,3,496,0.42857142857142855,0.6,0.5,10
motion_blur,3,497,0.7142857142857143,0.5,0.588235294117647,10
motion_blur,3,498,0.8333333333333334,1.0,0.9090909090909091,10
motion_blur,3,499,0.8,0.8,0.8000000000000002,10
motion_blur,4,000,0.75,0.3,0.4285714285714285,10
motion_blur,4,001,0.5714285714285714,0.4,0.47058823529411764,10
motion_blur,4,002,0.6,0.9,0.7200000000000001,10
motion_blur,4,003,0.42857142857142855,0.6,0.5,10
motion_blur,4,004,0.7777777777777778,0.7,0.7368421052631577,10
motion_blur,4,005,0.5,0.5,0.5,10
motion_blur,4,006,0.4,0.4,0.4000000000000001,10
motion_blur,4,007,0.6666666666666666,0.6,0.631578947368421,10
motion_blur,4,008,0.4444444444444444,0.4,0.4210526315789474,10
motion_blur,4,009,1.0,0.6,0.7499999999999999,10
motion_blur,4,010,0.6428571428571429,0.9,0.75,10
motion_blur,4,011,0.75,0.9,0.8181818181818182,10
motion_blur,4,012,1.0,0.5,0.6666666666666666,10
motion_blur,4,013,0.7142857142857143,1.0,0.8333333333333333,10
motion_blur,4,014,0.5625,0.9,0.6923076923076923,10
motion_blur,4,015,0.875,0.7,0.7777777777777777,10
motion_blur,4,016,1.0,0.2,0.33333333333333337,10
motion_blur,4,017,0.7272727272727273,0.8,0.761904761904762,10
motion_blur,4,018,0.7142857142857143,1.0,0.8333333333333333,10
motion_blur,4,019,0.8888888888888888,0.8,0.8421052631578948,10
motion_blur,4,020,1.0,0.7,0.8235294117647058,10
motion_blur,4,021,0.9,0.9,0.9,10
motion_blur,4,022,0.6666666666666666,0.6,0.631578947368421,10
motion_blur,4,023,0.625,1.0,0.7692307692307693,10
motion_blur,4,024,0.9090909090909091,1.0,0.9523809523809523,10
motion_blur,4,025,0.8888888888888888,0.8,0.8421052631578948,10
motion_blur,4,026,0.6,0.3,0.4,10
motion_blur,4,027,0.7142857142857143,0.5,0.588235294117647,10
motion_blur,4,028,0.5714285714285714,0.8,0.6666666666666666,10
motion_blur,4,029,1.0,0.7,0.8235294117647058,10
motion_blur,4,030,0.8,0.8,0.8000000000000002,10
motion_blur,4,031,0.5555555555555556,0.5,0.5263157894736842,10
motion_blur,4,032,0.875,0.7,0.7777777777777777,10
motion_blur,4,033,0.7272727272727273,0.8,0.761904761904762,10
motion_blur,4,034,0.75,0.3,0.4285714285714285,10
motion_blur,4,035,0.2647058823529412,0.9,0.40909090909090906,10
motion_blur,4,036,0.8181818181818182,0.9,0.8571428571428572,10
motion_blur,4,037,0.5555555555555556,0.5,0.5263157894736842,10
motion_blur,4,038,0.5,0.2,0.28571428571428575,10
motion_blur,4,039,1.0,0.4,0.5714285714285715,10
motion_blur,4,040,0.5714285714285714,0.8,0.6666666666666666,10
motion_blur,4,041,1.0,1.0,1.0,10
motion_blur,4,042,0.6,0.6,0.6,10
motion_blur,4,043,0.9,0.9,0.9,10
motion_blur,4,044,0.8888888888888888,0.8,0.8421052631578948,10
motion_blur,4,045,1.0,0.9,0.9473684210526316,10
motion_blur,4,046,1.0,0.9,0.9473684210526316,10
motion_blur,4,047,1.0,0.8,0.888888888888889,10
motion_blur,4,048,0.8888888888888888,0.8,0.8421052631578948,10
motion_blur,4,049,0.5,0.2,0.28571428571428575,10
motion_blur,4,050,0.8,0.8,0.8000000000000002,10
motion_blur,4,051,0.7,0.7,0.7,10
motion_blur,4,052,0.8571428571428571,0.6,0.7058823529411764,10
motion_blur,4,053,1.0,0.4,0.5714285714285715,10
motion_blur,4,054,0.7272727272727273,0.8,0.761904761904762,10
motion_blur,4,055,0.8888888888888888,0.8,0.8421052631578948,10
motion_blur,4,056,1.0,0.4,0.5714285714285715,10
motion_blur,4,057,0.47058823529411764,0.8,0.5925925925925927,10
motion_blur,4,058,1.0,0.9,0.9473684210526316,10
motion_blur,4,059,0.8,0.8,0.8000000000000002,10
motion_blur,4,060,1.0,0.8,0.888888888888889,10
motion_blur,4,061,1.0,0.9,0.9473684210526316,10
motion_blur,4,062,1.0,0.9,0.9473684210526316,10
motion_blur,4,063,0.7777777777777778,0.7,0.7368421052631577,10
motion_blur,4,064,1.0,0.6,0.7499999999999999,10
motion_blur,4,065,0.4375,0.7,0.5384615384615384,10
motion_blur,4,066,0.8,0.4,0.5333333333333333,10
motion_blur,4,067,0.75,0.6,0.6666666666666665,10
motion_blur,4,068,1.0,0.9,0.9473684210526316,10
motion_blur,4,069,0.6666666666666666,0.6,0.631578947368421,10
motion_blur,4,070,1.0,1.0,1.0,10
motion_blur,4,071,0.45,0.9,0.6,10
motion_blur,4,072,0.6923076923076923,0.9,0.7826086956521738,10
motion_blur,4,073,1.0,0.7,0.8235294117647058,10
motion_blur,4,074,0.9,0.9,0.9,10
motion_blur,4,075,0.5833333333333334,0.7,0.6363636363636365,10
motion_blur,4,076,1.0,0.7,0.8235294117647058,10
motion_blur,4,077,1.0,0.7,0.8235294117647058,10
motion_blur,4,078,0.875,0.7,0.7777777777777777,10
motion_blur,4,079,0.6666666666666666,0.8,0.7272727272727272,10
motion_blur,4,080,0.8,0.4,0.5333333333333333,10
motion_blur,4,081,0.8,0.4,0.5333333333333333,10
motion_blur,4,082,0.875,0.7,0.7777777777777777,10
motion_blur,4,083,0.5,0.8,0.6153846153846154,10
motion_blur,4,084,0.5,0.2,0.28571428571428575,10
motion_blur,4,085,1.0,1.0,1.0,10
motion_blur,4,086,0.9,0.9,0.9,10
motion_blur,4,087,0.4444444444444444,0.8,0.5714285714285714,10
motion_blur,4,088,0.5833333333333334,0.7,0.6363636363636365,10
motion_blur,4,089,0.8888888888888888,0.8,0.8421052631578948,10
motion_blur,4,090,1.0,0.5,0.6666666666666666,10
motion_blur,4,091,1.0,0.9,0.9473684210526316,10
motion_blur,4,092,1.0,0.7,0.8235294117647058,10
motion_blur,4,093,1.0,0.9,0.9473684210526316,10
motion_blur,4,094,0.36363636363636365,0.4,0.380952380952381,10
motion_blur,4,095,1.0,0.9,0.9473684210526316,10
motion_blur,4,096,0.6923076923076923,0.9,0.7826086956521738,10
motion_blur,4,097,1.0,0.4,0.5714285714285715,10
motion_blur,4,098,1.0,0.6,0.7499999999999999,10
motion_blur,4,099,0.5454545454545454,0.6,0.5714285714285713,10
motion_blur,4,100,0.5,0.7,0.5833333333333334,10
motion_blur,4,101,1.0,1.0,1.0,10
motion_blur,4,102,0.8888888888888888,0.8,0.8421052631578948,10
motion_blur,4,103,0.875,0.7,0.7777777777777777,10
motion_blur,4,104,1.0,0.5,0.6666666666666666,10
motion_blur,4,105,0.75,0.6,0.6666666666666665,10
motion_blur,4,106,0.5,0.6,0.5454545454545454,10
motion_blur,4,107,0.6666666666666666,0.8,0.7272727272727272,10
motion_blur,4,108,1.0,0.6,0.7499999999999999,10
motion_blur,4,109,0.9,0.9,0.9,10
motion_blur,4,110,0.8,0.8,0.8000000000000002,10
motion_blur,4,111,1.0,0.7,0.8235294117647058,10
motion_blur,4,112,1.0,0.8,0.888888888888889,10
motion_blur,4,113,1.0,0.9,0.9473684210526316,10
motion_blur,4,114,1.0,0.6,0.7499999999999999,10
motion_blur,4,115,0.625,0.5,0.5555555555555556,10
motion_blur,4,116,1.0,1.0,1.0,10
motion_blur,4,117,1.0,0.8,0.888888888888889,10
motion_blur,4,118,0.8181818181818182,0.9,0.8571428571428572,10
motion_blur,4,119,0.6666666666666666,0.2,0.30769230769230765,10
motion_blur,4,120,0.45,0.9,0.6,10
motion_blur,4,121,0.42857142857142855,0.3,0.3529411764705882,10
motion_blur,4,122,1.0,0.3,0.4615384615384615,10
motion_blur,4,123,0.4,0.6,0.48,10
motion_blur,4,124,0.75,0.9,0.8181818181818182,10
motion_blur,4,125,0.4,0.8,0.5333333333333333,10
motion_blur,4,126,1.0,0.5,0.6666666666666666,10
motion_blur,4,127,1.0,0.2,0.33333333333333337,10
motion_blur,4,128,1.0,0.3,0.4615384615384615,10
motion_blur,4,129,0.8,0.4,0.5333333333333333,10
motion_blur,4,130,0.8,0.4,0.5333333333333333,10
motion_blur,4,131,0.5555555555555556,0.5,0.5263157894736842,10
motion_blur,4,132,0.7777777777777778,0.7,0.7368421052631577,10
motion_blur,4,133,0.625,0.5,0.5555555555555556,10
motion_blur,4,134,0.8181818181818182,0.9,0.8571428571428572,10
motion_blur,4,135,0.5454545454545454,0.6,0.5714285714285713,10
motion_blur,4,136,0.8,0.4,0.5333333333333333,10
motion_blur,4,137,0.47058823529411764,0.8,0.5925925925925927,10
motion_blur,4,138,0.6,0.3,0.4,10
motion_blur,4,139,0.36363636363636365,0.8,0.5000000000000001,10
motion_blur,4,140,0.5,0.1,0.16666666666666669,10
motion_blur,4,141,0.6666666666666666,0.6,0.631578947368421,10
motion_blur,4,142,0.7142857142857143,0.5,0.588235294117647,10
motion_blur,4,143,0.8333333333333334,0.5,0.625,10
motion_blur,4,144,0.6363636363636364,0.7,0.6666666666666666,10
motion_blur,4,145,1.0,0.8,0.888888888888889,10
motion_blur,4,146,0.8888888888888888,0.8,0.8421052631578948,10
motion_blur,4,147,1.0,0.8,0.888888888888889,10
motion_blur,4,148,0.8333333333333334,1.0,0.9090909090909091,10
motion_blur,4,149,1.0,0.9,0.9473684210526316,10
motion_blur,4,150,0.7777777777777778,0.7,0.7368421052631577,10
motion_blur,4,151,0.8181818181818182,0.9,0.8571428571428572,10
motion_blur,4,152,0.3076923076923077,0.8,0.4444444444444444,10
motion_blur,4,153,0.5,0.5,0.5,10
motion_blur,4,154,0.7142857142857143,0.5,0.588235294117647,10
motion_blur,4,155,0.4117647058823529,0.7,0.5185185185185185,10
motion_blur,4,156,0.7142857142857143,0.5,0.588235294117647,10
motion_blur,4,157,0.4444444444444444,0.4,0.4210526315789474,10
motion_blur,4,158,0.5,0.2,0.28571428571428575,10
motion_blur,4,159,0.6666666666666666,0.8,0.7272727272727272,10
motion_blur,4,160,0.5833333333333334,0.7,0.6363636363636365,10
motion_blur,4,161,0.4166666666666667,0.5,0.45454545454545453,10
motion_blur,4,162,0.5,0.4,0.4444444444444445,10
motion_blur,4,163,0.8181818181818182,0.9,0.8571428571428572,10
motion_blur,4,164,0.8571428571428571,0.6,0.7058823529411764,10
motion_blur,4,165,0.3076923076923077,0.4,0.34782608695652173,10
motion_blur,4,166,0.625,0.5,0.5555555555555556,10
motion_blur,4,167,1.0,0.8,0.888888888888889,10
motion_blur,4,168,0.7777777777777778,0.7,0.7368421052631577,10
motion_blur,4,169,1.0,0.6,0.7499999999999999,10
motion_blur,4,170,0.3333333333333333,0.8,0.47058823529411764,10
motion_blur,4,171,0.75,0.6,0.6666666666666665,10
motion_blur,4,172,0.9,0.9,0.9,10
motion_blur,4,173,0.75,0.6,0.6666666666666665,10
motion_blur,4,174,1.0,0.3,0.4615384615384615,10
motion_blur,4,175,0.5714285714285714,0.4,0.47058823529411764,10
motion_blur,4,176,0.8571428571428571,0.6,0.7058823529411764,10
motion_blur,4,177,0.5833333333333334,0.7,0.6363636363636365,10
motion_blur,4,178,0.46153846153846156,0.6,0.5217391304347826,10
motion_blur,4,179,0.6666666666666666,0.6,0.631578947368421,10
motion_blur,4,180,0.5,0.3,0.37499999999999994,10
motion_blur,4,181,0.4444444444444444,0.4,0.4210526315789474,10
motion_blur,4,182,1.0,0.3,0.4615384615384615,10
motion_blur,4,183,0.8333333333333334,0.5,0.625,10
motion_blur,4,184,1.0,0.8,0.888888888888889,10
motion_blur,4,185,0.5384615384615384,0.7,0.608695652173913,10
motion_blur,4,186,0.9,0.9,0.9,10
motion_blur,4,187,0.42857142857142855,0.6,0.5,10
motion_blur,4,188,0.25,0.5,0.3333333333333333,10
motion_blur,4,189,0.9090909090909091,1.0,0.9523809523809523,10
motion_blur,4,190,0.42857142857142855,0.9,0.5806451612903225,10
motion_blur,4,191,0.3684210526315789,0.7,0.48275862068965514,10
motion_blur,4,192,0.8888888888888888,0.8,0.8421052631578948,10
motion_blur,4,193,0.42857142857142855,0.3,0.3529411764705882,10
motion_blur,4,194,0.5294117647058824,0.9,0.6666666666666667,10
motion_blur,4,195,0.5333333333333333,0.8,0.64,10
motion_blur,4,196,0.6666666666666666,1.0,0.8,10
motion_blur,4,197,0.625,0.5,0.5555555555555556,10
motion_blur,4,198,0.25,0.2,0.22222222222222224,10
motion_blur,4,199,0.4,0.2,0.26666666666666666,10
motion_blur,4,200,0.47058823529411764,0.8,0.5925925925925927,10
motion_blur,4,201,1.0,0.5,0.6666666666666666,10
motion_blur,4,202,0.34782608695652173,0.8,0.48484848484848486,10
motion_blur,4,203,0.5,0.7,0.5833333333333334,10
motion_blur,4,204,0.3888888888888889,0.7,0.5,10
motion_blur,4,205,0.6923076923076923,0.9,0.7826086956521738,10
motion_blur,4,206,0.8,0.4,0.5333333333333333,10
motion_blur,4,207,0.42105263157894735,0.8,0.5517241379310345,10
motion_blur,4,208,0.8571428571428571,0.6,0.7058823529411764,10
motion_blur,4,209,1.0,0.6,0.7499999999999999,10
motion_blur,4,210,0.8,0.8,0.8000000000000002,10
motion_blur,4,211,0.75,0.9,0.8181818181818182,10
motion_blur,4,212,0.625,0.5,0.5555555555555556,10
motion_blur,4,213,0.5454545454545454,0.6,0.5714285714285713,10
motion_blur,4,214,0.625,0.5,0.5555555555555556,10
motion_blur,4,215,0.35714285714285715,0.5,0.41666666666666663,10
motion_blur,4,216,0.6666666666666666,0.6,0.631578947368421,10
motion_blur,4,217,0.5,0.3,0.37499999999999994,10
motion_blur,4,218,0.6153846153846154,0.8,0.6956521739130435,10
motion_blur,4,219,0.6,0.6,0.6,10
motion_blur,4,220,0.38095238095238093,0.8,0.5161290322580645,10
motion_blur,4,221,0.875,0.7,0.7777777777777777,10
motion_blur,4,222,0.47368421052631576,0.9,0.6206896551724138,10
motion_blur,4,223,0.9,0.9,0.9,10
motion_blur,4,224,0.5555555555555556,0.5,0.5263157894736842,10
motion_blur,4,225,0.3103448275862069,0.9,0.4615384615384615,10
motion_blur,4,226,0.8,0.8,0.8000000000000002,10
motion_blur,4,227,0.2,0.4,0.26666666666666666,10
motion_blur,4,228,0.36363636363636365,0.4,0.380952380952381,10
motion_blur,4,229,0.6363636363636364,0.7,0.6666666666666666,10
motion_blur,4,230,0.5714285714285714,0.8,0.6666666666666666,10
motion_blur,4,231,0.5384615384615384,0.7,0.608695652173913,10
motion_blur,4,232,0.6666666666666666,0.2,0.30769230769230765,10
motion_blur,4,233,0.8333333333333334,0.5,0.625,10
motion_blur,4,234,1.0,0.5,0.6666666666666666,10
motion_blur,4,235,0.8333333333333334,0.5,0.625,10
motion_blur,4,236,0.375,0.6,0.4615384615384615,10
motion_blur,4,237,0.8,0.8,0.8000000000000002,10
motion_blur,4,238,0.8181818181818182,0.9,0.8571428571428572,10
motion_blur,4,239,1.0,0.5,0.6666666666666666,10
motion_blur,4,240,0.875,0.7,0.7777777777777777,10
motion_blur,4,241,0.14583333333333334,0.7,0.2413793103448276,10
motion_blur,4,242,1.0,0.5,0.6666666666666666,10
motion_blur,4,243,0.9090909090909091,1.0,0.9523809523809523,10
motion_blur,4,244,0.875,0.7,0.7777777777777777,10
motion_blur,4,245,0.6363636363636364,0.7,0.6666666666666666,10
motion_blur,4,246,0.3333333333333333,0.1,0.15384615384615383,10
motion_blur,4,247,0.4,0.2,0.26666666666666666,10
motion_blur,4,248,1.0,0.6,0.7499999999999999,10
motion_blur,4,249,0.5833333333333334,0.7,0.6363636363636365,10
motion_blur,4,250,0.7777777777777778,0.7,0.7368421052631577,10
motion_blur,4,251,0.9,0.9,0.9,10
motion_blur,4,252,0.8571428571428571,0.6,0.7058823529411764,10
motion_blur,4,253,0.23529411764705882,0.4,0.29629629629629634,10
motion_blur,4,254,0.36,0.9,0.5142857142857143,10
motion_blur,4,255,0.2903225806451613,0.9,0.4390243902439024,10
motion_blur,4,256,0.5454545454545454,0.6,0.5714285714285713,10
motion_blur,4,257,0.5333333333333333,0.8,0.64,10
motion_blur,4,258,0.7,0.7,0.7,10
motion_blur,4,259,0.4,0.6,0.48,10
motion_blur,4,260,0.6363636363636364,0.7,0.6666666666666666,10
motion_blur,4,261,0.5,1.0,0.6666666666666666,10
motion_blur,4,262,0.5882352941176471,1.0,0.7407407407407407,10
motion_blur,4,263,0.45,0.9,0.6,10
motion_blur,4,264,0.7692307692307693,1.0,0.8695652173913044,10
motion_blur,4,265,0.2857142857142857,0.4,0.3333333333333333,10
motion_blur,4,266,0.8571428571428571,0.6,0.7058823529411764,10
motion_blur,4,267,1.0,0.7,0.8235294117647058,10
motion_blur,4,268,0.8,0.8,0.8000000000000002,10
motion_blur,4,269,0.75,0.9,0.8181818181818182,10
motion_blur,4,270,0.6153846153846154,0.8,0.6956521739130435,10
motion_blur,4,271,0.6666666666666666,0.6,0.631578947368421,10
motion_blur,4,272,0.5833333333333334,0.7,0.6363636363636365,10
motion_blur,4,273,0.6363636363636364,0.7,0.6666666666666666,10
motion_blur,4,274,1.0,0.4,0.5714285714285715,10
motion_blur,4,275,0.6153846153846154,0.8,0.6956521739130435,10
motion_blur,4,276,0.6666666666666666,0.6,0.631578947368421,10
motion_blur,4,277,0.8,0.4,0.5333333333333333,10
motion_blur,4,278,0.42857142857142855,0.3,0.3529411764705882,10
motion_blur,4,279,0.8333333333333334,1.0,0.9090909090909091,10
motion_blur,4,280,1.0,0.4,0.5714285714285715,10
motion_blur,4,281,0.9,0.9,0.9,10
motion_blur,4,282,1.0,0.6,0.7499999999999999,10
motion_blur,4,283,1.0,0.6,0.7499999999999999,10
motion_blur,4,284,0.7777777777777778,0.7,0.7368421052631577,10
motion_blur,4,285,1.0,0.9,0.9473684210526316,10
motion_blur,4,286,0.8,0.8,0.8000000000000002,10
motion_blur,4,287,1.0,0.2,0.33333333333333337,10
motion_blur,4,288,0.75,0.9,0.8181818181818182,10
motion_blur,4,289,1.0,0.2,0.33333333333333337,10
motion_blur,4,290,0.875,0.7,0.7777777777777777,10
motion_blur,4,291,1.0,1.0,1.0,10
motion_blur,4,292,0.6923076923076923,0.9,0.7826086956521738,10
motion_blur,4,293,0.8888888888888888,0.8,0.8421052631578948,10
motion_blur,4,294,0.875,0.7,0.7777777777777777,10
motion_blur,4,295,1.0,0.5,0.6666666666666666,10
motion_blur,4,296,0.7142857142857143,1.0,0.8333333333333333,10
motion_blur,4,297,1.0,0.4,0.5714285714285715,10
motion_blur,4,298,1.0,0.9,0.9473684210526316,10
motion_blur,4,299,0.625,1.0,0.7692307692307693,10
motion_blur,4,300,0.8181818181818182,0.9,0.8571428571428572,10
motion_blur,4,301,1.0,0.8,0.888888888888889,10
motion_blur,4,302,1.0,1.0,1.0,10
motion_blur,4,303,0.6,0.9,0.7200000000000001,10
motion_blur,4,304,1.0,0.7,0.8235294117647058,10
motion_blur,4,305,1.0,0.5,0.6666666666666666,10
motion_blur,4,306,0.75,0.6,0.6666666666666665,10
motion_blur,4,307,0.9090909090909091,1.0,0.9523809523809523,10
motion_blur,4,308,0.6363636363636364,0.7,0.6666666666666666,10
motion_blur,4,309,0.5333333333333333,0.8,0.64,10
motion_blur,4,310,1.0,0.8,0.888888888888889,10
motion_blur,4,311,0.8571428571428571,0.6,0.7058823529411764,10
motion_blur,4,312,0.8,0.8,0.8000000000000002,10
motion_blur,4,313,0.8,0.8,0.8000000000000002,10
motion_blur,4,314,0.7272727272727273,0.8,0.761904761904762,10
motion_blur,4,315,0.6363636363636364,0.7,0.6666666666666666,10
motion_blur,4,316,0.8181818181818182,0.9,0.8571428571428572,10
motion_blur,4,317,1.0,0.5,0.6666666666666666,10
motion_blur,4,318,0.42857142857142855,0.3,0.3529411764705882,10
motion_blur,4,319,1.0,0.9,0.9473684210526316,10
motion_blur,4,320,1.0,0.9,0.9473684210526316,10
motion_blur,4,321,0.8888888888888888,0.8,0.8421052631578948,10
motion_blur,4,322,0.21052631578947367,0.4,0.27586206896551724,10
motion_blur,4,323,1.0,0.6,0.7499999999999999,10
motion_blur,4,324,1.0,0.8,0.888888888888889,10
motion_blur,4,325,0.7777777777777778,0.7,0.7368421052631577,10
motion_blur,4,326,0.47058823529411764,0.8,0.5925925925925927,10
motion_blur,4,327,0.5384615384615384,0.7,0.608695652173913,10
motion_blur,4,328,0.875,0.7,0.7777777777777777,10
motion_blur,4,329,0.8888888888888888,0.8,0.8421052631578948,10
motion_blur,4,330,0.3181818181818182,0.7,0.4375,10
motion_blur,4,331,1.0,0.8,0.888888888888889,10
motion_blur,4,332,0.25,0.2,0.22222222222222224,10
motion_blur,4,333,0.4166666666666667,0.5,0.45454545454545453,10
motion_blur,4,334,0.6,0.3,0.4,10
motion_blur,4,335,1.0,0.4,0.5714285714285715,10
motion_blur,4,336,0.625,0.5,0.5555555555555556,10
motion_blur,4,337,0.5384615384615384,0.7,0.608695652173913,10
motion_blur,4,338,0.47058823529411764,0.8,0.5925925925925927,10
motion_blur,4,339,0.7777777777777778,0.7,0.7368421052631577,10
motion_blur,4,340,0.75,0.6,0.6666666666666665,10
motion_blur,4,341,0.4444444444444444,0.8,0.5714285714285714,10
motion_blur,4,342,0.7692307692307693,1.0,0.8695652173913044,10
motion_blur,4,343,0.8571428571428571,0.6,0.7058823529411764,10
motion_blur,4,344,0.5,0.8,0.6153846153846154,10
motion_blur,4,345,0.9,0.9,0.9,10
motion_blur,4,346,0.8,0.4,0.5333333333333333,10
motion_blur,4,347,0.8571428571428571,0.6,0.7058823529411764,10
motion_blur,4,348,0.5,0.8,0.6153846153846154,10
motion_blur,4,349,1.0,0.4,0.5714285714285715,10
motion_blur,4,350,0.8333333333333334,1.0,0.9090909090909091,10
motion_blur,4,351,0.875,0.7,0.7777777777777777,10
motion_blur,4,352,0.9,0.9,0.9,10
motion_blur,4,353,0.5,0.5,0.5,10
motion_blur,4,354,1.0,0.6,0.7499999999999999,10
motion_blur,4,355,1.0,0.5,0.6666666666666666,10
motion_blur,4,356,1.0,0.8,0.888888888888889,10
motion_blur,4,357,0.5454545454545454,0.6,0.5714285714285713,10
motion_blur,4,358,1.0,0.8,0.888888888888889,10
motion_blur,4,359,0.47058823529411764,0.8,0.5925925925925927,10
motion_blur,4,360,0.8888888888888888,0.8,0.8421052631578948,10
motion_blur,4,361,0.7272727272727273,0.8,0.761904761904762,10
motion_blur,4,362,0.8888888888888888,0.8,0.8421052631578948,10
motion_blur,4,363,0.5333333333333333,0.8,0.64,10
motion_blur,4,364,1.0,0.8,0.888888888888889,10
motion_blur,4,365,1.0,0.7,0.8235294117647058,10
motion_blur,4,366,0.5333333333333333,0.8,0.64,10
motion_blur,4,367,0.8,0.4,0.5333333333333333,10
motion_blur,4,368,0.6153846153846154,0.8,0.6956521739130435,10
motion_blur,4,369,0.7777777777777778,0.7,0.7368421052631577,10
motion_blur,4,370,0.75,0.9,0.8181818181818182,10
motion_blur,4,371,0.8333333333333334,0.5,0.625,10
motion_blur,4,372,0.6666666666666666,0.6,0.631578947368421,10
motion_blur,4,373,1.0,0.5,0.6666666666666666,10
motion_blur,4,374,0.5,0.5,0.5,10
motion_blur,4,375,1.0,0.8,0.888888888888889,10
motion_blur,4,376,0.9090909090909091,1.0,0.9523809523809523,10
motion_blur,4,377,0.5833333333333334,0.7,0.6363636363636365,10
motion_blur,4,378,1.0,0.7,0.8235294117647058,10
motion_blur,4,379,0.3333333333333333,0.4,0.3636363636363636,10
motion_blur,4,380,0.8888888888888888,0.8,0.8421052631578948,10
motion_blur,4,381,0.5,0.4,0.4444444444444445,10
motion_blur,4,382,1.0,0.7,0.8235294117647058,10
motion_blur,4,383,1.0,0.7,0.8235294117647058,10
motion_blur,4,384,0.7272727272727273,0.8,0.761904761904762,10
motion_blur,4,385,0.8571428571428571,0.6,0.7058823529411764,10
motion_blur,4,386,0.47619047619047616,1.0,0.6451612903225806,10
motion_blur,4,387,0.5714285714285714,0.4,0.47058823529411764,10
motion_blur,4,388,0.4,0.2,0.26666666666666666,10
motion_blur,4,389,1.0,0.4,0.5714285714285715,10
motion_blur,4,390,1.0,0.6,0.7499999999999999,10
motion_blur,4,391,0.7777777777777778,0.7,0.7368421052631577,10
motion_blur,4,392,0.7142857142857143,0.5,0.588235294117647,10
motion_blur,4,393,0.7,0.7,0.7,10
motion_blur,4,394,0.75,0.6,0.6666666666666665,10
motion_blur,4,395,0.5,0.8,0.6153846153846154,10
motion_blur,4,396,1.0,0.9,0.9473684210526316,10
motion_blur,4,397,1.0,1.0,1.0,10
motion_blur,4,398,0.6363636363636364,0.7,0.6666666666666666,10
motion_blur,4,399,0.5384615384615384,0.7,0.608695652173913,10
motion_blur,4,400,0.75,0.6,0.6666666666666665,10
motion_blur,4,401,0.6923076923076923,0.9,0.7826086956521738,10
motion_blur,4,402,1.0,0.8,0.888888888888889,10
motion_blur,4,403,1.0,0.7,0.8235294117647058,10
motion_blur,4,404,1.0,0.6,0.7499999999999999,10
motion_blur,4,405,0.875,0.7,0.7777777777777777,10
motion_blur,4,406,0.6428571428571429,0.9,0.75,10
motion_blur,4,407,0.7272727272727273,0.8,0.761904761904762,10
motion_blur,4,408,0.5714285714285714,0.8,0.6666666666666666,10
motion_blur,4,409,0.6428571428571429,0.9,0.75,10
motion_blur,4,410,0.16666666666666666,0.2,0.1818181818181818,10
motion_blur,4,411,1.0,0.8,0.888888888888889,10
motion_blur,4,412,0.75,0.6,0.6666666666666665,10
motion_blur,4,413,0.6666666666666666,0.8,0.7272727272727272,10
motion_blur,4,414,0.32142857142857145,0.9,0.4736842105263158,10
motion_blur,4,415,0.75,0.6,0.6666666666666665,10
motion_blur,4,416,0.75,0.6,0.6666666666666665,10
motion_blur,4,417,0.75,0.6,0.6666666666666665,10
motion_blur,4,418,0.9,0.9,0.9,10
motion_blur,4,419,0.8,0.8,0.8000000000000002,10
motion_blur,4,420,0.2916666666666667,0.7,0.4117647058823529,10
motion_blur,4,421,1.0,0.5,0.6666666666666666,10
motion_blur,4,422,1.0,0.7,0.8235294117647058,10
motion_blur,4,423,0.4,0.6,0.48,10
motion_blur,4,424,1.0,1.0,1.0,10
motion_blur,4,425,0.7692307692307693,1.0,0.8695652173913044,10
motion_blur,4,426,0.7272727272727273,0.8,0.761904761904762,10
motion_blur,4,427,0.6363636363636364,0.7,0.6666666666666666,10
motion_blur,4,428,0.5454545454545454,0.6,0.5714285714285713,10
motion_blur,4,429,1.0,0.2,0.33333333333333337,10
motion_blur,4,430,0.8571428571428571,0.6,0.7058823529411764,10
motion_blur,4,431,0.5333333333333333,0.8,0.64,10
motion_blur,4,432,0.6666666666666666,0.8,0.7272727272727272,10
motion_blur,4,433,1.0,0.7,0.8235294117647058,10
motion_blur,4,434,1.0,0.6,0.7499999999999999,10
motion_blur,4,435,0.6666666666666666,0.6,0.631578947368421,10
motion_blur,4,436,1.0,0.4,0.5714285714285715,10
motion_blur,4,437,0.8571428571428571,0.6,0.7058823529411764,10
motion_blur,4,438,0.7,0.7,0.7,10
motion_blur,4,439,0.7142857142857143,0.5,0.588235294117647,10
motion_blur,4,440,0.8181818181818182,0.9,0.8571428571428572,10
motion_blur,4,441,1.0,0.4,0.5714285714285715,10
motion_blur,4,442,0.5,0.4,0.4444444444444445,10
motion_blur,4,443,1.0,0.9,0.9473684210526316,10
motion_blur,4,444,1.0,0.5,0.6666666666666666,10
motion_blur,4,445,1.0,0.9,0.9473684210526316,10
motion_blur,4,446,0.875,0.7,0.7777777777777777,10
motion_blur,4,447,0.8181818181818182,0.9,0.8571428571428572,10
motion_blur,4,448,0.7272727272727273,0.8,0.761904761904762,10
motion_blur,4,449,0.6,0.3,0.4,10
motion_blur,4,450,1.0,0.9,0.9473684210526316,10
motion_blur,4,451,0.75,0.6,0.6666666666666665,10
motion_blur,4,452,0.9,0.9,0.9,10
motion_blur,4,453,0.7,0.7,0.7,10
motion_blur,4,454,1.0,0.8,0.888888888888889,10
motion_blur,4,455,0.6,0.3,0.4,10
motion_blur,4,456,0.5,0.8,0.6153846153846154,10
motion_blur,4,457,1.0,0.9,0.9473684210526316,10
motion_blur,4,458,1.0,0.5,0.6666666666666666,10
motion_blur,4,459,0.8888888888888888,0.8,0.8421052631578948,10
motion_blur,4,460,1.0,0.8,0.888888888888889,10
motion_blur,4,461,0.9,0.9,0.9,10
motion_blur,4,462,0.8333333333333334,0.5,0.625,10
motion_blur,4,463,0.4444444444444444,0.8,0.5714285714285714,10
motion_blur,4,464,1.0,0.9,0.9473684210526316,10
motion_blur,4,465,0.2631578947368421,0.5,0.3448275862068966,10
motion_blur,4,466,0.2222222222222222,0.2,0.2105263157894737,10
motion_blur,4,467,0.375,0.3,0.33333333333333326,10
motion_blur,4,468,0.5714285714285714,0.4,0.47058823529411764,10
motion_blur,4,469,0.8,0.8,0.8000000000000002,10
motion_blur,4,470,0.8333333333333334,0.5,0.625,10
motion_blur,4,471,1.0,0.8,0.888888888888889,10
motion_blur,4,472,0.5,0.4,0.4444444444444445,10
motion_blur,4,473,1.0,0.5,0.6666666666666666,10
motion_blur,4,474,1.0,0.6,0.7499999999999999,10
motion_blur,4,475,0.75,0.6,0.6666666666666665,10
motion_blur,4,476,0.45454545454545453,0.5,0.47619047619047616,10
motion_blur,4,477,0.75,0.3,0.4285714285714285,10
motion_blur,4,478,0.75,0.6,0.6666666666666665,10
motion_blur,4,479,0.8571428571428571,0.6,0.7058823529411764,10
motion_blur,4,480,0.8571428571428571,0.6,0.7058823529411764,10
motion_blur,4,481,0.7,0.7,0.7,10
motion_blur,4,482,0.6666666666666666,0.8,0.7272727272727272,10
motion_blur,4,483,0.4666666666666667,0.7,0.56,10
motion_blur,4,484,0.5555555555555556,0.5,0.5263157894736842,10
motion_blur,4,485,1.0,0.8,0.888888888888889,10
motion_blur,4,486,0.7272727272727273,0.8,0.761904761904762,10
motion_blur,4,487,0.7,0.7,0.7,10
motion_blur,4,488,0.8571428571428571,0.6,0.7058823529411764,10
motion_blur,4,489,0.9090909090909091,1.0,0.9523809523809523,10
motion_blur,4,490,0.6153846153846154,0.8,0.6956521739130435,10
motion_blur,4,491,0.9,0.9,0.9,10
motion_blur,4,492,0.75,0.9,0.8181818181818182,10
motion_blur,4,493,0.75,0.6,0.6666666666666665,10
motion_blur,4,494,0.5384615384615384,0.7,0.608695652173913,10
motion_blur,4,495,0.25,0.3,0.2727272727272727,10
motion_blur,4,496,0.375,0.6,0.4615384615384615,10
motion_blur,4,497,0.6,0.3,0.4,10
motion_blur,4,498,0.5384615384615384,0.7,0.608695652173913,10
motion_blur,4,499,0.6666666666666666,0.4,0.5,10
brightness,1,000,1.0,1.0,1.0,10
brightness,1,001,1.0,0.8,0.888888888888889,10
brightness,1,002,0.7692307692307693,1.0,0.8695652173913044,10
brightness,1,003,1.0,1.0,1.0,10
brightness,1,004,0.8333333333333334,1.0,0.9090909090909091,10
brightness,1,005,1.0,0.7,0.8235294117647058,10
brightness,1,006,0.8333333333333334,1.0,0.9090909090909091,10
brightness,1,007,0.7692307692307693,1.0,0.8695652173913044,10
brightness,1,008,0.875,0.7,0.7777777777777777,10
brightness,1,009,0.9090909090909091,1.0,0.9523809523809523,10
brightness,1,010,0.9090909090909091,1.0,0.9523809523809523,10
brightness,1,011,0.9,0.9,0.9,10
brightness,1,012,0.9090909090909091,1.0,0.9523809523809523,10
brightness,1,013,0.9090909090909091,1.0,0.9523809523809523,10
brightness,1,014,1.0,0.9,0.9473684210526316,10
brightness,1,015,1.0,1.0,1.0,10
brightness,1,016,1.0,0.9,0.9473684210526316,10
brightness,1,017,1.0,0.9,0.9473684210526316,10
brightness,1,018,1.0,1.0,1.0,10
brightness,1,019,1.0,1.0,1.0,10
brightness,1,020,1.0,0.9,0.9473684210526316,10
brightness,1,021,0.9090909090909091,1.0,0.9523809523809523,10
brightness,1,022,0.8,0.8,0.8000000000000002,10
brightness,1,023,0.7692307692307693,1.0,0.8695652173913044,10
brightness,1,024,1.0,1.0,1.0,10
brightness,1,025,1.0,0.9,0.9473684210526316,10
brightness,1,026,0.9,0.9,0.9,10
brightness,1,027,1.0,0.9,0.9473684210526316,10
brightness,1,028,0.8888888888888888,0.8,0.8421052631578948,10
brightness,1,029,1.0,0.9,0.9473684210526316,10
brightness,1,030,1.0,1.0,1.0,10
brightness,1,031,0.8888888888888888,0.8,0.8421052631578948,10
brightness,1,032,0.75,0.9,0.8181818181818182,10
brightness,1,033,0.9,0.9,0.9,10
brightness,1,034,1.0,1.0,1.0,10
brightness,1,035,1.0,0.9,0.9473684210526316,10
brightness,1,036,1.0,0.9,0.9473684210526316,10
brightness,1,037,1.0,0.9,0.9473684210526316,10
brightness,1,038,0.875,0.7,0.7777777777777777,10
brightness,1,039,0.8888888888888888,0.8,0.8421052631578948,10
brightness,1,040,1.0,1.0,1.0,10
brightness,1,041,1.0,1.0,1.0,10
brightness,1,042,0.9,0.9,0.9,10
brightness,1,043,1.0,0.9,0.9473684210526316,10
brightness,1,044,0.9090909090909091,1.0,0.9523809523809523,10
brightness,1,045,1.0,1.0,1.0,10
brightness,1,046,0.9,0.9,0.9,10
brightness,1,047,1.0,0.8,0.888888888888889,10
brightness,1,048,0.9,0.9,0.9,10
brightness,1,049,0.7272727272727273,0.8,0.761904761904762,10
brightness,1,050,0.9,0.9,0.9,10
brightness,1,051,1.0,1.0,1.0,10
brightness,1,052,1.0,0.8,0.888888888888889,10
brightness,1,053,1.0,0.9,0.9473684210526316,10
brightness,1,054,0.8,0.8,0.8000000000000002,10
brightness,1,055,0.9,0.9,0.9,10
brightness,1,056,1.0,1.0,1.0,10
brightness,1,057,0.9090909090909091,1.0,0.9523809523809523,10
brightness,1,058,1.0,1.0,1.0,10
brightness,1,059,1.0,1.0,1.0,10
brightness,1,060,1.0,1.0,1.0,10
brightness,1,061,0.9090909090909091,1.0,0.9523809523809523,10
brightness,1,062,1.0,1.0,1.0,10
brightness,1,063,1.0,1.0,1.0,10
brightness,1,064,1.0,0.7,0.8235294117647058,10
brightness,1,065,1.0,0.9,0.9473684210526316,10
brightness,1,066,0.8333333333333334,1.0,0.9090909090909091,10
brightness,1,067,0.875,0.7,0.7777777777777777,10
brightness,1,068,1.0,1.0,1.0,10
brightness,1,069,0.7777777777777778,0.7,0.7368421052631577,10
brightness,1,070,0.9090909090909091,1.0,0.9523809523809523,10
brightness,1,071,0.6923076923076923,0.9,0.7826086956521738,10
brightness,1,072,1.0,0.9,0.9473684210526316,10
brightness,1,073,0.9090909090909091,1.0,0.9523809523809523,10
brightness,1,074,0.9,0.9,0.9,10
brightness,1,075,0.9,0.9,0.9,10
brightness,1,076,1.0,0.8,0.888888888888889,10
brightness,1,077,1.0,1.0,1.0,10
brightness,1,078,1.0,0.9,0.9473684210526316,10
brightness,1,079,0.8,0.8,0.8000000000000002,10
brightness,1,080,1.0,1.0,1.0,10
brightness,1,081,1.0,0.9,0.9473684210526316,10
brightness,1,082,1.0,1.0,1.0,10
brightness,1,083,1.0,1.0,1.0,10
brightness,1,084,0.8571428571428571,0.6,0.7058823529411764,10
brightness,1,085,0.9090909090909091,1.0,0.9523809523809523,10
brightness,1,086,0.9090909090909091,1.0,0.9523809523809523,10
brightness,1,087,0.8333333333333334,1.0,0.9090909090909091,10
brightness,1,088,0.75,0.9,0.8181818181818182,10
brightness,1,089,1.0,1.0,1.0,10
brightness,1,090,1.0,0.7,0.8235294117647058,10
brightness,1,091,1.0,1.0,1.0,10
brightness,1,092,1.0,0.9,0.9473684210526316,10
brightness,1,093,1.0,1.0,1.0,10
brightness,1,094,0.625,1.0,0.7692307692307693,10
brightness,1,095,1.0,1.0,1.0,10
brightness,1,096,1.0,0.9,0.9473684210526316,10
brightness,1,097,1.0,0.9,0.9473684210526316,10
brightness,1,098,0.9090909090909091,1.0,0.9523809523809523,10
brightness,1,099,0.8181818181818182,0.9,0.8571428571428572,10
brightness,1,100,0.9090909090909091,1.0,0.9523809523809523,10
brightness,1,101,1.0,1.0,1.0,10
brightness,1,102,1.0,0.9,0.9473684210526316,10
brightness,1,103,1.0,0.8,0.888888888888889,10
brightness,1,104,1.0,0.9,0.9473684210526316,10
brightness,1,105,1.0,1.0,1.0,10
brightness,1,106,1.0,0.7,0.8235294117647058,10
brightness,1,107,0.9090909090909091,1.0,0.9523809523809523,10
brightness,1,108,1.0,1.0,1.0,10
brightness,1,109,0.8181818181818182,0.9,0.8571428571428572,10
brightness,1,110,1.0,0.8,0.888888888888889,10
brightness,1,111,0.9,0.9,0.9,10
brightness,1,112,1.0,1.0,1.0,10
brightness,1,113,1.0,1.0,1.0,10
brightness,1,114,1.0,1.0,1.0,10
brightness,1,115,1.0,0.8,0.888888888888889,10
brightness,1,116,1.0,1.0,1.0,10
brightness,1,117,1.0,1.0,1.0,10
brightness,1,118,1.0,0.9,0.9473684210526316,10
brightness,1,119,1.0,0.7,0.8235294117647058,10
brightness,1,120,1.0,1.0,1.0,10
brightness,1,121,0.5384615384615384,0.7,0.608695652173913,10
brightness,1,122,0.625,0.5,0.5555555555555556,10
brightness,1,123,0.9,0.9,0.9,10
brightness,1,124,1.0,1.0,1.0,10
brightness,1,125,0.9,0.9,0.9,10
brightness,1,126,1.0,0.9,0.9473684210526316,10
brightness,1,127,1.0,0.7,0.8235294117647058,10
brightness,1,128,0.8571428571428571,0.6,0.7058823529411764,10
brightness,1,129,0.8888888888888888,0.8,0.8421052631578948,10
brightness,1,130,0.7272727272727273,0.8,0.761904761904762,10
brightness,1,131,0.75,0.9,0.8181818181818182,10
brightness,1,132,1.0,1.0,1.0,10
brightness,1,133,0.8,0.8,0.8000000000000002,10
brightness,1,134,1.0,1.0,1.0,10
brightness,1,135,0.7692307692307693,1.0,0.8695652173913044,10
brightness,1,136,0.9090909090909091,1.0,0.9523809523809523,10
brightness,1,137,0.8333333333333334,1.0,0.9090909090909091,10
brightness,1,138,1.0,0.7,0.8235294117647058,10
brightness,1,139,0.75,0.6,0.6666666666666665,10
brightness,1,140,0.8,0.8,0.8000000000000002,10
brightness,1,141,0.8333333333333334,1.0,0.9090909090909091,10
brightness,1,142,1.0,0.9,0.9473684210526316,10
brightness,1,143,0.875,0.7,0.7777777777777777,10
brightness,1,144,1.0,1.0,1.0,10
brightness,1,145,0.9090909090909091,1.0,0.9523809523809523,10
brightness,1,146,1.0,1.0,1.0,10
brightness,1,147,1.0,0.9,0.9473684210526316,10
brightness,1,148,1.0,1.0,1.0,10
brightness,1,149,1.0,0.9,0.9473684210526316,10
brightness,1,150,0.9,0.9,0.9,10
brightness,1,151,0.9090909090909091,1.0,0.9523809523809523,10
brightness,1,152,0.8181818181818182,0.9,0.8571428571428572,10
brightness,1,153,0.9090909090909091,1.0,0.9523809523809523,10
brightness,1,154,0.9,0.9,0.9,10
brightness,1,155,0.7777777777777778,0.7,0.7368421052631577,10
brightness,1,156,0.6,0.6,0.6,10
brightness,1,157,0.4,0.2,0.26666666666666666,10
brightness,1,158,0.8333333333333334,0.5,0.625,10
brightness,1,159,0.7272727272727273,0.8,0.761904761904762,10
brightness,1,160,0.5,0.7,0.5833333333333334,10
brightness,1,161,0.5384615384615384,0.7,0.608695652173913,10
brightness,1,162,1.0,0.9,0.9473684210526316,10
brightness,1,163,0.8333333333333334,1.0,0.9090909090909091,10
brightness,1,164,0.75,0.9,0.8181818181818182,10
brightness,1,165,0.6363636363636364,0.7,0.6666666666666666,10
brightness,1,166,0.75,0.6,0.6666666666666665,10
brightness,1,167,1.0,0.8,0.888888888888889,10
brightness,1,168,0.8888888888888888,0.8,0.8421052631578948,10
brightness,1,169,0.7272727272727273,0.8,0.761904761904762,10
brightness,1,170,0.8333333333333334,1.0,0.9090909090909091,10
brightness,1,171,0.9,0.9,0.9,10
brightness,1,172,1.0,0.9,0.9473684210526316,10
brightness,1,173,1.0,0.9,0.9473684210526316,10
brightness,1,174,0.8888888888888888,0.8,0.8421052631578948,10
brightness,1,175,0.8888888888888888,0.8,0.8421052631578948,10
brightness,1,176,0.7142857142857143,1.0,0.8333333333333333,10
brightness,1,177,1.0,0.8,0.888888888888889,10
brightness,1,178,0.7142857142857143,0.5,0.588235294117647,10
brightness,1,179,0.875,0.7,0.7777777777777777,10
brightness,1,180,0.6,0.6,0.6,10
brightness,1,181,0.8888888888888888,0.8,0.8421052631578948,10
brightness,1,182,0.6363636363636364,0.7,0.6666666666666666,10
brightness,1,183,0.9090909090909091,1.0,0.9523809523809523,10
brightness,1,184,1.0,0.8,0.888888888888889,10
brightness,1,185,0.6923076923076923,0.9,0.7826086956521738,10
brightness,1,186,0.75,0.9,0.8181818181818182,10
brightness,1,187,0.6363636363636364,0.7,0.6666666666666666,10
brightness,1,188,1.0,0.8,0.888888888888889,10
brightness,1,189,1.0,1.0,1.0,10
brightness,1,190,0.7272727272727273,0.8,0.761904761904762,10
brightness,1,191,0.9090909090909091,1.0,0.9523809523809523,10
brightness,1,192,1.0,0.8,0.888888888888889,10
brightness,1,193,1.0,0.6,0.7499999999999999,10
brightness,1,194,0.9,0.9,0.9,10
brightness,1,195,0.8,0.8,0.8000000000000002,10
brightness,1,196,0.9090909090909091,1.0,0.9523809523809523,10
brightness,1,197,0.7,0.7,0.7,10
brightness,1,198,0.75,0.6,0.6666666666666665,10
brightness,1,199,0.8888888888888888,0.8,0.8421052631578948,10
brightness,1,200,0.8888888888888888,0.8,0.8421052631578948,10
brightness,1,201,1.0,0.9,0.9473684210526316,10
brightness,1,202,0.7,0.7,0.7,10
brightness,1,203,0.6666666666666666,0.8,0.7272727272727272,10
brightness,1,204,0.6666666666666666,0.8,0.7272727272727272,10
brightness,1,205,0.7692307692307693,1.0,0.8695652173913044,10
brightness,1,206,0.875,0.7,0.7777777777777777,10
brightness,1,207,0.75,0.9,0.8181818181818182,10
brightness,1,208,0.9,0.9,0.9,10
brightness,1,209,0.9,0.9,0.9,10
brightness,1,210,0.6666666666666666,1.0,0.8,10
brightness,1,211,0.8333333333333334,1.0,0.9090909090909091,10
brightness,1,212,0.875,0.7,0.7777777777777777,10
brightness,1,213,1.0,0.8,0.888888888888889,10
brightness,1,214,0.7,0.7,0.7,10
brightness,1,215,0.6666666666666666,0.8,0.7272727272727272,10
brightness,1,216,0.8888888888888888,0.8,0.8421052631578948,10
brightness,1,217,1.0,0.5,0.6666666666666666,10
brightness,1,218,0.9,0.9,0.9,10
brightness,1,219,0.875,0.7,0.7777777777777777,10
brightness,1,220,0.6428571428571429,0.9,0.75,10
brightness,1,221,1.0,0.8,0.888888888888889,10
brightness,1,222,0.8181818181818182,0.9,0.8571428571428572,10
brightness,1,223,1.0,1.0,1.0,10
brightness,1,224,0.8571428571428571,0.6,0.7058823529411764,10
brightness,1,225,0.6666666666666666,1.0,0.8,10
brightness,1,226,1.0,0.9,0.9473684210526316,10
brightness,1,227,0.5384615384615384,0.7,0.608695652173913,10
brightness,1,228,1.0,0.5,0.6666666666666666,10
brightness,1,229,0.8181818181818182,0.9,0.8571428571428572,10
brightness,1,230,1.0,0.8,0.888888888888889,10
brightness,1,231,0.7777777777777778,0.7,0.7368421052631577,10
brightness,1,232,0.6666666666666666,0.8,0.7272727272727272,10
brightness,1,233,0.75,0.6,0.6666666666666665,10
brightness,1,234,0.9,0.9,0.9,10
brightness,1,235,0.9,0.9,0.9,10
brightness,1,236,1.0,1.0,1.0,10
brightness,1,237,0.9,0.9,0.9,10
brightness,1,238,0.7692307692307693,1.0,0.8695652173913044,10
brightness,1,239,1.0,0.9,0.9473684210526316,10
brightness,1,240,0.875,0.7,0.7777777777777777,10
brightness,1,241,0.75,0.9,0.8181818181818182,10
brightness,1,242,1.0,0.7,0.8235294117647058,10
brightness,1,243,1.0,1.0,1.0,10
brightness,1,244,1.0,0.9,0.9473684210526316,10
brightness,1,245,0.75,0.9,0.8181818181818182,10
brightness,1,246,0.7,0.7,0.7,10
brightness,1,247,0.6666666666666666,0.4,0.5,10
brightness,1,248,0.8888888888888888,0.8,0.8421052631578948,10
brightness,1,249,0.6153846153846154,0.8,0.6956521739130435,10
brightness,1,250,0.8333333333333334,1.0,0.9090909090909091,10
brightness,1,251,1.0,1.0,1.0,10
brightness,1,252,1.0,0.8,0.888888888888889,10
brightness,1,253,0.7,0.7,0.7,10
brightness,1,254,0.9,0.9,0.9,10
brightness,1,255,1.0,1.0,1.0,10
brightness,1,256,0.8571428571428571,0.6,0.7058823529411764,10
brightness,1,257,0.7692307692307693,1.0,0.8695652173913044,10
brightness,1,258,1.0,0.7,0.8235294117647058,10
brightness,1,259,0.6666666666666666,0.8,0.7272727272727272,10
brightness,1,260,0.8181818181818182,0.9,0.8571428571428572,10
brightness,1,261,0.9090909090909091,1.0,0.9523809523809523,10
brightness,1,262,0.8181818181818182,0.9,0.8571428571428572,10
brightness,1,263,1.0,0.9,0.9473684210526316,10
brightness,1,264,0.9090909090909091,1.0,0.9523809523809523,10
brightness,1,265,0.5833333333333334,0.7,0.6363636363636365,10
brightness,1,266,0.8181818181818182,0.9,0.8571428571428572,10
brightness,1,267,0.8,0.8,0.8000000000000002,10
brightness,1,268,0.8181818181818182,0.9,0.8571428571428572,10
brightness,1,269,0.8333333333333334,1.0,0.9090909090909091,10
brightness,1,270,0.9090909090909091,1.0,0.9523809523809523,10
brightness,1,271,0.8181818181818182,0.9,0.8571428571428572,10
brightness,1,272,1.0,0.9,0.9473684210526316,10
brightness,1,273,0.9,0.9,0.9,10
brightness,1,274,1.0,0.8,0.888888888888889,10
brightness,1,275,0.8181818181818182,0.9,0.8571428571428572,10
brightness,1,276,0.6428571428571429,0.9,0.75,10
brightness,1,277,0.7272727272727273,0.8,0.761904761904762,10
brightness,1,278,1.0,0.8,0.888888888888889,10
brightness,1,279,0.9090909090909091,1.0,0.9523809523809523,10
brightness,1,280,0.9,0.9,0.9,10
brightness,1,281,0.8333333333333334,1.0,0.9090909090909091,10
brightness,1,282,1.0,0.8,0.888888888888889,10
brightness,1,283,1.0,1.0,1.0,10
brightness,1,284,0.9090909090909091,1.0,0.9523809523809523,10
brightness,1,285,1.0,1.0,1.0,10
brightness,1,286,0.8181818181818182,0.9,0.8571428571428572,10
brightness,1,287,0.875,0.7,0.7777777777777777,10
brightness,1,288,0.8333333333333334,1.0,0.9090909090909091,10
brightness,1,289,0.9,0.9,0.9,10
brightness,1,290,1.0,0.8,0.888888888888889,10
brightness,1,291,0.9090909090909091,1.0,0.9523809523809523,10
brightness,1,292,0.9090909090909091,1.0,0.9523809523809523,10
brightness,1,293,1.0,0.7,0.8235294117647058,10
brightness,1,294,0.75,0.9,0.8181818181818182,10
brightness,1,295,1.0,0.9,0.9473684210526316,10
brightness,1,296,0.9,0.9,0.9,10
brightness,1,297,1.0,0.9,0.9473684210526316,10
brightness,1,298,0.9090909090909091,1.0,0.9523809523809523,10
brightness,1,299,0.9090909090909091,1.0,0.9523809523809523,10
brightness,1,300,0.8333333333333334,1.0,0.9090909090909091,10
brightness,1,301,0.9090909090909091,1.0,0.9523809523809523,10
brightness,1,302,0.9090909090909091,1.0,0.9523809523809523,10
brightness,1,303,1.0,1.0,1.0,10
brightness,1,304,0.8333333333333334,1.0,0.9090909090909091,10
brightness,1,305,1.0,0.8,0.888888888888889,10
brightness,1,306,0.9,0.9,0.9,10
brightness,1,307,1.0,1.0,1.0,10
brightness,1,308,0.6666666666666666,0.8,0.7272727272727272,10
brightness,1,309,0.7692307692307693,1.0,0.8695652173913044,10
brightness,1,310,0.8888888888888888,0.8,0.8421052631578948,10
brightness,1,311,0.9090909090909091,1.0,0.9523809523809523,10
brightness,1,312,0.8181818181818182,0.9,0.8571428571428572,10
brightness,1,313,0.9,0.9,0.9,10
brightness,1,314,0.8,0.8,0.8000000000000002,10
brightness,1,315,0.9090909090909091,1.0,0.9523809523809523,10
brightness,1,316,1.0,1.0,1.0,10
brightness,1,317,1.0,1.0,1.0,10
brightness,1,318,0.7142857142857143,1.0,0.8333333333333333,10
brightness,1,319,0.8181818181818182,0.9,0.8571428571428572,10
brightness,1,320,1.0,1.0,1.0,10
brightness,1,321,1.0,0.9,0.9473684210526316,10
brightness,1,322,0.5,0.7,0.5833333333333334,10
brightness,1,323,0.9,0.9,0.9,10
brightness,1,324,1.0,1.0,1.0,10
brightness,1,325,0.9,0.9,0.9,10
brightness,1,326,0.9090909090909091,1.0,0.9523809523809523,10
brightness,1,327,0.9,0.9,0.9,10
brightness,1,328,0.8333333333333334,1.0,0.9090909090909091,10
brightness,1,329,1.0,0.9,0.9473684210526316,10
brightness,1,330,0.9090909090909091,1.0,0.9523809523809523,10
brightness,1,331,0.7692307692307693,1.0,0.8695652173913044,10
brightness,1,332,0.8888888888888888,0.8,0.8421052631578948,10
brightness,1,333,0.5625,0.9,0.6923076923076923,10
brightness,1,334,1.0,0.9,0.9473684210526316,10
brightness,1,335,0.6,0.6,0.6,10
brightness,1,336,0.9090909090909091,1.0,0.9523809523809523,10
brightness,1,337,0.8181818181818182,0.9,0.8571428571428572,10
brightness,1,338,0.8,0.8,0.8000000000000002,10
brightness,1,339,1.0,0.9,0.9473684210526316,10
brightness,1,340,0.8333333333333334,1.0,0.9090909090909091,10
brightness,1,341,0.6923076923076923,0.9,0.7826086956521738,10
brightness,1,342,0.8333333333333334,1.0,0.9090909090909091,10
brightness,1,343,0.9,0.9,0.9,10
brightness,1,344,1.0,1.0,1.0,10
brightness,1,345,1.0,1.0,1.0,10
brightness,1,346,1.0,0.4,0.5714285714285715,10
brightness,1,347,0.7692307692307693,1.0,0.8695652173913044,10
brightness,1,348,1.0,0.9,0.9473684210526316,10
brightness,1,349,0.75,0.9,0.8181818181818182,10
brightness,1,350,1.0,1.0,1.0,10
brightness,1,351,1.0,0.8,0.888888888888889,10
brightness,1,352,0.9,0.9,0.9,10
brightness,1,353,1.0,0.8,0.888888888888889,10
brightness,1,354,0.875,0.7,0.7777777777777777,10
brightness,1,355,1.0,0.9,0.9473684210526316,10
brightness,1,356,1.0,1.0,1.0,10
brightness,1,357,0.8181818181818182,0.9,0.8571428571428572,10
brightness,1,358,0.8181818181818182,0.9,0.8571428571428572,10
brightness,1,359,1.0,0.9,0.9473684210526316,10
brightness,1,360,0.9,0.9,0.9,10
brightness,1,361,0.9,0.9,0.9,10
brightness,1,362,1.0,1.0,1.0,10
brightness,1,363,0.8333333333333334,1.0,0.9090909090909091,10
brightness,1,364,1.0,0.9,0.9473684210526316,10
brightness,1,365,1.0,0.9,0.9473684210526316,10
brightness,1,366,1.0,1.0,1.0,10
brightness,1,367,1.0,1.0,1.0,10
brightness,1,368,0.7692307692307693,1.0,0.8695652173913044,10
brightness,1,369,0.875,0.7,0.7777777777777777,10
brightness,1,370,1.0,1.0,1.0,10
brightness,1,371,1.0,0.9,0.9473684210526316,10
brightness,1,372,0.8888888888888888,0.8,0.8421052631578948,10
brightness,1,373,1.0,0.9,0.9473684210526316,10
brightness,1,374,1.0,0.4,0.5714285714285715,10
brightness,1,375,1.0,1.0,1.0,10
brightness,1,376,0.9090909090909091,1.0,0.9523809523809523,10
brightness,1,377,1.0,0.9,0.9473684210526316,10
brightness,1,378,1.0,1.0,1.0,10
brightness,1,379,0.9090909090909091,1.0,0.9523809523809523,10
brightness,1,380,0.9090909090909091,1.0,0.9523809523809523,10
brightness,1,381,0.8,0.8,0.8000000000000002,10
brightness,1,382,1.0,1.0,1.0,10
brightness,1,383,1.0,0.9,0.9473684210526316,10
brightness,1,384,1.0,0.9,0.9473684210526316,10
brightness,1,385,0.8181818181818182,0.9,0.8571428571428572,10
brightness,1,386,0.9090909090909091,1.0,0.9523809523809523,10
brightness,1,387,0.8888888888888888,0.8,0.8421052631578948,10
brightness,1,388,1.0,0.5,0.6666666666666666,10
brightness,1,389,0.7777777777777778,0.7,0.7368421052631577,10
brightness,1,390,0.7777777777777778,0.7,0.7368421052631577,10
brightness,1,391,1.0,0.9,0.9473684210526316,10
brightness,1,392,0.9,0.9,0.9,10
brightness,1,393,0.75,0.9,0.8181818181818182,10
brightness,1,394,0.8888888888888888,0.8,0.8421052631578948,10
brightness,1,395,0.9,0.9,0.9,10
brightness,1,396,1.0,1.0,1.0,10
brightness,1,397,1.0,1.0,1.0,10
brightness,1,398,1.0,1.0,1.0,10
brightness,1,399,0.9090909090909091,1.0,0.9523809523809523,10
brightness,1,400,0.9,0.9,0.9,10
brightness,1,401,1.0,1.0,1.0,10
brightness,1,402,1.0,0.9,0.9473684210526316,10
brightness,1,403,1.0,0.9,0.9473684210526316,10
brightness,1,404,1.0,1.0,1.0,10
brightness,1,405,0.8333333333333334,1.0,0.9090909090909091,10
brightness,1,406,1.0,1.0,1.0,10
brightness,1,407,0.7692307692307693,1.0,0.8695652173913044,10
brightness,1,408,0.8888888888888888,0.8,0.8421052631578948,10
brightness,1,409,1.0,0.8,0.888888888888889,10
brightness,1,410,0.7777777777777778,0.7,0.7368421052631577,10
brightness,1,411,1.0,1.0,1.0,10
brightness,1,412,1.0,0.9,0.9473684210526316,10
brightness,1,413,0.9090909090909091,1.0,0.9523809523809523,10
brightness,1,414,0.9090909090909091,1.0,0.9523809523809523,10
brightness,1,415,1.0,1.0,1.0,10
brightness,1,416,0.9090909090909091,1.0,0.9523809523809523,10
brightness,1,417,1.0,1.0,1.0,10
brightness,1,418,0.9,0.9,0.9,10
brightness,1,419,0.9090909090909091,1.0,0.9523809523809523,10
brightness,1,420,0.8333333333333334,1.0,0.9090909090909091,10
brightness,1,421,1.0,1.0,1.0,10
brightness,1,422,1.0,0.9,0.9473684210526316,10
brightness,1,423,0.75,0.9,0.8181818181818182,10
brightness,1,424,1.0,1.0,1.0,10
brightness,1,425,1.0,1.0,1.0,10
brightness,1,426,1.0,0.9,0.9473684210526316,10
brightness,1,427,1.0,1.0,1.0,10
brightness,1,428,0.8888888888888888,0.8,0.8421052631578948,10
brightness,1,429,0.9,0.9,0.9,10
brightness,1,430,0.9090909090909091,1.0,0.9523809523809523,10
brightness,1,431,1.0,0.9,0.9473684210526316,10
brightness,1,432,0.8181818181818182,0.9,0.8571428571428572,10
brightness,1,433,1.0,0.9,0.9473684210526316,10
brightness,1,434,1.0,0.8,0.888888888888889,10
brightness,1,435,0.7692307692307693,1.0,0.8695652173913044,10
brightness,1,436,1.0,0.8,0.888888888888889,10
brightness,1,437,1.0,0.9,0.9473684210526316,10
brightness,1,438,0.8,0.8,0.8000000000000002,10
brightness,1,439,0.9,0.9,0.9,10
brightness,1,440,1.0,1.0,1.0,10
brightness,1,441,1.0,0.8,0.888888888888889,10
brightness,1,442,0.75,0.6,0.6666666666666665,10
brightness,1,443,1.0,1.0,1.0,10
brightness,1,444,1.0,1.0,1.0,10
brightness,1,445,1.0,0.9,0.9473684210526316,10
brightness,1,446,0.9,0.9,0.9,10
brightness,1,447,1.0,0.9,0.9473684210526316,10
brightness,1,448,0.8888888888888888,0.8,0.8421052631578948,10
brightness,1,449,0.9,0.9,0.9,10
brightness,1,450,1.0,0.9,0.9473684210526316,10
brightness,1,451,1.0,0.8,0.888888888888889,10
brightness,1,452,1.0,1.0,1.0,10
brightness,1,453,0.9090909090909091,1.0,0.9523809523809523,10
brightness,1,454,0.9090909090909091,1.0,0.9523809523809523,10
brightness,1,455,0.5833333333333334,0.7,0.6363636363636365,10
brightness,1,456,0.6666666666666666,0.6,0.631578947368421,10
brightness,1,457,1.0,1.0,1.0,10
brightness,1,458,1.0,0.8,0.888888888888889,10
brightness,1,459,1.0,1.0,1.0,10
brightness,1,460,1.0,1.0,1.0,10
brightness,1,461,0.8333333333333334,1.0,0.9090909090909091,10
brightness,1,462,0.7777777777777778,0.7,0.7368421052631577,10
brightness,1,463,0.7692307692307693,1.0,0.8695652173913044,10
brightness,1,464,1.0,0.9,0.9473684210526316,10
brightness,1,465,0.8,0.8,0.8000000000000002,10
brightness,1,466,0.75,0.6,0.6666666666666665,10
brightness,1,467,0.8571428571428571,0.6,0.7058823529411764,10
brightness,1,468,0.8,0.8,0.8000000000000002,10
brightness,1,469,0.8333333333333334,1.0,0.9090909090909091,10
brightness,1,470,1.0,0.7,0.8235294117647058,10
brightness,1,471,1.0,1.0,1.0,10
brightness,1,472,0.7777777777777778,0.7,0.7368421052631577,10
brightness,1,473,1.0,1.0,1.0,10
brightness,1,474,1.0,1.0,1.0,10
brightness,1,475,0.8333333333333334,1.0,0.9090909090909091,10
brightness,1,476,0.6153846153846154,0.8,0.6956521739130435,10
brightness,1,477,1.0,1.0,1.0,10
brightness,1,478,0.7272727272727273,0.8,0.761904761904762,10
brightness,1,479,1.0,0.9,0.9473684210526316,10
brightness,1,480,0.8888888888888888,0.8,0.8421052631578948,10
brightness,1,481,0.8,0.8,0.8000000000000002,10
brightness,1,482,1.0,0.9,0.9473684210526316,10
brightness,1,483,0.9090909090909091,1.0,0.9523809523809523,10
brightness,1,484,0.9090909090909091,1.0,0.9523809523809523,10
brightness,1,485,0.9,0.9,0.9,10
brightness,1,486,0.9090909090909091,1.0,0.9523809523809523,10
brightness,1,487,0.9,0.9,0.9,10
brightness,1,488,0.7692307692307693,1.0,0.8695652173913044,10
brightness,1,489,1.0,0.9,0.9473684210526316,10
brightness,1,490,0.9,0.9,0.9,10
brightness,1,491,1.0,1.0,1.0,10
brightness,1,492,0.75,0.9,0.8181818181818182,10
brightness,1,493,0.8181818181818182,0.9,0.8571428571428572,10
brightness,1,494,0.7272727272727273,0.8,0.761904761904762,10
brightness,1,495,0.7777777777777778,0.7,0.7368421052631577,10
brightness,1,496,0.6666666666666666,0.8,0.7272727272727272,10
brightness,1,497,0.75,0.6,0.6666666666666665,10
brightness,1,498,0.9090909090909091,1.0,0.9523809523809523,10
brightness,1,499,0.8888888888888888,0.8,0.8421052631578948,10
brightness,2,000,1.0,1.0,1.0,10
brightness,2,001,1.0,0.7,0.8235294117647058,10
brightness,2,002,0.7692307692307693,1.0,0.8695652173913044,10
brightness,2,003,1.0,1.0,1.0,10
brightness,2,004,0.7692307692307693,1.0,0.8695652173913044,10
brightness,2,005,1.0,0.7,0.8235294117647058,10
brightness,2,006,0.8333333333333334,1.0,0.9090909090909091,10
brightness,2,007,0.7692307692307693,1.0,0.8695652173913044,10
brightness,2,008,0.875,0.7,0.7777777777777777,10
brightness,2,009,0.9090909090909091,1.0,0.9523809523809523,10
brightness,2,010,0.9090909090909091,1.0,0.9523809523809523,10
brightness,2,011,1.0,0.9,0.9473684210526316,10
brightness,2,012,0.9090909090909091,1.0,0.9523809523809523,10
brightness,2,013,0.8333333333333334,1.0,0.9090909090909091,10
brightness,2,014,1.0,0.9,0.9473684210526316,10
brightness,2,015,1.0,1.0,1.0,10
brightness,2,016,1.0,0.9,0.9473684210526316,10
brightness,2,017,1.0,0.9,0.9473684210526316,10
brightness,2,018,1.0,1.0,1.0,10
brightness,2,019,1.0,1.0,1.0,10
brightness,2,020,1.0,0.9,0.9473684210526316,10
brightness,2,021,0.9090909090909091,1.0,0.9523809523809523,10
brightness,2,022,0.8888888888888888,0.8,0.8421052631578948,10
brightness,2,023,0.7142857142857143,1.0,0.8333333333333333,10
brightness,2,024,1.0,1.0,1.0,10
brightness,2,025,1.0,0.9,0.9473684210526316,10
brightness,2,026,0.9,0.9,0.9,10
brightness,2,027,1.0,0.9,0.9473684210526316,10
brightness,2,028,0.8888888888888888,0.8,0.8421052631578948,10
brightness,2,029,1.0,0.9,0.9473684210526316,10
brightness,2,030,1.0,1.0,1.0,10
brightness,2,031,0.875,0.7,0.7777777777777777,10
brightness,2,032,0.75,0.9,0.8181818181818182,10
brightness,2,033,0.9,0.9,0.9,10
brightness,2,034,1.0,1.0,1.0,10
brightness,2,035,1.0,0.9,0.9473684210526316,10
brightness,2,036,1.0,0.9,0.9473684210526316,10
brightness,2,037,1.0,0.9,0.9473684210526316,10
brightness,2,038,0.875,0.7,0.7777777777777777,10
brightness,2,039,0.8888888888888888,0.8,0.8421052631578948,10
brightness,2,040,1.0,1.0,1.0,10
brightness,2,041,1.0,1.0,1.0,10
brightness,2,042,0.9,0.9,0.9,10
brightness,2,043,1.0,0.9,0.9473684210526316,10
brightness,2,044,0.9090909090909091,1.0,0.9523809523809523,10
brightness,2,045,1.0,1.0,1.0,10
brightness,2,046,0.9,0.9,0.9,10
brightness,2,047,1.0,0.8,0.888888888888889,10
brightness,2,048,0.9,0.9,0.9,10
brightness,2,049,0.6666666666666666,0.8,0.7272727272727272,10
brightness,2,050,0.9,0.9,0.9,10
brightness,2,051,1.0,1.0,1.0,10
brightness,2,052,1.0,0.8,0.888888888888889,10
brightness,2,053,0.9,0.9,0.9,10
brightness,2,054,0.8,0.8,0.8000000000000002,10
brightness,2,055,1.0,0.9,0.9473684210526316,10
brightness,2,056,1.0,1.0,1.0,10
brightness,2,057,0.9090909090909091,1.0,0.9523809523809523,10
brightness,2,058,1.0,1.0,1.0,10
brightness,2,059,1.0,0.9,0.9473684210526316,10
brightness,2,060,1.0,1.0,1.0,10
brightness,2,061,1.0,1.0,1.0,10
brightness,2,062,1.0,1.0,1.0,10
brightness,2,063,0.8333333333333334,1.0,0.9090909090909091,10
brightness,2,064,1.0,0.7,0.8235294117647058,10
brightness,2,065,1.0,0.9,0.9473684210526316,10
brightness,2,066,0.8333333333333334,1.0,0.9090909090909091,10
brightness,2,067,0.875,0.7,0.7777777777777777,10
brightness,2,068,1.0,1.0,1.0,10
brightness,2,069,0.7777777777777778,0.7,0.7368421052631577,10
brightness,2,070,0.9090909090909091,1.0,0.9523809523809523,10
brightness,2,071,0.6923076923076923,0.9,0.7826086956521738,10
brightness,2,072,1.0,0.9,0.9473684210526316,10
brightness,2,073,1.0,1.0,1.0,10
brightness,2,074,0.9,0.9,0.9,10
brightness,2,075,0.9,0.9,0.9,10
brightness,2,076,1.0,0.8,0.888888888888889,10
brightness,2,077,0.9090909090909091,1.0,0.9523809523809523,10
brightness,2,078,1.0,0.9,0.9473684210526316,10
brightness,2,079,0.8,0.8,0.8000000000000002,10
brightness,2,080,1.0,0.9,0.9473684210526316,10
brightness,2,081,1.0,0.9,0.9473684210526316,10
brightness,2,082,1.0,1.0,1.0,10
brightness,2,083,0.9090909090909091,1.0,0.9523809523809523,10
brightness,2,084,0.8571428571428571,0.6,0.7058823529411764,10
brightness,2,085,0.9090909090909091,1.0,0.9523809523809523,10
brightness,2,086,0.9090909090909091,1.0,0.9523809523809523,10
brightness,2,087,0.8333333333333334,1.0,0.9090909090909091,10
brightness,2,088,0.75,0.9,0.8181818181818182,10
brightness,2,089,1.0,1.0,1.0,10
brightness,2,090,1.0,0.7,0.8235294117647058,10
brightness,2,091,1.0,1.0,1.0,10
brightness,2,092,1.0,0.9,0.9473684210526316,10
brightness,2,093,1.0,1.0,1.0,10
brightness,2,094,0.625,1.0,0.7692307692307693,10
brightness,2,095,1.0,1.0,1.0,10
brightness,2,096,1.0,1.0,1.0,10
brightness,2,097,1.0,0.9,0.9473684210526316,10
brightness,2,098,0.9090909090909091,1.0,0.9523809523809523,10
brightness,2,099,0.9,0.9,0.9,10
brightness,2,100,0.9090909090909091,1.0,0.9523809523809523,10
brightness,2,101,1.0,1.0,1.0,10
brightness,2,102,1.0,0.9,0.9473684210526316,10
brightness,2,103,1.0,0.8,0.888888888888889,10
brightness,2,104,1.0,0.9,0.9473684210526316,10
brightness,2,105,1.0,1.0,1.0,10
brightness,2,106,1.0,0.8,0.888888888888889,10
brightness,2,107,1.0,1.0,1.0,10
brightness,2,108,1.0,1.0,1.0,10
brightness,2,109,0.8181818181818182,0.9,0.8571428571428572,10
brightness,2,110,1.0,0.8,0.888888888888889,10
brightness,2,111,0.9,0.9,0.9,10
brightness,2,112,1.0,1.0,1.0,10
brightness,2,113,1.0,1.0,1.0,10
brightness,2,114,1.0,1.0,1.0,10
brightness,2,115,1.0,0.9,0.9473684210526316,10
brightness,2,116,1.0,1.0,1.0,10
brightness,2,117,1.0,1.0,1.0,10
brightness,2,118,1.0,0.9,0.9473684210526316,10
brightness,2,119,0.875,0.7,0.7777777777777777,10
brightness,2,120,1.0,1.0,1.0,10
brightness,2,121,0.5714285714285714,0.8,0.6666666666666666,10
brightness,2,122,0.7142857142857143,0.5,0.588235294117647,10
brightness,2,123,0.9,0.9,0.9,10
brightness,2,124,1.0,1.0,1.0,10
brightness,2,125,0.9,0.9,0.9,10
brightness,2,126,1.0,0.9,0.9473684210526316,10
brightness,2,127,1.0,0.7,0.8235294117647058,10
brightness,2,128,0.8333333333333334,0.5,0.625,10
brightness,2,129,0.8888888888888888,0.8,0.8421052631578948,10
brightness,2,130,0.8,0.8,0.8000000000000002,10
brightness,2,131,0.75,0.9,0.8181818181818182,10
brightness,2,132,1.0,1.0,1.0,10
brightness,2,133,0.8,0.8,0.8000000000000002,10
brightness,2,134,0.9090909090909091,1.0,0.9523809523809523,10
brightness,2,135,0.7692307692307693,1.0,0.8695652173913044,10
brightness,2,136,0.9090909090909091,1.0,0.9523809523809523,10
brightness,2,137,0.8333333333333334,1.0,0.9090909090909091,10
brightness,2,138,1.0,0.7,0.8235294117647058,10
brightness,2,139,0.6666666666666666,0.6,0.631578947368421,10
brightness,2,140,0.7777777777777778,0.7,0.7368421052631577,10
brightness,2,141,0.8333333333333334,1.0,0.9090909090909091,10
brightness,2,142,1.0,0.8,0.888888888888889,10
brightness,2,143,0.875,0.7,0.7777777777777777,10
brightness,2,144,1.0,1.0,1.0,10
brightness,2,145,0.9090909090909091,1.0,0.9523809523809523,10
brightness,2,146,1.0,1.0,1.0,10
brightness,2,147,1.0,1.0,1.0,10
brightness,2,148,1.0,1.0,1.0,10
brightness,2,149,1.0,0.9,0.9473684210526316,10
brightness,2,150,1.0,0.9,0.9473684210526316,10
brightness,2,151,0.9090909090909091,1.0,0.9523809523809523,10
brightness,2,152,0.8181818181818182,0.9,0.8571428571428572,10
brightness,2,153,0.9090909090909091,1.0,0.9523809523809523,10
brightness,2,154,0.9,0.9,0.9,10
brightness,2,155,0.8181818181818182,0.9,0.8571428571428572,10
brightness,2,156,0.6,0.6,0.6,10
brightness,2,157,0.4,0.2,0.26666666666666666,10
brightness,2,158,0.8333333333333334,0.5,0.625,10
brightness,2,159,0.7272727272727273,0.8,0.761904761904762,10
brightness,2,160,0.4375,0.7,0.5384615384615384,10
brightness,2,161,0.5454545454545454,0.6,0.5714285714285713,10
brightness,2,162,1.0,0.9,0.9473684210526316,10
brightness,2,163,0.8333333333333334,1.0,0.9090909090909091,10
brightness,2,164,0.75,0.9,0.8181818181818182,10
brightness,2,165,0.5714285714285714,0.8,0.6666666666666666,10
brightness,2,166,0.8333333333333334,0.5,0.625,10
brightness,2,167,1.0,0.8,0.888888888888889,10
brightness,2,168,0.875,0.7,0.7777777777777777,10
brightness,2,169,0.7272727272727273,0.8,0.761904761904762,10
brightness,2,170,0.8333333333333334,1.0,0.9090909090909091,10
brightness,2,171,0.9,0.9,0.9,10
brightness,2,172,1.0,0.9,0.9473684210526316,10
brightness,2,173,1.0,0.9,0.9473684210526316,10
brightness,2,174,0.8888888888888888,0.8,0.8421052631578948,10
brightness,2,175,1.0,0.7,0.8235294117647058,10
brightness,2,176,0.625,1.0,0.7692307692307693,10
brightness,2,177,0.8888888888888888,0.8,0.8421052631578948,10
brightness,2,178,0.8333333333333334,0.5,0.625,10
brightness,2,179,0.875,0.7,0.7777777777777777,10
brightness,2,180,0.6,0.6,0.6,10
brightness,2,181,0.8888888888888888,0.8,0.8421052631578948,10
brightness,2,182,0.5454545454545454,0.6,0.5714285714285713,10
brightness,2,183,0.9090909090909091,1.0,0.9523809523809523,10
brightness,2,184,1.0,0.8,0.888888888888889,10
brightness,2,185,0.6923076923076923,0.9,0.7826086956521738,10
brightness,2,186,0.8181818181818182,0.9,0.8571428571428572,10
brightness,2,187,0.5833333333333334,0.7,0.6363636363636365,10
brightness,2,188,1.0,0.8,0.888888888888889,10
brightness,2,189,1.0,1.0,1.0,10
brightness,2,190,0.8181818181818182,0.9,0.8571428571428572,10
brightness,2,191,0.9090909090909091,1.0,0.9523809523809523,10
brightness,2,192,1.0,0.8,0.888888888888889,10
brightness,2,193,0.8571428571428571,0.6,0.7058823529411764,10
brightness,2,194,0.9,0.9,0.9,10
brightness,2,195,0.8,0.8,0.8000000000000002,10
brightness,2,196,0.8333333333333334,1.0,0.9090909090909091,10
brightness,2,197,0.7,0.7,0.7,10
brightness,2,198,0.7,0.7,0.7,10
brightness,2,199,0.8,0.8,0.8000000000000002,10
brightness,2,200,0.8888888888888888,0.8,0.8421052631578948,10
brightness,2,201,1.0,0.8,0.888888888888889,10
brightness,2,202,0.7,0.7,0.7,10
brightness,2,203,0.6666666666666666,0.8,0.7272727272727272,10
brightness,2,204,0.6666666666666666,0.8,0.7272727272727272,10
brightness,2,205,0.7142857142857143,1.0,0.8333333333333333,10
brightness,2,206,0.8333333333333334,0.5,0.625,10
brightness,2,207,0.75,0.9,0.8181818181818182,10
brightness,2,208,0.9090909090909091,1.0,0.9523809523809523,10
brightness,2,209,0.9,0.9,0.9,10
brightness,2,210,0.7142857142857143,1.0,0.8333333333333333,10
brightness,2,211,0.8181818181818182,0.9,0.8571428571428572,10
brightness,2,212,0.8571428571428571,0.6,0.7058823529411764,10
brightness,2,213,1.0,0.8,0.888888888888889,10
brightness,2,214,0.6363636363636364,0.7,0.6666666666666666,10
brightness,2,215,0.6153846153846154,0.8,0.6956521739130435,10
brightness,2,216,0.8888888888888888,0.8,0.8421052631578948,10
brightness,2,217,1.0,0.6,0.7499999999999999,10
brightness,2,218,0.9,0.9,0.9,10
brightness,2,219,0.7777777777777778,0.7,0.7368421052631577,10
brightness,2,220,0.6153846153846154,0.8,0.6956521739130435,10
brightness,2,221,1.0,0.8,0.888888888888889,10
brightness,2,222,0.8181818181818182,0.9,0.8571428571428572,10
brightness,2,223,1.0,1.0,1.0,10
brightness,2,224,0.75,0.6,0.6666666666666665,10
brightness,2,225,0.7142857142857143,1.0,0.8333333333333333,10
brightness,2,226,1.0,0.9,0.9473684210526316,10
brightness,2,227,0.5384615384615384,0.7,0.608695652173913,10
brightness,2,228,1.0,0.5,0.6666666666666666,10
brightness,2,229,0.9,0.9,0.9,10
brightness,2,230,1.0,0.8,0.888888888888889,10
brightness,2,231,0.7777777777777778,0.7,0.7368421052631577,10
brightness,2,232,0.5714285714285714,0.8,0.6666666666666666,10
brightness,2,233,0.75,0.6,0.6666666666666665,10
brightness,2,234,0.9,0.9,0.9,10
brightness,2,235,0.9,0.9,0.9,10
brightness,2,236,1.0,0.9,0.9473684210526316,10
brightness,2,237,1.0,0.9,0.9473684210526316,10
brightness,2,238,0.7692307692307693,1.0,0.8695652173913044,10
brightness,2,239,1.0,0.9,0.9473684210526316,10
brightness,2,240,1.0,0.7,0.8235294117647058,10
brightness,2,241,0.6923076923076923,0.9,0.7826086956521738,10
brightness,2,242,1.0,0.7,0.8235294117647058,10
brightness,2,243,1.0,1.0,1.0,10
brightness,2,244,1.0,0.9,0.9473684210526316,10
brightness,2,245,0.8181818181818182,0.9,0.8571428571428572,10
brightness,2,246,0.7,0.7,0.7,10
brightness,2,247,0.6666666666666666,0.4,0.5,10
brightness,2,248,0.8888888888888888,0.8,0.8421052631578948,10
brightness,2,249,0.6153846153846154,0.8,0.6956521739130435,10
brightness,2,250,0.8333333333333334,1.0,0.9090909090909091,10
brightness,2,251,1.0,1.0,1.0,10
brightness,2,252,1.0,0.8,0.888888888888889,10
brightness,2,253,0.6363636363636364,0.7,0.6666666666666666,10
brightness,2,254,0.75,0.9,0.8181818181818182,10
brightness,2,255,1.0,1.0,1.0,10
brightness,2,256,0.6666666666666666,0.4,0.5,10
brightness,2,257,0.7692307692307693,1.0,0.8695652173913044,10
brightness,2,258,1.0,0.7,0.8235294117647058,10
brightness,2,259,0.7272727272727273,0.8,0.761904761904762,10
brightness,2,260,0.8181818181818182,0.9,0.8571428571428572,10
brightness,2,261,0.9090909090909091,1.0,0.9523809523809523,10
brightness,2,262,0.8181818181818182,0.9,0.8571428571428572,10
brightness,2,263,0.9,0.9,0.9,10
brightness,2,264,0.9090909090909091,1.0,0.9523809523809523,10
brightness,2,265,0.6363636363636364,0.7,0.6666666666666666,10
brightness,2,266,0.9,0.9,0.9,10
brightness,2,267,0.8,0.8,0.8000000000000002,10
brightness,2,268,0.8181818181818182,0.9,0.8571428571428572,10
brightness,2,269,0.8333333333333334,1.0,0.9090909090909091,10
brightness,2,270,0.9090909090909091,1.0,0.9523809523809523,10
brightness,2,271,0.8181818181818182,0.9,0.8571428571428572,10
brightness,2,272,1.0,0.9,0.9473684210526316,10
brightness,2,273,0.9090909090909091,1.0,0.9523809523809523,10
brightness,2,274,1.0,0.8,0.888888888888889,10
brightness,2,275,0.9,0.9,0.9,10
brightness,2,276,0.6923076923076923,0.9,0.7826086956521738,10
brightness,2,277,0.7692307692307693,1.0,0.8695652173913044,10
brightness,2,278,1.0,0.7,0.8235294117647058,10
brightness,2,279,0.9090909090909091,1.0,0.9523809523809523,10
brightness,2,280,1.0,0.9,0.9473684210526316,10
brightness,2,281,0.8333333333333334,1.0,0.9090909090909091,10
brightness,2,282,1.0,0.8,0.888888888888889,10
brightness,2,283,1.0,1.0,1.0,10
brightness,2,284,0.9090909090909091,1.0,0.9523809523809523,10
brightness,2,285,1.0,1.0,1.0,10
brightness,2,286,0.8181818181818182,0.9,0.8571428571428572,10
brightness,2,287,0.875,0.7,0.7777777777777777,10
brightness,2,288,0.8333333333333334,1.0,0.9090909090909091,10
brightness,2,289,0.9,0.9,0.9,10
brightness,2,290,1.0,0.8,0.888888888888889,10
brightness,2,291,0.9090909090909091,1.0,0.9523809523809523,10
brightness,2,292,0.9090909090909091,1.0,0.9523809523809523,10
brightness,2,293,1.0,0.7,0.8235294117647058,10
brightness,2,294,0.7692307692307693,1.0,0.8695652173913044,10
brightness,2,295,1.0,0.9,0.9473684210526316,10
brightness,2,296,1.0,0.9,0.9473684210526316,10
brightness,2,297,1.0,0.9,0.9473684210526316,10
brightness,2,298,0.9090909090909091,1.0,0.9523809523809523,10
brightness,2,299,1.0,1.0,1.0,10
brightness,2,300,0.9090909090909091,1.0,0.9523809523809523,10
brightness,2,301,0.9090909090909091,1.0,0.9523809523809523,10
brightness,2,302,0.9090909090909091,1.0,0.9523809523809523,10
brightness,2,303,1.0,1.0,1.0,10
brightness,2,304,0.8333333333333334,1.0,0.9090909090909091,10
brightness,2,305,1.0,0.8,0.888888888888889,10
brightness,2,306,0.9,0.9,0.9,10
brightness,2,307,1.0,1.0,1.0,10
brightness,2,308,0.6666666666666666,0.8,0.7272727272727272,10
brightness,2,309,0.8333333333333334,1.0,0.9090909090909091,10
brightness,2,310,0.8888888888888888,0.8,0.8421052631578948,10
brightness,2,311,0.9090909090909091,1.0,0.9523809523809523,10
brightness,2,312,0.8181818181818182,0.9,0.8571428571428572,10
brightness,2,313,0.8181818181818182,0.9,0.8571428571428572,10
brightness,2,314,0.7777777777777778,0.7,0.7368421052631577,10
brightness,2,315,0.9090909090909091,1.0,0.9523809523809523,10
brightness,2,316,1.0,1.0,1.0,10
brightness,2,317,1.0,1.0,1.0,10
brightness,2,318,0.7142857142857143,1.0,0.8333333333333333,10
brightness,2,319,0.8181818181818182,0.9,0.8571428571428572,10
brightness,2,320,1.0,1.0,1.0,10
brightness,2,321,1.0,0.9,0.9473684210526316,10
brightness,2,322,0.5,0.7,0.5833333333333334,10
brightness,2,323,0.9,0.9,0.9,10
brightness,2,324,1.0,1.0,1.0,10
brightness,2,325,0.9,0.9,0.9,10
brightness,2,326,0.8333333333333334,1.0,0.9090909090909091,10
brightness,2,327,0.9,0.9,0.9,10
brightness,2,328,0.8333333333333334,1.0,0.9090909090909091,10
brightness,2,329,1.0,0.9,0.9473684210526316,10
brightness,2,330,1.0,1.0,1.0,10
brightness,2,331,0.8333333333333334,1.0,0.9090909090909091,10
brightness,2,332,0.8,0.8,0.8000000000000002,10
brightness,2,333,0.625,1.0,0.7692307692307693,10
brightness,2,334,1.0,0.9,0.9473684210526316,10
brightness,2,335,0.6,0.6,0.6,10
brightness,2,336,0.9090909090909091,1.0,0.9523809523809523,10
brightness,2,337,0.9,0.9,0.9,10
brightness,2,338,0.8888888888888888,0.8,0.8421052631578948,10
brightness,2,339,1.0,0.9,0.9473684210526316,10
brightness,2,340,0.8333333333333334,1.0,0.9090909090909091,10
brightness,2,341,0.6428571428571429,0.9,0.75,10
brightness,2,342,0.8333333333333334,1.0,0.9090909090909091,10
brightness,2,343,0.9,0.9,0.9,10
brightness,2,344,1.0,1.0,1.0,10
brightness,2,345,1.0,1.0,1.0,10
brightness,2,346,1.0,0.4,0.5714285714285715,10
brightness,2,347,0.7692307692307693,1.0,0.8695652173913044,10
brightness,2,348,1.0,0.8,0.888888888888889,10
brightness,2,349,0.8181818181818182,0.9,0.8571428571428572,10
brightness,2,350,1.0,1.0,1.0,10
brightness,2,351,1.0,0.8,0.888888888888889,10
brightness,2,352,0.9,0.9,0.9,10
brightness,2,353,1.0,0.8,0.888888888888889,10
brightness,2,354,0.875,0.7,0.7777777777777777,10
brightness,2,355,1.0,0.9,0.9473684210526316,10
brightness,2,356,1.0,1.0,1.0,10
brightness,2,357,0.8181818181818182,0.9,0.8571428571428572,10
brightness,2,358,0.8181818181818182,0.9,0.8571428571428572,10
brightness,2,359,1.0,0.8,0.888888888888889,10
brightness,2,360,0.9,0.9,0.9,10
brightness,2,361,1.0,0.9,0.9473684210526316,10
brightness,2,362,1.0,1.0,1.0,10
brightness,2,363,0.8333333333333334,1.0,0.9090909090909091,10
brightness,2,364,1.0,0.9,0.9473684210526316,10
brightness,2,365,0.9,0.9,0.9,10
brightness,2,366,1.0,1.0,1.0,10
brightness,2,367,1.0,0.9,0.9473684210526316,10
brightness,2,368,0.8333333333333334,1.0,0.9090909090909091,10
brightness,2,369,0.7777777777777778,0.7,0.7368421052631577,10
brightness,2,370,0.9090909090909091,1.0,0.9523809523809523,10
brightness,2,371,1.0,0.9,0.9473684210526316,10
brightness,2,372,0.8888888888888888,0.8,0.8421052631578948,10
brightness,2,373,1.0,0.8,0.888888888888889,10
brightness,2,374,1.0,0.5,0.6666666666666666,10
brightness,2,375,1.0,1.0,1.0,10
brightness,2,376,1.0,1.0,1.0,10
brightness,2,377,1.0,0.9,0.9473684210526316,10
brightness,2,378,1.0,1.0,1.0,10
brightness,2,379,0.9,0.9,0.9,10
brightness,2,380,0.8333333333333334,1.0,0.9090909090909091,10
brightness,2,381,0.7777777777777778,0.7,0.7368421052631577,10
brightness,2,382,1.0,1.0,1.0,10
brightness,2,383,0.9,0.9,0.9,10
brightness,2,384,1.0,0.9,0.9473684210526316,10
brightness,2,385,0.75,0.9,0.8181818181818182,10
brightness,2,386,0.9090909090909091,1.0,0.9523809523809523,10
brightness,2,387,0.8888888888888888,0.8,0.8421052631578948,10
brightness,2,388,1.0,0.5,0.6666666666666666,10
brightness,2,389,0.7777777777777778,0.7,0.7368421052631577,10
brightness,2,390,0.7,0.7,0.7,10
brightness,2,391,1.0,0.9,0.9473684210526316,10
brightness,2,392,0.9,0.9,0.9,10
brightness,2,393,0.6923076923076923,0.9,0.7826086956521738,10
brightness,2,394,0.9,0.9,0.9,10
brightness,2,395,0.8181818181818182,0.9,0.8571428571428572,10
brightness,2,396,1.0,1.0,1.0,10
brightness,2,397,1.0,1.0,1.0,10
brightness,2,398,0.8333333333333334,1.0,0.9090909090909091,10
brightness,2,399,0.8333333333333334,1.0,0.9090909090909091,10
brightness,2,400,0.9,0.9,0.9,10
brightness,2,401,1.0,1.0,1.0,10
brightness,2,402,1.0,0.9,0.9473684210526316,10
brightness,2,403,1.0,0.9,0.9473684210526316,10
brightness,2,404,1.0,1.0,1.0,10
brightness,2,405,0.7692307692307693,1.0,0.8695652173913044,10
brightness,2,406,1.0,1.0,1.0,10
brightness,2,407,0.7692307692307693,1.0,0.8695652173913044,10
brightness,2,408,0.8888888888888888,0.8,0.8421052631578948,10
brightness,2,409,1.0,0.8,0.888888888888889,10
brightness,2,410,0.6666666666666666,0.6,0.631578947368421,10
brightness,2,411,0.9090909090909091,1.0,0.9523809523809523,10
brightness,2,412,0.9,0.9,0.9,10
brightness,2,413,1.0,1.0,1.0,10
brightness,2,414,0.8181818181818182,0.9,0.8571428571428572,10
brightness,2,415,1.0,1.0,1.0,10
brightness,2,416,0.8333333333333334,1.0,0.9090909090909091,10
brightness,2,417,1.0,1.0,1.0,10
brightness,2,418,0.9,0.9,0.9,10
brightness,2,419,0.9090909090909091,1.0,0.9523809523809523,10
brightness,2,420,0.8333333333333334,1.0,0.9090909090909091,10
brightness,2,421,1.0,1.0,1.0,10
brightness,2,422,1.0,0.9,0.9473684210526316,10
brightness,2,423,0.8181818181818182,0.9,0.8571428571428572,10
brightness,2,424,1.0,1.0,1.0,10
brightness,2,425,1.0,1.0,1.0,10
brightness,2,426,1.0,0.9,0.9473684210526316,10
brightness,2,427,1.0,1.0,1.0,10
brightness,2,428,0.875,0.7,0.7777777777777777,10
brightness,2,429,0.9,0.9,0.9,10
brightness,2,430,0.9,0.9,0.9,10
brightness,2,431,1.0,0.9,0.9473684210526316,10
brightness,2,432,0.8181818181818182,0.9,0.8571428571428572,10
brightness,2,433,1.0,0.9,0.9473684210526316,10
brightness,2,434,1.0,0.8,0.888888888888889,10
brightness,2,435,0.7142857142857143,1.0,0.8333333333333333,10
brightness,2,436,1.0,0.8,0.888888888888889,10
brightness,2,437,0.9,0.9,0.9,10
brightness,2,438,0.7,0.7,0.7,10
brightness,2,439,0.8,0.8,0.8000000000000002,10
brightness,2,440,1.0,1.0,1.0,10
brightness,2,441,1.0,0.8,0.888888888888889,10
brightness,2,442,0.75,0.6,0.6666666666666665,10
brightness,2,443,1.0,1.0,1.0,10
brightness,2,444,1.0,1.0,1.0,10
brightness,2,445,1.0,0.9,0.9473684210526316,10
brightness,2,446,0.9,0.9,0.9,10
brightness,2,447,1.0,0.9,0.9473684210526316,10
brightness,2,448,1.0,0.8,0.888888888888889,10
brightness,2,449,0.9,0.9,0.9,10
brightness,2,450,1.0,1.0,1.0,10
brightness,2,451,1.0,0.8,0.888888888888889,10
brightness,2,452,1.0,1.0,1.0,10
brightness,2,453,0.9090909090909091,1.0,0.9523809523809523,10
brightness,2,454,0.9090909090909091,1.0,0.9523809523809523,10
brightness,2,455,0.7,0.7,0.7,10
brightness,2,456,0.7,0.7,0.7,10
brightness,2,457,1.0,1.0,1.0,10
brightness,2,458,1.0,0.8,0.888888888888889,10
brightness,2,459,1.0,1.0,1.0,10
brightness,2,460,1.0,1.0,1.0,10
brightness,2,461,0.8333333333333334,1.0,0.9090909090909091,10
brightness,2,462,0.7777777777777778,0.7,0.7368421052631577,10
brightness,2,463,0.8333333333333334,1.0,0.9090909090909091,10
brightness,2,464,1.0,0.9,0.9473684210526316,10
brightness,2,465,0.8888888888888888,0.8,0.8421052631578948,10
brightness,2,466,0.75,0.6,0.6666666666666665,10
brightness,2,467,0.8571428571428571,0.6,0.7058823529411764,10
brightness,2,468,0.7777777777777778,0.7,0.7368421052631577,10
brightness,2,469,0.9090909090909091,1.0,0.9523809523809523,10
brightness,2,470,1.0,0.7,0.8235294117647058,10
brightness,2,471,1.0,1.0,1.0,10
brightness,2,472,0.7,0.7,0.7,10
brightness,2,473,1.0,0.8,0.888888888888889,10
brightness,2,474,1.0,1.0,1.0,10
brightness,2,475,0.8333333333333334,1.0,0.9090909090909091,10
brightness,2,476,0.6153846153846154,0.8,0.6956521739130435,10
brightness,2,477,1.0,1.0,1.0,10
brightness,2,478,0.7272727272727273,0.8,0.761904761904762,10
brightness,2,479,0.9,0.9,0.9,10
brightness,2,480,0.9,0.9,0.9,10
brightness,2,481,0.8888888888888888,0.8,0.8421052631578948,10
brightness,2,482,1.0,0.9,0.9473684210526316,10
brightness,2,483,0.9090909090909091,1.0,0.9523809523809523,10
brightness,2,484,0.9090909090909091,1.0,0.9523809523809523,10
brightness,2,485,0.9,0.9,0.9,10
brightness,2,486,0.9090909090909091,1.0,0.9523809523809523,10
brightness,2,487,0.8181818181818182,0.9,0.8571428571428572,10
brightness,2,488,0.7692307692307693,1.0,0.8695652173913044,10
brightness,2,489,1.0,0.9,0.9473684210526316,10
brightness,2,490,0.9,0.9,0.9,10
brightness,2,491,1.0,1.0,1.0,10
brightness,2,492,0.75,0.9,0.8181818181818182,10
brightness,2,493,0.8181818181818182,0.9,0.8571428571428572,10
brightness,2,494,0.6363636363636364,0.7,0.6666666666666666,10
brightness,2,495,0.6666666666666666,0.6,0.631578947368421,10
brightness,2,496,0.7272727272727273,0.8,0.761904761904762,10
brightness,2,497,0.7142857142857143,0.5,0.588235294117647,10
brightness,2,498,0.9090909090909091,1.0,0.9523809523809523,10
brightness,2,499,0.9,0.9,0.9,10
brightness,3,000,1.0,1.0,1.0,10
brightness,3,001,1.0,0.6,0.7499999999999999,10
brightness,3,002,0.7142857142857143,1.0,0.8333333333333333,10
brightness,3,003,1.0,1.0,1.0,10
brightness,3,004,0.8333333333333334,1.0,0.9090909090909091,10
brightness,3,005,1.0,0.7,0.8235294117647058,10
brightness,3,006,0.8333333333333334,1.0,0.9090909090909091,10
brightness,3,007,0.8333333333333334,1.0,0.9090909090909091,10
brightness,3,008,0.875,0.7,0.7777777777777777,10
brightness,3,009,0.9090909090909091,1.0,0.9523809523809523,10
brightness,3,010,0.9090909090909091,1.0,0.9523809523809523,10
brightness,3,011,1.0,0.9,0.9473684210526316,10
brightness,3,012,0.9090909090909091,1.0,0.9523809523809523,10
brightness,3,013,0.8333333333333334,1.0,0.9090909090909091,10
brightness,3,014,1.0,0.9,0.9473684210526316,10
brightness,3,015,0.9090909090909091,1.0,0.9523809523809523,10
brightness,3,016,1.0,0.9,0.9473684210526316,10
brightness,3,017,1.0,0.9,0.9473684210526316,10
brightness,3,018,1.0,1.0,1.0,10
brightness,3,019,1.0,1.0,1.0,10
brightness,3,020,1.0,0.9,0.9473684210526316,10
brightness,3,021,0.9,0.9,0.9,10
brightness,3,022,0.8888888888888888,0.8,0.8421052631578948,10
brightness,3,023,0.8333333333333334,1.0,0.9090909090909091,10
brightness,3,024,1.0,1.0,1.0,10
brightness,3,025,1.0,0.9,0.9473684210526316,10
brightness,3,026,0.9,0.9,0.9,10
brightness,3,027,1.0,0.9,0.9473684210526316,10
brightness,3,028,0.8,0.8,0.8000000000000002,10
brightness,3,029,1.0,0.8,0.888888888888889,10
brightness,3,030,1.0,1.0,1.0,10
brightness,3,031,0.875,0.7,0.7777777777777777,10
brightness,3,032,0.75,0.9,0.8181818181818182,10
brightness,3,033,0.9,0.9,0.9,10
brightness,3,034,1.0,1.0,1.0,10
brightness,3,035,0.9,0.9,0.9,10
brightness,3,036,1.0,1.0,1.0,10
brightness,3,037,1.0,0.9,0.9473684210526316,10
brightness,3,038,0.8888888888888888,0.8,0.8421052631578948,10
brightness,3,039,1.0,0.8,0.888888888888889,10
brightness,3,040,1.0,1.0,1.0,10
brightness,3,041,1.0,1.0,1.0,10
brightness,3,042,0.8888888888888888,0.8,0.8421052631578948,10
brightness,3,043,1.0,0.9,0.9473684210526316,10
brightness,3,044,0.9090909090909091,1.0,0.9523809523809523,10
brightness,3,045,1.0,1.0,1.0,10
brightness,3,046,0.9,0.9,0.9,10
brightness,3,047,1.0,0.8,0.888888888888889,10
brightness,3,048,0.8181818181818182,0.9,0.8571428571428572,10
brightness,3,049,0.6666666666666666,0.8,0.7272727272727272,10
brightness,3,050,0.9,0.9,0.9,10
brightness,3,051,0.9090909090909091,1.0,0.9523809523809523,10
brightness,3,052,1.0,0.8,0.888888888888889,10
brightness,3,053,0.9,0.9,0.9,10
brightness,3,054,0.8,0.8,0.8000000000000002,10
brightness,3,055,0.9,0.9,0.9,10
brightness,3,056,1.0,1.0,1.0,10
brightness,3,057,0.9,0.9,0.9,10
brightness,3,058,1.0,1.0,1.0,10
brightness,3,059,1.0,1.0,1.0,10
brightness,3,060,1.0,1.0,1.0,10
brightness,3,061,1.0,1.0,1.0,10
brightness,3,062,1.0,1.0,1.0,10
brightness,3,063,0.9090909090909091,1.0,0.9523809523809523,10
brightness,3,064,1.0,0.6,0.7499999999999999,10
brightness,3,065,0.9,0.9,0.9,10
brightness,3,066,0.8333333333333334,1.0,0.9090909090909091,10
brightness,3,067,0.8571428571428571,0.6,0.7058823529411764,10
brightness,3,068,1.0,1.0,1.0,10
brightness,3,069,0.7777777777777778,0.7,0.7368421052631577,10
brightness,3,070,1.0,1.0,1.0,10
brightness,3,071,0.75,0.9,0.8181818181818182,10
brightness,3,072,1.0,0.9,0.9473684210526316,10
brightness,3,073,1.0,1.0,1.0,10
brightness,3,074,0.9,0.9,0.9,10
brightness,3,075,0.9,0.9,0.9,10
brightness,3,076,1.0,0.8,0.888888888888889,10
brightness,3,077,0.9090909090909091,1.0,0.9523809523809523,10
brightness,3,078,1.0,0.9,0.9473684210526316,10
brightness,3,079,0.8888888888888888,0.8,0.8421052631578948,10
brightness,3,080,1.0,0.9,0.9473684210526316,10
brightness,3,081,1.0,0.9,0.9473684210526316,10
brightness,3,082,1.0,1.0,1.0,10
brightness,3,083,1.0,1.0,1.0,10
brightness,3,084,0.8571428571428571,0.6,0.7058823529411764,10
brightness,3,085,0.9090909090909091,1.0,0.9523809523809523,10
brightness,3,086,1.0,1.0,1.0,10
brightness,3,087,0.7692307692307693,1.0,0.8695652173913044,10
brightness,3,088,0.8181818181818182,0.9,0.8571428571428572,10
brightness,3,089,1.0,1.0,1.0,10
brightness,3,090,0.875,0.7,0.7777777777777777,10
brightness,3,091,1.0,1.0,1.0,10
brightness,3,092,1.0,0.9,0.9473684210526316,10
brightness,3,093,1.0,1.0,1.0,10
brightness,3,094,0.5882352941176471,1.0,0.7407407407407407,10
brightness,3,095,1.0,1.0,1.0,10
brightness,3,096,1.0,0.9,0.9473684210526316,10
brightness,3,097,1.0,0.9,0.9473684210526316,10
brightness,3,098,0.9090909090909091,1.0,0.9523809523809523,10
brightness,3,099,0.9,0.9,0.9,10
brightness,3,100,0.9090909090909091,1.0,0.9523809523809523,10
brightness,3,101,1.0,1.0,1.0,10
brightness,3,102,1.0,0.9,0.9473684210526316,10
brightness,3,103,1.0,0.8,0.888888888888889,10
brightness,3,104,0.8888888888888888,0.8,0.8421052631578948,10
brightness,3,105,1.0,1.0,1.0,10
brightness,3,106,1.0,0.8,0.888888888888889,10
brightness,3,107,1.0,1.0,1.0,10
brightness,3,108,1.0,1.0,1.0,10
brightness,3,109,0.9,0.9,0.9,10
brightness,3,110,1.0,0.7,0.8235294117647058,10
brightness,3,111,1.0,0.9,0.9473684210526316,10
brightness,3,112,1.0,1.0,1.0,10
brightness,3,113,1.0,1.0,1.0,10
brightness,3,114,0.8333333333333334,1.0,0.9090909090909091,10
brightness,3,115,1.0,1.0,1.0,10
brightness,3,116,1.0,1.0,1.0,10
brightness,3,117,1.0,1.0,1.0,10
brightness,3,118,1.0,0.9,0.9473684210526316,10
brightness,3,119,0.875,0.7,0.7777777777777777,10
brightness,3,120,0.8333333333333334,1.0,0.9090909090909091,10
brightness,3,121,0.5384615384615384,0.7,0.608695652173913,10
brightness,3,122,0.5555555555555556,0.5,0.5263157894736842,10
brightness,3,123,0.9,0.9,0.9,10
brightness,3,124,1.0,0.9,0.9473684210526316,10
brightness,3,125,0.9090909090909091,1.0,0.9523809523809523,10
brightness,3,126,1.0,0.9,0.9473684210526316,10
brightness,3,127,1.0,0.7,0.8235294117647058,10
brightness,3,128,0.875,0.7,0.7777777777777777,10
brightness,3,129,1.0,0.7,0.8235294117647058,10
brightness,3,130,0.7,0.7,0.7,10
brightness,3,131,0.75,0.9,0.8181818181818182,10
brightness,3,132,1.0,1.0,1.0,10
brightness,3,133,0.8,0.8,0.8000000000000002,10
brightness,3,134,0.9090909090909091,1.0,0.9523809523809523,10
brightness,3,135,0.8333333333333334,1.0,0.9090909090909091,10
brightness,3,136,0.9090909090909091,1.0,0.9523809523809523,10
brightness,3,137,0.8333333333333334,1.0,0.9090909090909091,10
brightness,3,138,1.0,0.7,0.8235294117647058,10
brightness,3,139,0.6666666666666666,0.6,0.631578947368421,10
brightness,3,140,0.7,0.7,0.7,10
brightness,3,141,0.75,0.9,0.8181818181818182,10
brightness,3,142,1.0,0.8,0.888888888888889,10
brightness,3,143,0.7777777777777778,0.7,0.7368421052631577,10
brightness,3,144,0.9090909090909091,1.0,0.9523809523809523,10
brightness,3,145,1.0,1.0,1.0,10
brightness,3,146,1.0,1.0,1.0,10
brightness,3,147,1.0,0.9,0.9473684210526316,10
brightness,3,148,1.0,1.0,1.0,10
brightness,3,149,1.0,0.9,0.9473684210526316,10
brightness,3,150,0.9,0.9,0.9,10
brightness,3,151,0.9090909090909091,1.0,0.9523809523809523,10
brightness,3,152,0.8181818181818182,0.9,0.8571428571428572,10
brightness,3,153,0.9090909090909091,1.0,0.9523809523809523,10
brightness,3,154,0.9,0.9,0.9,10
brightness,3,155,0.8,0.8,0.8000000000000002,10
brightness,3,156,0.75,0.6,0.6666666666666665,10
brightness,3,157,0.6,0.3,0.4,10
brightness,3,158,0.8571428571428571,0.6,0.7058823529411764,10
brightness,3,159,0.7272727272727273,0.8,0.761904761904762,10
brightness,3,160,0.5,0.8,0.6153846153846154,10
brightness,3,161,0.5833333333333334,0.7,0.6363636363636365,10
brightness,3,162,1.0,0.9,0.9473684210526316,10
brightness,3,163,0.8333333333333334,1.0,0.9090909090909091,10
brightness,3,164,0.75,0.9,0.8181818181818182,10
brightness,3,165,0.5384615384615384,0.7,0.608695652173913,10
brightness,3,166,0.7142857142857143,0.5,0.588235294117647,10
brightness,3,167,1.0,0.8,0.888888888888889,10
brightness,3,168,0.875,0.7,0.7777777777777777,10
brightness,3,169,0.8,0.8,0.8000000000000002,10
brightness,3,170,0.9090909090909091,1.0,0.9523809523809523,10
brightness,3,171,0.9,0.9,0.9,10
brightness,3,172,1.0,0.9,0.9473684210526316,10
brightness,3,173,1.0,0.9,0.9473684210526316,10
brightness,3,174,0.8888888888888888,0.8,0.8421052631578948,10
brightness,3,175,1.0,0.7,0.8235294117647058,10
brightness,3,176,0.625,1.0,0.7692307692307693,10
brightness,3,177,0.8888888888888888,0.8,0.8421052631578948,10
brightness,3,178,0.8333333333333334,0.5,0.625,10
brightness,3,179,0.875,0.7,0.7777777777777777,10
brightness,3,180,0.5,0.5,0.5,10
brightness,3,181,0.8888888888888888,0.8,0.8421052631578948,10
brightness,3,182,0.5454545454545454,0.6,0.5714285714285713,10
brightness,3,183,0.9090909090909091,1.0,0.9523809523809523,10
brightness,3,184,1.0,0.8,0.888888888888889,10
brightness,3,185,0.6923076923076923,0.9,0.7826086956521738,10
brightness,3,186,0.8181818181818182,0.9,0.8571428571428572,10
brightness,3,187,0.5833333333333334,0.7,0.6363636363636365,10
brightness,3,188,1.0,0.8,0.888888888888889,10
brightness,3,189,1.0,1.0,1.0,10
brightness,3,190,0.75,0.9,0.8181818181818182,10
brightness,3,191,0.9090909090909091,1.0,0.9523809523809523,10
brightness,3,192,1.0,0.8,0.888888888888889,10
brightness,3,193,0.8571428571428571,0.6,0.7058823529411764,10
brightness,3,194,1.0,0.9,0.9473684210526316,10
brightness,3,195,0.8,0.8,0.8000000000000002,10
brightness,3,196,0.9090909090909091,1.0,0.9523809523809523,10
brightness,3,197,0.7,0.7,0.7,10
brightness,3,198,0.7,0.7,0.7,10
brightness,3,199,0.8,0.8,0.8000000000000002,10
brightness,3,200,0.8888888888888888,0.8,0.8421052631578948,10
brightness,3,201,1.0,0.9,0.9473684210526316,10
brightness,3,202,0.7777777777777778,0.7,0.7368421052631577,10
brightness,3,203,0.7272727272727273,0.8,0.761904761904762,10
brightness,3,204,0.6666666666666666,0.8,0.7272727272727272,10
brightness,3,205,0.7142857142857143,1.0,0.8333333333333333,10
brightness,3,206,1.0,0.5,0.6666666666666666,10
brightness,3,207,0.8181818181818182,0.9,0.8571428571428572,10
brightness,3,208,0.8333333333333334,1.0,0.9090909090909091,10
brightness,3,209,0.8888888888888888,0.8,0.8421052631578948,10
brightness,3,210,0.625,1.0,0.7692307692307693,10
brightness,3,211,0.8181818181818182,0.9,0.8571428571428572,10
brightness,3,212,0.8571428571428571,0.6,0.7058823529411764,10
brightness,3,213,1.0,0.8,0.888888888888889,10
brightness,3,214,0.6363636363636364,0.7,0.6666666666666666,10
brightness,3,215,0.6666666666666666,0.8,0.7272727272727272,10
brightness,3,216,0.8888888888888888,0.8,0.8421052631578948,10
brightness,3,217,1.0,0.5,0.6666666666666666,10
brightness,3,218,0.9,0.9,0.9,10
brightness,3,219,0.7777777777777778,0.7,0.7368421052631577,10
brightness,3,220,0.6153846153846154,0.8,0.6956521739130435,10
brightness,3,221,0.8888888888888888,0.8,0.8421052631578948,10
brightness,3,222,0.8181818181818182,0.9,0.8571428571428572,10
brightness,3,223,1.0,1.0,1.0,10
brightness,3,224,1.0,0.6,0.7499999999999999,10
brightness,3,225,0.5555555555555556,1.0,0.7142857142857143,10
brightness,3,226,1.0,0.9,0.9473684210526316,10
brightness,3,227,0.5384615384615384,0.7,0.608695652173913,10
brightness,3,228,1.0,0.6,0.7499999999999999,10
brightness,3,229,0.9,0.9,0.9,10
brightness,3,230,1.0,0.8,0.888888888888889,10
brightness,3,231,0.7777777777777778,0.7,0.7368421052631577,10
brightness,3,232,0.6666666666666666,0.8,0.7272727272727272,10
brightness,3,233,0.75,0.6,0.6666666666666665,10
brightness,3,234,0.9,0.9,0.9,10
brightness,3,235,0.9,0.9,0.9,10
brightness,3,236,1.0,0.9,0.9473684210526316,10
brightness,3,237,1.0,0.8,0.888888888888889,10
brightness,3,238,0.7692307692307693,1.0,0.8695652173913044,10
brightness,3,239,1.0,0.9,0.9473684210526316,10
brightness,3,240,1.0,0.7,0.8235294117647058,10
brightness,3,241,0.6428571428571429,0.9,0.75,10
brightness,3,242,1.0,0.7,0.8235294117647058,10
brightness,3,243,1.0,1.0,1.0,10
brightness,3,244,1.0,0.9,0.9473684210526316,10
brightness,3,245,0.75,0.9,0.8181818181818182,10
brightness,3,246,0.7272727272727273,0.8,0.761904761904762,10
brightness,3,247,0.8,0.4,0.5333333333333333,10
brightness,3,248,0.8,0.8,0.8000000000000002,10
brightness,3,249,0.6153846153846154,0.8,0.6956521739130435,10
brightness,3,250,0.8333333333333334,1.0,0.9090909090909091,10
brightness,3,251,1.0,1.0,1.0,10
brightness,3,252,1.0,0.8,0.888888888888889,10
brightness,3,253,0.5833333333333334,0.7,0.6363636363636365,10
brightness,3,254,0.75,0.9,0.8181818181818182,10
brightness,3,255,1.0,1.0,1.0,10
brightness,3,256,0.6666666666666666,0.4,0.5,10
brightness,3,257,0.75,0.9,0.8181818181818182,10
brightness,3,258,1.0,0.7,0.8235294117647058,10
brightness,3,259,0.7272727272727273,0.8,0.761904761904762,10
brightness,3,260,0.8181818181818182,0.9,0.8571428571428572,10
brightness,3,261,0.9090909090909091,1.0,0.9523809523809523,10
brightness,3,262,0.8181818181818182,0.9,0.8571428571428572,10
brightness,3,263,1.0,0.9,0.9473684210526316,10
brightness,3,264,0.9090909090909091,1.0,0.9523809523809523,10
brightness,3,265,0.6,0.6,0.6,10
brightness,3,266,0.75,0.9,0.8181818181818182,10
brightness,3,267,0.7777777777777778,0.7,0.7368421052631577,10
brightness,3,268,0.75,0.9,0.8181818181818182,10
brightness,3,269,0.9090909090909091,1.0,0.9523809523809523,10
brightness,3,270,0.9090909090909091,1.0,0.9523809523809523,10
brightness,3,271,0.8181818181818182,0.9,0.8571428571428572,10
brightness,3,272,1.0,0.9,0.9473684210526316,10
brightness,3,273,0.8181818181818182,0.9,0.8571428571428572,10
brightness,3,274,1.0,0.8,0.888888888888889,10
brightness,3,275,0.9,0.9,0.9,10
brightness,3,276,0.6,0.9,0.7200000000000001,10
brightness,3,277,0.75,0.9,0.8181818181818182,10
brightness,3,278,0.8571428571428571,0.6,0.7058823529411764,10
brightness,3,279,0.9090909090909091,1.0,0.9523809523809523,10
brightness,3,280,1.0,0.9,0.9473684210526316,10
brightness,3,281,0.9,0.9,0.9,10
brightness,3,282,1.0,0.8,0.888888888888889,10
brightness,3,283,0.9090909090909091,1.0,0.9523809523809523,10
brightness,3,284,0.8181818181818182,0.9,0.8571428571428572,10
brightness,3,285,1.0,1.0,1.0,10
brightness,3,286,0.8181818181818182,0.9,0.8571428571428572,10
brightness,3,287,0.875,0.7,0.7777777777777777,10
brightness,3,288,0.9090909090909091,1.0,0.9523809523809523,10
brightness,3,289,0.9090909090909091,1.0,0.9523809523809523,10
brightness,3,290,1.0,0.8,0.888888888888889,10
brightness,3,291,1.0,1.0,1.0,10
brightness,3,292,0.9090909090909091,1.0,0.9523809523809523,10
brightness,3,293,1.0,0.7,0.8235294117647058,10
brightness,3,294,0.7692307692307693,1.0,0.8695652173913044,10
brightness,3,295,1.0,0.9,0.9473684210526316,10
brightness,3,296,1.0,0.9,0.9473684210526316,10
brightness,3,297,1.0,0.9,0.9473684210526316,10
brightness,3,298,0.9090909090909091,1.0,0.9523809523809523,10
brightness,3,299,0.9090909090909091,1.0,0.9523809523809523,10
brightness,3,300,0.8333333333333334,1.0,0.9090909090909091,10
brightness,3,301,1.0,1.0,1.0,10
brightness,3,302,1.0,1.0,1.0,10
brightness,3,303,0.9090909090909091,1.0,0.9523809523809523,10
brightness,3,304,0.8333333333333334,1.0,0.9090909090909091,10
brightness,3,305,1.0,0.9,0.9473684210526316,10
brightness,3,306,0.9,0.9,0.9,10
brightness,3,307,1.0,1.0,1.0,10
brightness,3,308,0.6153846153846154,0.8,0.6956521739130435,10
brightness,3,309,0.8333333333333334,1.0,0.9090909090909091,10
brightness,3,310,0.8888888888888888,0.8,0.8421052631578948,10
brightness,3,311,1.0,1.0,1.0,10
brightness,3,312,0.8181818181818182,0.9,0.8571428571428572,10
brightness,3,313,0.8181818181818182,0.9,0.8571428571428572,10
brightness,3,314,0.7777777777777778,0.7,0.7368421052631577,10
brightness,3,315,1.0,1.0,1.0,10
brightness,3,316,1.0,1.0,1.0,10
brightness,3,317,1.0,1.0,1.0,10
brightness,3,318,0.7692307692307693,1.0,0.8695652173913044,10
brightness,3,319,0.8181818181818182,0.9,0.8571428571428572,10
brightness,3,320,1.0,1.0,1.0,10
brightness,3,321,1.0,0.9,0.9473684210526316,10
brightness,3,322,0.5333333333333333,0.8,0.64,10
brightness,3,323,0.9,0.9,0.9,10
brightness,3,324,1.0,1.0,1.0,10
brightness,3,325,0.9,0.9,0.9,10
brightness,3,326,1.0,1.0,1.0,10
brightness,3,327,0.9,0.9,0.9,10
brightness,3,328,0.8333333333333334,1.0,0.9090909090909091,10
brightness,3,329,1.0,0.9,0.9473684210526316,10
brightness,3,330,0.8333333333333334,1.0,0.9090909090909091,10
brightness,3,331,0.9090909090909091,1.0,0.9523809523809523,10
brightness,3,332,0.8,0.8,0.8000000000000002,10
brightness,3,333,0.6428571428571429,0.9,0.75,10
brightness,3,334,1.0,0.9,0.9473684210526316,10
brightness,3,335,0.6,0.6,0.6,10
brightness,3,336,0.9090909090909091,1.0,0.9523809523809523,10
brightness,3,337,0.9,0.9,0.9,10
brightness,3,338,0.8888888888888888,0.8,0.8421052631578948,10
brightness,3,339,1.0,0.9,0.9473684210526316,10
brightness,3,340,0.8333333333333334,1.0,0.9090909090909091,10
brightness,3,341,0.6666666666666666,1.0,0.8,10
brightness,3,342,0.8333333333333334,1.0,0.9090909090909091,10
brightness,3,343,0.8181818181818182,0.9,0.8571428571428572,10
brightness,3,344,1.0,1.0,1.0,10
brightness,3,345,1.0,1.0,1.0,10
brightness,3,346,1.0,0.4,0.5714285714285715,10
brightness,3,347,0.75,0.9,0.8181818181818182,10
brightness,3,348,1.0,0.8,0.888888888888889,10
brightness,3,349,0.75,0.9,0.8181818181818182,10
brightness,3,350,1.0,1.0,1.0,10
brightness,3,351,1.0,0.8,0.888888888888889,10
brightness,3,352,0.9,0.9,0.9,10
brightness,3,353,0.7272727272727273,0.8,0.761904761904762,10
brightness,3,354,0.875,0.7,0.7777777777777777,10
brightness,3,355,1.0,0.9,0.9473684210526316,10
brightness,3,356,1.0,1.0,1.0,10
brightness,3,357,0.8181818181818182,0.9,0.8571428571428572,10
brightness,3,358,0.8181818181818182,0.9,0.8571428571428572,10
brightness,3,359,1.0,0.9,0.9473684210526316,10
brightness,3,360,0.9,0.9,0.9,10
brightness,3,361,1.0,0.9,0.9473684210526316,10
brightness,3,362,1.0,1.0,1.0,10
brightness,3,363,0.9090909090909091,1.0,0.9523809523809523,10
brightness,3,364,1.0,0.9,0.9473684210526316,10
brightness,3,365,0.9090909090909091,1.0,0.9523809523809523,10
brightness,3,366,0.9090909090909091,1.0,0.9523809523809523,10
brightness,3,367,1.0,0.9,0.9473684210526316,10
brightness,3,368,0.8333333333333334,1.0,0.9090909090909091,10
brightness,3,369,0.7777777777777778,0.7,0.7368421052631577,10
brightness,3,370,1.0,1.0,1.0,10
brightness,3,371,1.0,0.8,0.888888888888889,10
brightness,3,372,0.8888888888888888,0.8,0.8421052631578948,10
brightness,3,373,0.875,0.7,0.7777777777777777,10
brightness,3,374,1.0,0.6,0.7499999999999999,10
brightness,3,375,1.0,1.0,1.0,10
brightness,3,376,0.9090909090909091,1.0,0.9523809523809523,10
brightness,3,377,1.0,0.9,0.9473684210526316,10
brightness,3,378,1.0,1.0,1.0,10
brightness,3,379,0.9,0.9,0.9,10
brightness,3,380,0.9090909090909091,1.0,0.9523809523809523,10
brightness,3,381,0.875,0.7,0.7777777777777777,10
brightness,3,382,1.0,1.0,1.0,10
brightness,3,383,0.8888888888888888,0.8,0.8421052631578948,10
brightness,3,384,1.0,0.9,0.9473684210526316,10
brightness,3,385,0.6923076923076923,0.9,0.7826086956521738,10
brightness,3,386,0.9090909090909091,1.0,0.9523809523809523,10
brightness,3,387,0.875,0.7,0.7777777777777777,10
brightness,3,388,1.0,0.5,0.6666666666666666,10
brightness,3,389,0.8,0.8,0.8000000000000002,10
brightness,3,390,0.6363636363636364,0.7,0.6666666666666666,10
brightness,3,391,1.0,0.9,0.9473684210526316,10
brightness,3,392,0.9,0.9,0.9,10
brightness,3,393,0.75,0.9,0.8181818181818182,10
brightness,3,394,1.0,0.8,0.888888888888889,10
brightness,3,395,0.8181818181818182,0.9,0.8571428571428572,10
brightness,3,396,1.0,1.0,1.0,10
brightness,3,397,1.0,1.0,1.0,10
brightness,3,398,0.8333333333333334,1.0,0.9090909090909091,10
brightness,3,399,0.9090909090909091,1.0,0.9523809523809523,10
brightness,3,400,1.0,0.8,0.888888888888889,10
brightness,3,401,1.0,1.0,1.0,10
brightness,3,402,1.0,0.9,0.9473684210526316,10
brightness,3,403,1.0,1.0,1.0,10
brightness,3,404,0.9090909090909091,1.0,0.9523809523809523,10
brightness,3,405,0.7692307692307693,1.0,0.8695652173913044,10
brightness,3,406,1.0,1.0,1.0,10
brightness,3,407,0.7692307692307693,1.0,0.8695652173913044,10
brightness,3,408,0.8,0.8,0.8000000000000002,10
brightness,3,409,1.0,0.8,0.888888888888889,10
brightness,3,410,0.8333333333333334,0.5,0.625,10
brightness,3,411,0.9090909090909091,1.0,0.9523809523809523,10
brightness,3,412,0.9,0.9,0.9,10
brightness,3,413,0.9090909090909091,1.0,0.9523809523809523,10
brightness,3,414,0.8181818181818182,0.9,0.8571428571428572,10
brightness,3,415,1.0,1.0,1.0,10
brightness,3,416,0.8333333333333334,1.0,0.9090909090909091,10
brightness,3,417,1.0,1.0,1.0,10
brightness,3,418,1.0,0.9,0.9473684210526316,10
brightness,3,419,0.9090909090909091,1.0,0.9523809523809523,10
brightness,3,420,0.8333333333333334,1.0,0.9090909090909091,10
brightness,3,421,1.0,1.0,1.0,10
brightness,3,422,1.0,0.9,0.9473684210526316,10
brightness,3,423,0.6923076923076923,0.9,0.7826086956521738,10
brightness,3,424,1.0,1.0,1.0,10
brightness,3,425,1.0,1.0,1.0,10
brightness,3,426,1.0,0.9,0.9473684210526316,10
brightness,3,427,1.0,1.0,1.0,10
brightness,3,428,0.8,0.8,0.8000000000000002,10
brightness,3,429,0.8,0.8,0.8000000000000002,10
brightness,3,430,0.9,0.9,0.9,10
brightness,3,431,1.0,0.9,0.9473684210526316,10
brightness,3,432,0.8181818181818182,0.9,0.8571428571428572,10
brightness,3,433,0.9,0.9,0.9,10
brightness,3,434,1.0,0.8,0.888888888888889,10
brightness,3,435,0.75,0.9,0.8181818181818182,10
brightness,3,436,1.0,0.8,0.888888888888889,10
brightness,3,437,1.0,0.9,0.9473684210526316,10
brightness,3,438,0.7,0.7,0.7,10
brightness,3,439,0.8,0.8,0.8000000000000002,10
brightness,3,440,1.0,1.0,1.0,10
brightness,3,441,1.0,0.8,0.888888888888889,10
brightness,3,442,0.75,0.6,0.6666666666666665,10
brightness,3,443,1.0,1.0,1.0,10
brightness,3,444,1.0,1.0,1.0,10
brightness,3,445,1.0,0.9,0.9473684210526316,10
brightness,3,446,0.8888888888888888,0.8,0.8421052631578948,10
brightness,3,447,1.0,0.9,0.9473684210526316,10
brightness,3,448,1.0,0.8,0.888888888888889,10
brightness,3,449,0.8888888888888888,0.8,0.8421052631578948,10
brightness,3,450,1.0,1.0,1.0,10
brightness,3,451,1.0,0.8,0.888888888888889,10
brightness,3,452,1.0,1.0,1.0,10
brightness,3,453,0.9090909090909091,1.0,0.9523809523809523,10
brightness,3,454,0.9090909090909091,1.0,0.9523809523809523,10
brightness,3,455,0.7,0.7,0.7,10
brightness,3,456,0.7272727272727273,0.8,0.761904761904762,10
brightness,3,457,1.0,1.0,1.0,10
brightness,3,458,1.0,0.9,0.9473684210526316,10
brightness,3,459,1.0,1.0,1.0,10
brightness,3,460,1.0,1.0,1.0,10
brightness,3,461,0.8333333333333334,1.0,0.9090909090909091,10
brightness,3,462,0.875,0.7,0.7777777777777777,10
brightness,3,463,0.7142857142857143,1.0,0.8333333333333333,10
brightness,3,464,1.0,0.9,0.9473684210526316,10
brightness,3,465,0.8888888888888888,0.8,0.8421052631578948,10
brightness,3,466,0.75,0.6,0.6666666666666665,10
brightness,3,467,0.8571428571428571,0.6,0.7058823529411764,10
brightness,3,468,0.7272727272727273,0.8,0.761904761904762,10
brightness,3,469,0.8333333333333334,1.0,0.9090909090909091,10
brightness,3,470,1.0,0.8,0.888888888888889,10
brightness,3,471,1.0,1.0,1.0,10
brightness,3,472,0.7272727272727273,0.8,0.761904761904762,10
brightness,3,473,1.0,0.8,0.888888888888889,10
brightness,3,474,1.0,1.0,1.0,10
brightness,3,475,0.9090909090909091,1.0,0.9523809523809523,10
brightness,3,476,0.6153846153846154,0.8,0.6956521739130435,10
brightness,3,477,1.0,1.0,1.0,10
brightness,3,478,0.7272727272727273,0.8,0.761904761904762,10
brightness,3,479,0.9,0.9,0.9,10
brightness,3,480,0.8888888888888888,0.8,0.8421052631578948,10
brightness,3,481,0.7777777777777778,0.7,0.7368421052631577,10
brightness,3,482,1.0,0.9,0.9473684210526316,10
brightness,3,483,0.9090909090909091,1.0,0.9523809523809523,10
brightness,3,484,0.8333333333333334,1.0,0.9090909090909091,10
brightness,3,485,0.9,0.9,0.9,10
brightness,3,486,0.9090909090909091,1.0,0.9523809523809523,10
brightness,3,487,0.8181818181818182,0.9,0.8571428571428572,10
brightness,3,488,0.7142857142857143,1.0,0.8333333333333333,10
brightness,3,489,1.0,0.9,0.9473684210526316,10
brightness,3,490,0.9,0.9,0.9,10
brightness,3,491,1.0,1.0,1.0,10
brightness,3,492,0.6923076923076923,0.9,0.7826086956521738,10
brightness,3,493,0.8181818181818182,0.9,0.8571428571428572,10
brightness,3,494,0.6666666666666666,0.8,0.7272727272727272,10
brightness,3,495,0.7142857142857143,0.5,0.588235294117647,10
brightness,3,496,0.7272727272727273,0.8,0.761904761904762,10
brightness,3,497,0.6666666666666666,0.6,0.631578947368421,10
brightness,3,498,0.9090909090909091,1.0,0.9523809523809523,10
brightness,3,499,0.8888888888888888,0.8,0.8421052631578948,10
brightness,4,000,0.9090909090909091,1.0,0.9523809523809523,10
brightness,4,001,1.0,0.6,0.7499999999999999,10
brightness,4,002,0.6923076923076923,0.9,0.7826086956521738,10
brightness,4,003,1.0,1.0,1.0,10
brightness,4,004,0.7692307692307693,1.0,0.8695652173913044,10
brightness,4,005,1.0,0.7,0.8235294117647058,10
brightness,4,006,0.8333333333333334,1.0,0.9090909090909091,10
brightness,4,007,0.8181818181818182,0.9,0.8571428571428572,10
brightness,4,008,0.875,0.7,0.7777777777777777,10
brightness,4,009,1.0,1.0,1.0,10
brightness,4,010,0.9090909090909091,1.0,0.9523809523809523,10
brightness,4,011,0.9,0.9,0.9,10
brightness,4,012,0.9090909090909091,1.0,0.9523809523809523,10
brightness,4,013,0.8333333333333334,1.0,0.9090909090909091,10
brightness,4,014,1.0,0.9,0.9473684210526316,10
brightness,4,015,1.0,1.0,1.0,10
brightness,4,016,1.0,0.9,0.9473684210526316,10
brightness,4,017,1.0,0.9,0.9473684210526316,10
brightness,4,018,1.0,1.0,1.0,10
brightness,4,019,1.0,0.9,0.9473684210526316,10
brightness,4,020,0.8181818181818182,0.9,0.8571428571428572,10
brightness,4,021,0.9,0.9,0.9,10
brightness,4,022,0.8888888888888888,0.8,0.8421052631578948,10
brightness,4,023,0.7142857142857143,1.0,0.8333333333333333,10
brightness,4,024,1.0,1.0,1.0,10
brightness,4,025,1.0,0.8,0.888888888888889,10
brightness,4,026,1.0,0.8,0.888888888888889,10
brightness,4,027,1.0,0.9,0.9473684210526316,10
brightness,4,028,0.7272727272727273,0.8,0.761904761904762,10
brightness,4,029,1.0,0.8,0.888888888888889,10
brightness,4,030,0.8333333333333334,1.0,0.9090909090909091,10
brightness,4,031,0.8571428571428571,0.6,0.7058823529411764,10
brightness,4,032,0.75,0.9,0.8181818181818182,10
brightness,4,033,0.9,0.9,0.9,10
brightness,4,034,1.0,0.9,0.9473684210526316,10
brightness,4,035,0.8181818181818182,0.9,0.8571428571428572,10
brightness,4,036,0.8181818181818182,0.9,0.8571428571428572,10
brightness,4,037,1.0,0.9,0.9473684210526316,10
brightness,4,038,0.875,0.7,0.7777777777777777,10
brightness,4,039,0.8888888888888888,0.8,0.8421052631578948,10
brightness,4,040,1.0,1.0,1.0,10
brightness,4,041,1.0,1.0,1.0,10
brightness,4,042,0.9,0.9,0.9,10
brightness,4,043,1.0,0.9,0.9473684210526316,10
brightness,4,044,0.9090909090909091,1.0,0.9523809523809523,10
brightness,4,045,1.0,1.0,1.0,10
brightness,4,046,0.9090909090909091,1.0,0.9523809523809523,10
brightness,4,047,1.0,0.8,0.888888888888889,10
brightness,4,048,0.8181818181818182,0.9,0.8571428571428572,10
brightness,4,049,0.75,0.9,0.8181818181818182,10
brightness,4,050,1.0,0.9,0.9473684210526316,10
brightness,4,051,0.9090909090909091,1.0,0.9523809523809523,10
brightness,4,052,1.0,0.8,0.888888888888889,10
brightness,4,053,1.0,0.9,0.9473684210526316,10
brightness,4,054,0.8,0.8,0.8000000000000002,10
brightness,4,055,0.9,0.9,0.9,10
brightness,4,056,1.0,0.9,0.9473684210526316,10
brightness,4,057,0.75,0.9,0.8181818181818182,10
brightness,4,058,1.0,1.0,1.0,10
brightness,4,059,1.0,1.0,1.0,10
brightness,4,060,1.0,1.0,1.0,10
brightness,4,061,0.9090909090909091,1.0,0.9523809523809523,10
brightness,4,062,1.0,1.0,1.0,10
brightness,4,063,1.0,1.0,1.0,10
brightness,4,064,1.0,0.6,0.7499999999999999,10
brightness,4,065,1.0,0.9,0.9473684210526316,10
brightness,4,066,0.7692307692307693,1.0,0.8695652173913044,10
brightness,4,067,0.8571428571428571,0.6,0.7058823529411764,10
brightness,4,068,1.0,1.0,1.0,10
brightness,4,069,0.7272727272727273,0.8,0.761904761904762,10
brightness,4,070,1.0,1.0,1.0,10
brightness,4,071,0.9,0.9,0.9,10
brightness,4,072,1.0,0.9,0.9473684210526316,10
brightness,4,073,1.0,1.0,1.0,10
brightness,4,074,0.8888888888888888,0.8,0.8421052631578948,10
brightness,4,075,0.8181818181818182,0.9,0.8571428571428572,10
brightness,4,076,1.0,0.8,0.888888888888889,10
brightness,4,077,0.9090909090909091,1.0,0.9523809523809523,10
brightness,4,078,1.0,0.8,0.888888888888889,10
brightness,4,079,0.8,0.8,0.8000000000000002,10
brightness,4,080,1.0,0.9,0.9473684210526316,10
brightness,4,081,1.0,0.9,0.9473684210526316,10
brightness,4,082,0.9090909090909091,1.0,0.9523809523809523,10
brightness,4,083,1.0,1.0,1.0,10
brightness,4,084,1.0,0.7,0.8235294117647058,10
brightness,4,085,0.9090909090909091,1.0,0.9523809523809523,10
brightness,4,086,0.9090909090909091,1.0,0.9523809523809523,10
brightness,4,087,0.8333333333333334,1.0,0.9090909090909091,10
brightness,4,088,0.7692307692307693,1.0,0.8695652173913044,10
brightness,4,089,1.0,0.9,0.9473684210526316,10
brightness,4,090,0.875,0.7,0.7777777777777777,10
brightness,4,091,0.9090909090909091,1.0,0.9523809523809523,10
brightness,4,092,1.0,0.9,0.9473684210526316,10
brightness,4,093,1.0,1.0,1.0,10
brightness,4,094,0.6,0.9,0.7200000000000001,10
brightness,4,095,1.0,1.0,1.0,10
brightness,4,096,1.0,0.9,0.9473684210526316,10
brightness,4,097,1.0,0.9,0.9473684210526316,10
brightness,4,098,0.9,0.9,0.9,10
brightness,4,099,0.8181818181818182,0.9,0.8571428571428572,10
brightness,4,100,0.9090909090909091,1.0,0.9523809523809523,10
brightness,4,101,1.0,1.0,1.0,10
brightness,4,102,1.0,0.9,0.9473684210526316,10
brightness,4,103,1.0,0.8,0.888888888888889,10
brightness,4,104,1.0,0.8,0.888888888888889,10
brightness,4,105,1.0,1.0,1.0,10
brightness,4,106,1.0,0.7,0.8235294117647058,10
brightness,4,107,0.9090909090909091,1.0,0.9523809523809523,10
brightness,4,108,1.0,1.0,1.0,10
brightness,4,109,1.0,0.9,0.9473684210526316,10
brightness,4,110,1.0,0.6,0.7499999999999999,10
brightness,4,111,1.0,0.9,0.9473684210526316,10
brightness,4,112,1.0,1.0,1.0,10
brightness,4,113,1.0,1.0,1.0,10
brightness,4,114,0.8333333333333334,1.0,0.9090909090909091,10
brightness,4,115,1.0,0.9,0.9473684210526316,10
brightness,4,116,1.0,1.0,1.0,10
brightness,4,117,0.9090909090909091,1.0,0.9523809523809523,10
brightness,4,118,1.0,0.9,0.9473684210526316,10
brightness,4,119,1.0,0.7,0.8235294117647058,10
brightness,4,120,0.9090909090909091,1.0,0.9523809523809523,10
brightness,4,121,0.5,0.7,0.5833333333333334,10
brightness,4,122,0.5714285714285714,0.4,0.47058823529411764,10
brightness,4,123,0.9090909090909091,1.0,0.9523809523809523,10
brightness,4,124,1.0,0.9,0.9473684210526316,10
brightness,4,125,0.9090909090909091,1.0,0.9523809523809523,10
brightness,4,126,1.0,0.9,0.9473684210526316,10
brightness,4,127,1.0,0.7,0.8235294117647058,10
brightness,4,128,1.0,0.7,0.8235294117647058,10
brightness,4,129,1.0,0.9,0.9473684210526316,10
brightness,4,130,0.875,0.7,0.7777777777777777,10
brightness,4,131,0.7272727272727273,0.8,0.761904761904762,10
brightness,4,132,1.0,0.9,0.9473684210526316,10
brightness,4,133,0.8,0.8,0.8000000000000002,10
brightness,4,134,0.9090909090909091,1.0,0.9523809523809523,10
brightness,4,135,0.7692307692307693,1.0,0.8695652173913044,10
brightness,4,136,0.9,0.9,0.9,10
brightness,4,137,0.7692307692307693,1.0,0.8695652173913044,10
brightness,4,138,1.0,0.7,0.8235294117647058,10
brightness,4,139,0.5555555555555556,0.5,0.5263157894736842,10
brightness,4,140,0.6363636363636364,0.7,0.6666666666666666,10
brightness,4,141,0.7692307692307693,1.0,0.8695652173913044,10
brightness,4,142,1.0,0.7,0.8235294117647058,10
brightness,4,143,0.8571428571428571,0.6,0.7058823529411764,10
brightness,4,144,0.7692307692307693,1.0,0.8695652173913044,10
brightness,4,145,1.0,1.0,1.0,10
brightness,4,146,1.0,0.9,0.9473684210526316,10
brightness,4,147,1.0,0.9,0.9473684210526316,10
brightness,4,148,1.0,1.0,1.0,10
brightness,4,149,1.0,0.9,0.9473684210526316,10
brightness,4,150,0.9,0.9,0.9,10
brightness,4,151,0.9090909090909091,1.0,0.9523809523809523,10
brightness,4,152,0.8181818181818182,0.9,0.8571428571428572,10
brightness,4,153,0.9090909090909091,1.0,0.9523809523809523,10
brightness,4,154,0.9,0.9,0.9,10
brightness,4,155,0.7777777777777778,0.7,0.7368421052631577,10
brightness,4,156,0.875,0.7,0.7777777777777777,10
brightness,4,157,0.6,0.3,0.4,10
brightness,4,158,1.0,0.5,0.6666666666666666,10
brightness,4,159,0.6428571428571429,0.9,0.75,10
brightness,4,160,0.5333333333333333,0.8,0.64,10
brightness,4,161,0.6363636363636364,0.7,0.6666666666666666,10
brightness,4,162,0.9,0.9,0.9,10
brightness,4,163,0.9090909090909091,1.0,0.9523809523809523,10
brightness,4,164,0.8181818181818182,0.9,0.8571428571428572,10
brightness,4,165,0.5384615384615384,0.7,0.608695652173913,10
brightness,4,166,0.7142857142857143,0.5,0.588235294117647,10
brightness,4,167,0.8888888888888888,0.8,0.8421052631578948,10
brightness,4,168,0.9,0.9,0.9,10
brightness,4,169,0.8,0.8,0.8000000000000002,10
brightness,4,170,0.7692307692307693,1.0,0.8695652173913044,10
brightness,4,171,0.9,0.9,0.9,10
brightness,4,172,0.9,0.9,0.9,10
brightness,4,173,1.0,0.8,0.888888888888889,10
brightness,4,174,0.8888888888888888,0.8,0.8421052631578948,10
brightness,4,175,1.0,0.7,0.8235294117647058,10
brightness,4,176,0.625,1.0,0.7692307692307693,10
brightness,4,177,1.0,0.8,0.888888888888889,10
brightness,4,178,1.0,0.5,0.6666666666666666,10
brightness,4,179,0.875,0.7,0.7777777777777777,10
brightness,4,180,0.5,0.4,0.4444444444444445,10
brightness,4,181,0.8,0.8,0.8000000000000002,10
brightness,4,182,0.6,0.6,0.6,10
brightness,4,183,0.8333333333333334,1.0,0.9090909090909091,10
brightness,4,184,1.0,0.8,0.888888888888889,10
brightness,4,185,0.75,0.9,0.8181818181818182,10
brightness,4,186,0.9,0.9,0.9,10
brightness,4,187,0.5833333333333334,0.7,0.6363636363636365,10
brightness,4,188,1.0,0.7,0.8235294117647058,10
brightness,4,189,1.0,1.0,1.0,10
brightness,4,190,0.9,0.9,0.9,10
brightness,4,191,0.9,0.9,0.9,10
brightness,4,192,1.0,0.8,0.888888888888889,10
brightness,4,193,1.0,0.6,0.7499999999999999,10
brightness,4,194,1.0,0.9,0.9473684210526316,10
brightness,4,195,0.8,0.8,0.8000000000000002,10
brightness,4,196,0.9,0.9,0.9,10
brightness,4,197,0.5833333333333334,0.7,0.6363636363636365,10
brightness,4,198,0.625,0.5,0.5555555555555556,10
brightness,4,199,0.7272727272727273,0.8,0.761904761904762,10
brightness,4,200,0.7272727272727273,0.8,0.761904761904762,10
brightness,4,201,1.0,0.7,0.8235294117647058,10
brightness,4,202,0.7,0.7,0.7,10
brightness,4,203,0.7,0.7,0.7,10
brightness,4,204,0.6666666666666666,0.8,0.7272727272727272,10
brightness,4,205,0.7692307692307693,1.0,0.8695652173913044,10
brightness,4,206,0.8333333333333334,0.5,0.625,10
brightness,4,207,0.8181818181818182,0.9,0.8571428571428572,10
brightness,4,208,0.9090909090909091,1.0,0.9523809523809523,10
brightness,4,209,0.8888888888888888,0.8,0.8421052631578948,10
brightness,4,210,0.6428571428571429,0.9,0.75,10
brightness,4,211,0.9,0.9,0.9,10
brightness,4,212,0.75,0.6,0.6666666666666665,10
brightness,4,213,1.0,0.7,0.8235294117647058,10
brightness,4,214,0.6363636363636364,0.7,0.6666666666666666,10
brightness,4,215,0.5714285714285714,0.8,0.6666666666666666,10
brightness,4,216,0.875,0.7,0.7777777777777777,10
brightness,4,217,0.8333333333333334,0.5,0.625,10
brightness,4,218,0.9,0.9,0.9,10
brightness,4,219,0.7777777777777778,0.7,0.7368421052631577,10
brightness,4,220,0.6428571428571429,0.9,0.75,10
brightness,4,221,0.8888888888888888,0.8,0.8421052631578948,10
brightness,4,222,0.8181818181818182,0.9,0.8571428571428572,10
brightness,4,223,1.0,1.0,1.0,10
brightness,4,224,0.75,0.6,0.6666666666666665,10
brightness,4,225,0.5263157894736842,1.0,0.6896551724137931,10
brightness,4,226,0.9,0.9,0.9,10
brightness,4,227,0.5833333333333334,0.7,0.6363636363636365,10
brightness,4,228,1.0,0.6,0.7499999999999999,10
brightness,4,229,0.9,0.9,0.9,10
brightness,4,230,0.8888888888888888,0.8,0.8421052631578948,10
brightness,4,231,0.7777777777777778,0.7,0.7368421052631577,10
brightness,4,232,0.6666666666666666,0.8,0.7272727272727272,10
brightness,4,233,0.7142857142857143,0.5,0.588235294117647,10
brightness,4,234,0.9,0.9,0.9,10
brightness,4,235,0.9,0.9,0.9,10
brightness,4,236,1.0,0.9,0.9473684210526316,10
brightness,4,237,1.0,0.8,0.888888888888889,10
brightness,4,238,0.7142857142857143,1.0,0.8333333333333333,10
brightness,4,239,1.0,0.8,0.888888888888889,10
brightness,4,240,1.0,0.8,0.888888888888889,10
brightness,4,241,0.6923076923076923,0.9,0.7826086956521738,10
brightness,4,242,0.8571428571428571,0.6,0.7058823529411764,10
brightness,4,243,1.0,1.0,1.0,10
brightness,4,244,1.0,0.9,0.9473684210526316,10
brightness,4,245,0.6923076923076923,0.9,0.7826086956521738,10
brightness,4,246,0.6,0.6,0.6,10
brightness,4,247,0.6666666666666666,0.4,0.5,10
brightness,4,248,0.8,0.8,0.8000000000000002,10
brightness,4,249,0.6,0.9,0.7200000000000001,10
brightness,4,250,0.8333333333333334,1.0,0.9090909090909091,10
brightness,4,251,1.0,1.0,1.0,10
brightness,4,252,1.0,0.8,0.888888888888889,10
brightness,4,253,0.6666666666666666,0.6,0.631578947368421,10
brightness,4,254,0.8181818181818182,0.9,0.8571428571428572,10
brightness,4,255,1.0,1.0,1.0,10
brightness,4,256,0.7142857142857143,0.5,0.588235294117647,10
brightness,4,257,0.75,0.9,0.8181818181818182,10
brightness,4,258,1.0,0.7,0.8235294117647058,10
brightness,4,259,0.8,0.8,0.8000000000000002,10
brightness,4,260,0.9,0.9,0.9,10
brightness,4,261,0.8181818181818182,0.9,0.8571428571428572,10
brightness,4,262,0.6666666666666666,0.8,0.7272727272727272,10
brightness,4,263,1.0,0.9,0.9473684210526316,10
brightness,4,264,0.9090909090909091,1.0,0.9523809523809523,10
brightness,4,265,0.5,0.6,0.5454545454545454,10
brightness,4,266,0.75,0.9,0.8181818181818182,10
brightness,4,267,0.7777777777777778,0.7,0.7368421052631577,10
brightness,4,268,0.6923076923076923,0.9,0.7826086956521738,10
brightness,4,269,0.7692307692307693,1.0,0.8695652173913044,10
brightness,4,270,0.9090909090909091,1.0,0.9523809523809523,10
brightness,4,271,0.8181818181818182,0.9,0.8571428571428572,10
brightness,4,272,1.0,0.9,0.9473684210526316,10
brightness,4,273,0.8333333333333334,1.0,0.9090909090909091,10
brightness,4,274,1.0,0.8,0.888888888888889,10
brightness,4,275,0.8888888888888888,0.8,0.8421052631578948,10
brightness,4,276,0.6923076923076923,0.9,0.7826086956521738,10
brightness,4,277,0.75,0.9,0.8181818181818182,10
brightness,4,278,0.8571428571428571,0.6,0.7058823529411764,10
brightness,4,279,0.9090909090909091,1.0,0.9523809523809523,10
brightness,4,280,1.0,0.9,0.9473684210526316,10
brightness,4,281,0.9,0.9,0.9,10
brightness,4,282,0.8888888888888888,0.8,0.8421052631578948,10
brightness,4,283,0.8333333333333334,1.0,0.9090909090909091,10
brightness,4,284,0.8181818181818182,0.9,0.8571428571428572,10
brightness,4,285,1.0,1.0,1.0,10
brightness,4,286,0.8181818181818182,0.9,0.8571428571428572,10
brightness,4,287,0.875,0.7,0.7777777777777777,10
brightness,4,288,0.9,0.9,0.9,10
brightness,4,289,0.9090909090909091,1.0,0.9523809523809523,10
brightness,4,290,1.0,0.8,0.888888888888889,10
brightness,4,291,0.9090909090909091,1.0,0.9523809523809523,10
brightness,4,292,0.9,0.9,0.9,10
brightness,4,293,1.0,0.9,0.9473684210526316,10
brightness,4,294,0.8333333333333334,1.0,0.9090909090909091,10
brightness,4,295,1.0,0.9,0.9473684210526316,10
brightness,4,296,1.0,0.9,0.9473684210526316,10
brightness,4,297,0.8333333333333334,1.0,0.9090909090909091,10
brightness,4,298,0.9090909090909091,1.0,0.9523809523809523,10
brightness,4,299,0.7692307692307693,1.0,0.8695652173913044,10
brightness,4,300,0.9090909090909091,1.0,0.9523809523809523,10
brightness,4,301,1.0,1.0,1.0,10
brightness,4,302,1.0,1.0,1.0,10
brightness,4,303,0.9,0.9,0.9,10
brightness,4,304,0.8333333333333334,1.0,0.9090909090909091,10
brightness,4,305,1.0,0.9,0.9473684210526316,10
brightness,4,306,0.9,0.9,0.9,10
brightness,4,307,1.0,1.0,1.0,10
brightness,4,308,0.6153846153846154,0.8,0.6956521739130435,10
brightness,4,309,0.8333333333333334,1.0,0.9090909090909091,10
brightness,4,310,0.9,0.9,0.9,10
brightness,4,311,1.0,1.0,1.0,10
brightness,4,312,0.8181818181818182,0.9,0.8571428571428572,10
brightness,4,313,0.8181818181818182,0.9,0.8571428571428572,10
brightness,4,314,0.875,0.7,0.7777777777777777,10
brightness,4,315,0.9090909090909091,1.0,0.9523809523809523,10
brightness,4,316,1.0,1.0,1.0,10
brightness,4,317,1.0,1.0,1.0,10
brightness,4,318,0.8333333333333334,1.0,0.9090909090909091,10
brightness,4,319,0.8181818181818182,0.9,0.8571428571428572,10
brightness,4,320,1.0,1.0,1.0,10
brightness,4,321,1.0,0.9,0.9473684210526316,10
brightness,4,322,0.4666666666666667,0.7,0.56,10
brightness,4,323,0.9,0.9,0.9,10
brightness,4,324,1.0,1.0,1.0,10
brightness,4,325,0.875,0.7,0.7777777777777777,10
brightness,4,326,1.0,1.0,1.0,10
brightness,4,327,0.9,0.9,0.9,10
brightness,4,328,0.7692307692307693,1.0,0.8695652173913044,10
brightness,4,329,1.0,0.9,0.9473684210526316,10
brightness,4,330,0.9090909090909091,1.0,0.9523809523809523,10
brightness,4,331,0.9090909090909091,1.0,0.9523809523809523,10
brightness,4,332,0.8,0.8,0.8000000000000002,10
brightness,4,333,0.6,0.9,0.7200000000000001,10
brightness,4,334,1.0,0.9,0.9473684210526316,10
brightness,4,335,0.6666666666666666,0.6,0.631578947368421,10
brightness,4,336,0.9090909090909091,1.0,0.9523809523809523,10
brightness,4,337,0.9,0.9,0.9,10
brightness,4,338,0.6363636363636364,0.7,0.6666666666666666,10
brightness,4,339,1.0,0.9,0.9473684210526316,10
brightness,4,340,0.8333333333333334,1.0,0.9090909090909091,10
brightness,4,341,0.6428571428571429,0.9,0.75,10
brightness,4,342,0.8333333333333334,1.0,0.9090909090909091,10
brightness,4,343,0.8,0.8,0.8000000000000002,10
brightness,4,344,1.0,1.0,1.0,10
brightness,4,345,1.0,1.0,1.0,10
brightness,4,346,1.0,0.4,0.5714285714285715,10
brightness,4,347,0.6666666666666666,0.8,0.7272727272727272,10
brightness,4,348,1.0,0.8,0.888888888888889,10
brightness,4,349,0.8181818181818182,0.9,0.8571428571428572,10
brightness,4,350,1.0,1.0,1.0,10
brightness,4,351,1.0,0.8,0.888888888888889,10
brightness,4,352,1.0,0.9,0.9473684210526316,10
brightness,4,353,0.6153846153846154,0.8,0.6956521739130435,10
brightness,4,354,0.8888888888888888,0.8,0.8421052631578948,10
brightness,4,355,1.0,0.9,0.9473684210526316,10
brightness,4,356,1.0,1.0,1.0,10
brightness,4,357,0.8181818181818182,0.9,0.8571428571428572,10
brightness,4,358,0.8181818181818182,0.9,0.8571428571428572,10
brightness,4,359,1.0,0.9,0.9473684210526316,10
brightness,4,360,0.8181818181818182,0.9,0.8571428571428572,10
brightness,4,361,1.0,0.9,0.9473684210526316,10
brightness,4,362,1.0,1.0,1.0,10
brightness,4,363,0.9090909090909091,1.0,0.9523809523809523,10
brightness,4,364,1.0,0.9,0.9473684210526316,10
brightness,4,365,0.9,0.9,0.9,10
brightness,4,366,0.9090909090909091,1.0,0.9523809523809523,10
brightness,4,367,1.0,0.9,0.9473684210526316,10
brightness,4,368,0.7692307692307693,1.0,0.8695652173913044,10
brightness,4,369,0.875,0.7,0.7777777777777777,10
brightness,4,370,1.0,1.0,1.0,10
brightness,4,371,1.0,0.8,0.888888888888889,10
brightness,4,372,0.8888888888888888,0.8,0.8421052631578948,10
brightness,4,373,0.875,0.7,0.7777777777777777,10
brightness,4,374,1.0,0.5,0.6666666666666666,10
brightness,4,375,1.0,1.0,1.0,10
brightness,4,376,0.9090909090909091,1.0,0.9523809523809523,10
brightness,4,377,1.0,0.9,0.9473684210526316,10
brightness,4,378,1.0,1.0,1.0,10
brightness,4,379,0.9,0.9,0.9,10
brightness,4,380,0.9090909090909091,1.0,0.9523809523809523,10
brightness,4,381,0.875,0.7,0.7777777777777777,10
brightness,4,382,1.0,1.0,1.0,10
brightness,4,383,0.8888888888888888,0.8,0.8421052631578948,10
brightness,4,384,1.0,0.9,0.9473684210526316,10
brightness,4,385,0.6923076923076923,0.9,0.7826086956521738,10
brightness,4,386,0.7692307692307693,1.0,0.8695652173913044,10
brightness,4,387,0.7777777777777778,0.7,0.7368421052631577,10
brightness,4,388,1.0,0.4,0.5714285714285715,10
brightness,4,389,0.8,0.8,0.8000000000000002,10
brightness,4,390,0.6666666666666666,0.6,0.631578947368421,10
brightness,4,391,1.0,0.9,0.9473684210526316,10
brightness,4,392,0.8181818181818182,0.9,0.8571428571428572,10
brightness,4,393,0.6428571428571429,0.9,0.75,10
brightness,4,394,1.0,0.8,0.888888888888889,10
brightness,4,395,0.8181818181818182,0.9,0.8571428571428572,10
brightness,4,396,1.0,1.0,1.0,10
brightness,4,397,1.0,1.0,1.0,10
brightness,4,398,0.8333333333333334,1.0,0.9090909090909091,10
brightness,4,399,0.9090909090909091,1.0,0.9523809523809523,10
brightness,4,400,1.0,0.7,0.8235294117647058,10
brightness,4,401,1.0,1.0,1.0,10
brightness,4,402,1.0,0.9,0.9473684210526316,10
brightness,4,403,1.0,1.0,1.0,10
brightness,4,404,1.0,1.0,1.0,10
brightness,4,405,0.8333333333333334,1.0,0.9090909090909091,10
brightness,4,406,1.0,1.0,1.0,10
brightness,4,407,0.7142857142857143,1.0,0.8333333333333333,10
brightness,4,408,0.9,0.9,0.9,10
brightness,4,409,1.0,0.9,0.9473684210526316,10
brightness,4,410,0.4,0.4,0.4000000000000001,10
brightness,4,411,0.9090909090909091,1.0,0.9523809523809523,10
brightness,4,412,0.9,0.9,0.9,10
brightness,4,413,0.9090909090909091,1.0,0.9523809523809523,10
brightness,4,414,0.9,0.9,0.9,10
brightness,4,415,1.0,1.0,1.0,10
brightness,4,416,0.7692307692307693,1.0,0.8695652173913044,10
brightness,4,417,1.0,1.0,1.0,10
brightness,4,418,1.0,0.9,0.9473684210526316,10
brightness,4,419,0.9090909090909091,1.0,0.9523809523809523,10
brightness,4,420,0.9,0.9,0.9,10
brightness,4,421,1.0,1.0,1.0,10
brightness,4,422,1.0,0.9,0.9473684210526316,10
brightness,4,423,0.6923076923076923,0.9,0.7826086956521738,10
brightness,4,424,1.0,1.0,1.0,10
brightness,4,425,1.0,1.0,1.0,10
brightness,4,426,1.0,0.9,0.9473684210526316,10
brightness,4,427,1.0,1.0,1.0,10
brightness,4,428,0.7272727272727273,0.8,0.761904761904762,10
brightness,4,429,0.8,0.8,0.8000000000000002,10
brightness,4,430,0.9090909090909091,1.0,0.9523809523809523,10
brightness,4,431,1.0,0.7,0.8235294117647058,10
brightness,4,432,0.75,0.9,0.8181818181818182,10
brightness,4,433,0.9,0.9,0.9,10
brightness,4,434,1.0,0.8,0.888888888888889,10
brightness,4,435,0.9,0.9,0.9,10
brightness,4,436,1.0,0.8,0.888888888888889,10
brightness,4,437,1.0,0.9,0.9473684210526316,10
brightness,4,438,0.7,0.7,0.7,10
brightness,4,439,0.8888888888888888,0.8,0.8421052631578948,10
brightness,4,440,1.0,1.0,1.0,10
brightness,4,441,1.0,0.8,0.888888888888889,10
brightness,4,442,0.6666666666666666,0.6,0.631578947368421,10
brightness,4,443,1.0,1.0,1.0,10
brightness,4,444,1.0,1.0,1.0,10
brightness,4,445,1.0,0.9,0.9473684210526316,10
brightness,4,446,0.875,0.7,0.7777777777777777,10
brightness,4,447,1.0,0.9,0.9473684210526316,10
brightness,4,448,1.0,0.8,0.888888888888889,10
brightness,4,449,0.8888888888888888,0.8,0.8421052631578948,10
brightness,4,450,1.0,1.0,1.0,10
brightness,4,451,1.0,0.8,0.888888888888889,10
brightness,4,452,1.0,1.0,1.0,10
brightness,4,453,0.9,0.9,0.9,10
brightness,4,454,0.9090909090909091,1.0,0.9523809523809523,10
brightness,4,455,0.7,0.7,0.7,10
brightness,4,456,0.7,0.7,0.7,10
brightness,4,457,1.0,1.0,1.0,10
brightness,4,458,1.0,0.9,0.9473684210526316,10
brightness,4,459,1.0,0.9,0.9473684210526316,10
brightness,4,460,1.0,1.0,1.0,10
brightness,4,461,1.0,1.0,1.0,10
brightness,4,462,0.8333333333333334,1.0,0.9090909090909091,10
brightness,4,463,0.7142857142857143,1.0,0.8333333333333333,10
brightness,4,464,1.0,0.9,0.9473684210526316,10
brightness,4,465,0.8888888888888888,0.8,0.8421052631578948,10
brightness,4,466,0.6666666666666666,0.6,0.631578947368421,10
brightness,4,467,0.7777777777777778,0.7,0.7368421052631577,10
brightness,4,468,0.6666666666666666,0.8,0.7272727272727272,10
brightness,4,469,0.8333333333333334,1.0,0.9090909090909091,10
brightness,4,470,0.8888888888888888,0.8,0.8421052631578948,10
brightness,4,471,1.0,1.0,1.0,10
brightness,4,472,0.875,0.7,0.7777777777777777,10
brightness,4,473,1.0,0.9,0.9473684210526316,10
brightness,4,474,1.0,1.0,1.0,10
brightness,4,475,0.9090909090909091,1.0,0.9523809523809523,10
brightness,4,476,0.6428571428571429,0.9,0.75,10
brightness,4,477,0.9090909090909091,1.0,0.9523809523809523,10
brightness,4,478,0.8,0.8,0.8000000000000002,10
brightness,4,479,1.0,0.9,0.9473684210526316,10
brightness,4,480,0.8888888888888888,0.8,0.8421052631578948,10
brightness,4,481,0.8,0.8,0.8000000000000002,10
brightness,4,482,0.9,0.9,0.9,10
brightness,4,483,0.9090909090909091,1.0,0.9523809523809523,10
brightness,4,484,0.8181818181818182,0.9,0.8571428571428572,10
brightness,4,485,0.9,0.9,0.9,10
brightness,4,486,0.9,0.9,0.9,10
brightness,4,487,0.8181818181818182,0.9,0.8571428571428572,10
brightness,4,488,0.6923076923076923,0.9,0.7826086956521738,10
brightness,4,489,1.0,0.9,0.9473684210526316,10
brightness,4,490,0.9,0.9,0.9,10
brightness,4,491,1.0,1.0,1.0,10
brightness,4,492,0.6923076923076923,0.9,0.7826086956521738,10
brightness,4,493,0.8181818181818182,0.9,0.8571428571428572,10
brightness,4,494,0.6153846153846154,0.8,0.6956521739130435,10
brightness,4,495,0.6666666666666666,0.4,0.5,10
brightness,4,496,0.7,0.7,0.7,10
brightness,4,497,0.5555555555555556,0.5,0.5263157894736842,10
brightness,4,498,0.7692307692307693,1.0,0.8695652173913044,10
brightness,4,499,0.8888888888888888,0.8,0.8421052631578948,10
jpeg,1,000,1.0,1.0,1.0,10
jpeg,1,001,1.0,0.7,0.8235294117647058,10
jpeg,1,002,0.7142857142857143,1.0,0.8333333333333333,10
jpeg,1,003,1.0,1.0,1.0,10
jpeg,1,004,0.9090909090909091,1.0,0.9523809523809523,10
jpeg,1,005,1.0,0.8,0.888888888888889,10
jpeg,1,006,0.9090909090909091,1.0,0.9523809523809523,10
jpeg,1,007,0.7692307692307693,1.0,0.8695652173913044,10
jpeg,1,008,0.7777777777777778,0.7,0.7368421052631577,10
jpeg,1,009,0.9090909090909091,1.0,0.9523809523809523,10
jpeg,1,010,1.0,1.0,1.0,10
jpeg,1,011,0.75,0.9,0.8181818181818182,10
jpeg,1,012,0.9090909090909091,1.0,0.9523809523809523,10
jpeg,1,013,0.8181818181818182,0.9,0.8571428571428572,10
jpeg,1,014,0.9,0.9,0.9,10
jpeg,1,015,0.9090909090909091,1.0,0.9523809523809523,10
jpeg,1,016,0.8181818181818182,0.9,0.8571428571428572,10
jpeg,1,017,1.0,0.9,0.9473684210526316,10
jpeg,1,018,1.0,1.0,1.0,10
jpeg,1,019,1.0,0.9,0.9473684210526316,10
jpeg,1,020,0.9,0.9,0.9,10
jpeg,1,021,0.9090909090909091,1.0,0.9523809523809523,10
jpeg,1,022,0.8571428571428571,0.6,0.7058823529411764,10
jpeg,1,023,0.7692307692307693,1.0,0.8695652173913044,10
jpeg,1,024,1.0,1.0,1.0,10
jpeg,1,025,1.0,0.8,0.888888888888889,10
jpeg,1,026,0.9,0.9,0.9,10
jpeg,1,027,1.0,1.0,1.0,10
jpeg,1,028,0.8888888888888888,0.8,0.8421052631578948,10
jpeg,1,029,1.0,0.8,0.888888888888889,10
jpeg,1,030,1.0,0.9,0.9473684210526316,10
jpeg,1,031,0.875,0.7,0.7777777777777777,10
jpeg,1,032,0.75,0.9,0.8181818181818182,10
jpeg,1,033,0.9,0.9,0.9,10
jpeg,1,034,1.0,1.0,1.0,10
jpeg,1,035,0.9,0.9,0.9,10
jpeg,1,036,0.9,0.9,0.9,10
jpeg,1,037,1.0,0.9,0.9473684210526316,10
jpeg,1,038,0.875,0.7,0.7777777777777777,10
jpeg,1,039,0.8888888888888888,0.8,0.8421052631578948,10
jpeg,1,040,1.0,1.0,1.0,10
jpeg,1,041,1.0,1.0,1.0,10
jpeg,1,042,0.9090909090909091,1.0,0.9523809523809523,10
jpeg,1,043,1.0,0.9,0.9473684210526316,10
jpeg,1,044,0.9090909090909091,1.0,0.9523809523809523,10
jpeg,1,045,1.0,1.0,1.0,10
jpeg,1,046,0.9,0.9,0.9,10
jpeg,1,047,1.0,0.8,0.888888888888889,10
jpeg,1,048,0.9,0.9,0.9,10
jpeg,1,049,0.8,0.8,0.8000000000000002,10
jpeg,1,050,1.0,0.9,0.9473684210526316,10
jpeg,1,051,0.8333333333333334,1.0,0.9090909090909091,10
jpeg,1,052,1.0,0.7,0.8235294117647058,10
jpeg,1,053,1.0,0.9,0.9473684210526316,10
jpeg,1,054,0.8888888888888888,0.8,0.8421052631578948,10
jpeg,1,055,1.0,0.9,0.9473684210526316,10
jpeg,1,056,1.0,1.0,1.0,10
jpeg,1,057,0.9,0.9,0.9,10
jpeg,1,058,1.0,1.0,1.0,10
jpeg,1,059,1.0,0.9,0.9473684210526316,10
jpeg,1,060,1.0,1.0,1.0,10
jpeg,1,061,0.9090909090909091,1.0,0.9523809523809523,10
jpeg,1,062,1.0,1.0,1.0,10
jpeg,1,063,0.9090909090909091,1.0,0.9523809523809523,10
jpeg,1,064,0.8888888888888888,0.8,0.8421052631578948,10
jpeg,1,065,1.0,0.9,0.9473684210526316,10
jpeg,1,066,1.0,0.9,0.9473684210526316,10
jpeg,1,067,0.875,0.7,0.7777777777777777,10
jpeg,1,068,1.0,1.0,1.0,10
jpeg,1,069,0.6666666666666666,0.6,0.631578947368421,10
jpeg,1,070,1.0,1.0,1.0,10
jpeg,1,071,0.6428571428571429,0.9,0.75,10
jpeg,1,072,1.0,0.9,0.9473684210526316,10
jpeg,1,073,0.9090909090909091,1.0,0.9523809523809523,10
jpeg,1,074,0.9,0.9,0.9,10
jpeg,1,075,0.8181818181818182,0.9,0.8571428571428572,10
jpeg,1,076,1.0,0.8,0.888888888888889,10
jpeg,1,077,1.0,1.0,1.0,10
jpeg,1,078,0.9,0.9,0.9,10
jpeg,1,079,0.8,0.8,0.8000000000000002,10
jpeg,1,080,1.0,0.8,0.888888888888889,10
jpeg,1,081,1.0,0.9,0.9473684210526316,10
jpeg,1,082,1.0,0.9,0.9473684210526316,10
jpeg,1,083,1.0,1.0,1.0,10
jpeg,1,084,0.8571428571428571,0.6,0.7058823529411764,10
jpeg,1,085,0.9090909090909091,1.0,0.9523809523809523,10
jpeg,1,086,0.9090909090909091,1.0,0.9523809523809523,10
jpeg,1,087,0.7692307692307693,1.0,0.8695652173913044,10
jpeg,1,088,0.6923076923076923,0.9,0.7826086956521738,10
jpeg,1,089,1.0,1.0,1.0,10
jpeg,1,090,1.0,0.6,0.7499999999999999,10
jpeg,1,091,1.0,1.0,1.0,10
jpeg,1,092,1.0,0.9,0.9473684210526316,10
jpeg,1,093,0.9090909090909091,1.0,0.9523809523809523,10
jpeg,1,094,0.6666666666666666,1.0,0.8,10
jpeg,1,095,1.0,1.0,1.0,10
jpeg,1,096,1.0,1.0,1.0,10
jpeg,1,097,0.9,0.9,0.9,10
jpeg,1,098,0.9090909090909091,1.0,0.9523809523809523,10
jpeg,1,099,0.9,0.9,0.9,10
jpeg,1,100,0.8333333333333334,1.0,0.9090909090909091,10
jpeg,1,101,1.0,1.0,1.0,10
jpeg,1,102,1.0,0.9,0.9473684210526316,10
jpeg,1,103,1.0,0.7,0.8235294117647058,10
jpeg,1,104,1.0,0.9,0.9473684210526316,10
jpeg,1,105,0.9090909090909091,1.0,0.9523809523809523,10
jpeg,1,106,1.0,0.7,0.8235294117647058,10
jpeg,1,107,0.9090909090909091,1.0,0.9523809523809523,10
jpeg,1,108,1.0,0.8,0.888888888888889,10
jpeg,1,109,0.9090909090909091,1.0,0.9523809523809523,10
jpeg,1,110,1.0,0.8,0.888888888888889,10
jpeg,1,111,1.0,0.9,0.9473684210526316,10
jpeg,1,112,1.0,1.0,1.0,10
jpeg,1,113,1.0,1.0,1.0,10
jpeg,1,114,0.9090909090909091,1.0,0.9523809523809523,10
jpeg,1,115,1.0,0.9,0.9473684210526316,10
jpeg,1,116,1.0,1.0,1.0,10
jpeg,1,117,1.0,1.0,1.0,10
jpeg,1,118,1.0,0.9,0.9473684210526316,10
jpeg,1,119,0.875,0.7,0.7777777777777777,10
jpeg,1,120,1.0,1.0,1.0,10
jpeg,1,121,0.5833333333333334,0.7,0.6363636363636365,10
jpeg,1,122,0.6666666666666666,0.6,0.631578947368421,10
jpeg,1,123,0.9,0.9,0.9,10
jpeg,1,124,1.0,1.0,1.0,10
jpeg,1,125,0.9090909090909091,1.0,0.9523809523809523,10
jpeg,1,126,1.0,0.9,0.9473684210526316,10
jpeg,1,127,1.0,0.7,0.8235294117647058,10
jpeg,1,128,0.8333333333333334,0.5,0.625,10
jpeg,1,129,0.8888888888888888,0.8,0.8421052631578948,10
jpeg,1,130,0.7272727272727273,0.8,0.761904761904762,10
jpeg,1,131,0.6923076923076923,0.9,0.7826086956521738,10
jpeg,1,132,1.0,1.0,1.0,10
jpeg,1,133,0.7272727272727273,0.8,0.761904761904762,10
jpeg,1,134,1.0,1.0,1.0,10
jpeg,1,135,0.8333333333333334,1.0,0.9090909090909091,10
jpeg,1,136,0.9090909090909091,1.0,0.9523809523809523,10
jpeg,1,137,0.8333333333333334,1.0,0.9090909090909091,10
jpeg,1,138,1.0,0.7,0.8235294117647058,10
jpeg,1,139,0.6666666666666666,0.6,0.631578947368421,10
jpeg,1,140,0.7777777777777778,0.7,0.7368421052631577,10
jpeg,1,141,0.75,0.9,0.8181818181818182,10
jpeg,1,142,1.0,0.8,0.888888888888889,10
jpeg,1,143,0.7777777777777778,0.7,0.7368421052631577,10
jpeg,1,144,0.7692307692307693,1.0,0.8695652173913044,10
jpeg,1,145,1.0,1.0,1.0,10
jpeg,1,146,1.0,1.0,1.0,10
jpeg,1,147,1.0,0.9,0.9473684210526316,10
jpeg,1,148,1.0,1.0,1.0,10
jpeg,1,149,1.0,0.9,0.9473684210526316,10
jpeg,1,150,0.9,0.9,0.9,10
jpeg,1,151,0.9090909090909091,1.0,0.9523809523809523,10
jpeg,1,152,0.9,0.9,0.9,10
jpeg,1,153,1.0,1.0,1.0,10
jpeg,1,154,0.8888888888888888,0.8,0.8421052631578948,10
jpeg,1,155,0.7777777777777778,0.7,0.7368421052631577,10
jpeg,1,156,0.6666666666666666,0.6,0.631578947368421,10
jpeg,1,157,0.42857142857142855,0.3,0.3529411764705882,10
jpeg,1,158,0.875,0.7,0.7777777777777777,10
jpeg,1,159,0.7272727272727273,0.8,0.761904761904762,10
jpeg,1,160,0.5,0.6,0.5454545454545454,10
jpeg,1,161,0.6,0.6,0.6,10
jpeg,1,162,1.0,0.9,0.9473684210526316,10
jpeg,1,163,0.8181818181818182,0.9,0.8571428571428572,10
jpeg,1,164,0.75,0.9,0.8181818181818182,10
jpeg,1,165,0.6666666666666666,0.6,0.631578947368421,10
jpeg,1,166,0.6666666666666666,0.6,0.631578947368421,10
jpeg,1,167,1.0,0.8,0.888888888888889,10
jpeg,1,168,0.8888888888888888,0.8,0.8421052631578948,10
jpeg,1,169,0.75,0.9,0.8181818181818182,10
jpeg,1,170,0.9090909090909091,1.0,0.9523809523809523,10
jpeg,1,171,0.8181818181818182,0.9,0.8571428571428572,10
jpeg,1,172,0.9,0.9,0.9,10
jpeg,1,173,1.0,0.9,0.9473684210526316,10
jpeg,1,174,0.8888888888888888,0.8,0.8421052631578948,10
jpeg,1,175,0.875,0.7,0.7777777777777777,10
jpeg,1,176,0.625,1.0,0.7692307692307693,10
jpeg,1,177,0.875,0.7,0.7777777777777777,10
jpeg,1,178,0.6666666666666666,0.4,0.5,10
jpeg,1,179,1.0,0.7,0.8235294117647058,10
jpeg,1,180,0.5555555555555556,0.5,0.5263157894736842,10
jpeg,1,181,0.8888888888888888,0.8,0.8421052631578948,10
jpeg,1,182,0.5833333333333334,0.7,0.6363636363636365,10
jpeg,1,183,0.8333333333333334,1.0,0.9090909090909091,10
jpeg,1,184,1.0,0.8,0.888888888888889,10
jpeg,1,185,0.6923076923076923,0.9,0.7826086956521738,10
jpeg,1,186,0.8181818181818182,0.9,0.8571428571428572,10
jpeg,1,187,0.6153846153846154,0.8,0.6956521739130435,10
jpeg,1,188,0.8,0.8,0.8000000000000002,10
jpeg,1,189,1.0,1.0,1.0,10
jpeg,1,190,0.8,0.8,0.8000000000000002,10
jpeg,1,191,0.9,0.9,0.9,10
jpeg,1,192,1.0,0.8,0.888888888888889,10
jpeg,1,193,1.0,0.5,0.6666666666666666,10
jpeg,1,194,0.9,0.9,0.9,10
jpeg,1,195,0.8,0.8,0.8000000000000002,10
jpeg,1,196,1.0,1.0,1.0,10
jpeg,1,197,0.875,0.7,0.7777777777777777,10
jpeg,1,198,0.7777777777777778,0.7,0.7368421052631577,10
jpeg,1,199,0.875,0.7,0.7777777777777777,10
jpeg,1,200,0.8888888888888888,0.8,0.8421052631578948,10
jpeg,1,201,1.0,0.8,0.888888888888889,10
jpeg,1,202,0.7,0.7,0.7,10
jpeg,1,203,0.7272727272727273,0.8,0.761904761904762,10
jpeg,1,204,0.6666666666666666,0.8,0.7272727272727272,10
jpeg,1,205,0.7692307692307693,1.0,0.8695652173913044,10
jpeg,1,206,1.0,0.7,0.8235294117647058,10
jpeg,1,207,0.75,0.9,0.8181818181818182,10
jpeg,1,208,1.0,0.9,0.9473684210526316,10
jpeg,1,209,0.8,0.8,0.8000000000000002,10
jpeg,1,210,0.75,0.9,0.8181818181818182,10
jpeg,1,211,0.8181818181818182,0.9,0.8571428571428572,10
jpeg,1,212,0.8888888888888888,0.8,0.8421052631578948,10
jpeg,1,213,1.0,0.8,0.888888888888889,10
jpeg,1,214,0.7272727272727273,0.8,0.761904761904762,10
jpeg,1,215,0.6153846153846154,0.8,0.6956521739130435,10
jpeg,1,216,0.8888888888888888,0.8,0.8421052631578948,10
jpeg,1,217,0.8571428571428571,0.6,0.7058823529411764,10
jpeg,1,218,0.75,0.9,0.8181818181818182,10
jpeg,1,219,0.875,0.7,0.7777777777777777,10
jpeg,1,220,0.6923076923076923,0.9,0.7826086956521738,10
jpeg,1,221,0.8,0.8,0.8000000000000002,10
jpeg,1,222,0.8,0.8,0.8000000000000002,10
jpeg,1,223,1.0,1.0,1.0,10
jpeg,1,224,1.0,0.7,0.8235294117647058,10
jpeg,1,225,0.5555555555555556,1.0,0.7142857142857143,10
jpeg,1,226,1.0,0.9,0.9473684210526316,10
jpeg,1,227,0.4375,0.7,0.5384615384615384,10
jpeg,1,228,1.0,0.6,0.7499999999999999,10
jpeg,1,229,1.0,0.9,0.9473684210526316,10
jpeg,1,230,1.0,0.7,0.8235294117647058,10
jpeg,1,231,0.7777777777777778,0.7,0.7368421052631577,10
jpeg,1,232,0.7272727272727273,0.8,0.761904761904762,10
jpeg,1,233,0.8571428571428571,0.6,0.7058823529411764,10
jpeg,1,234,0.8181818181818182,0.9,0.8571428571428572,10
jpeg,1,235,0.9,0.9,0.9,10
jpeg,1,236,1.0,0.7,0.8235294117647058,10
jpeg,1,237,0.9,0.9,0.9,10
jpeg,1,238,0.8333333333333334,1.0,0.9090909090909091,10
jpeg,1,239,1.0,0.9,0.9473684210526316,10
jpeg,1,240,0.8888888888888888,0.8,0.8421052631578948,10
jpeg,1,241,0.8,0.8,0.8000000000000002,10
jpeg,1,242,1.0,0.7,0.8235294117647058,10
jpeg,1,243,1.0,1.0,1.0,10
jpeg,1,244,1.0,0.9,0.9473684210526316,10
jpeg,1,245,0.75,0.9,0.8181818181818182,10
jpeg,1,246,0.625,0.5,0.5555555555555556,10
jpeg,1,247,0.5,0.4,0.4444444444444445,10
jpeg,1,248,0.8888888888888888,0.8,0.8421052631578948,10
jpeg,1,249,0.5333333333333333,0.8,0.64,10
jpeg,1,250,0.8333333333333334,1.0,0.9090909090909091,10
jpeg,1,251,1.0,1.0,1.0,10
jpeg,1,252,1.0,0.8,0.888888888888889,10
jpeg,1,253,0.5,0.7,0.5833333333333334,10
jpeg,1,254,0.9,0.9,0.9,10
jpeg,1,255,1.0,1.0,1.0,10
jpeg,1,256,0.7142857142857143,0.5,0.588235294117647,10
jpeg,1,257,0.7692307692307693,1.0,0.8695652173913044,10
jpeg,1,258,1.0,0.7,0.8235294117647058,10
jpeg,1,259,0.5714285714285714,0.8,0.6666666666666666,10
jpeg,1,260,0.75,0.9,0.8181818181818182,10
jpeg,1,261,0.8333333333333334,1.0,0.9090909090909091,10
jpeg,1,262,0.7272727272727273,0.8,0.761904761904762,10
jpeg,1,263,0.75,0.9,0.8181818181818182,10
jpeg,1,264,0.9090909090909091,1.0,0.9523809523809523,10
jpeg,1,265,0.7,0.7,0.7,10
jpeg,1,266,0.9090909090909091,1.0,0.9523809523809523,10
jpeg,1,267,0.7777777777777778,0.7,0.7368421052631577,10
jpeg,1,268,0.75,0.9,0.8181818181818182,10
jpeg,1,269,0.7692307692307693,1.0,0.8695652173913044,10
jpeg,1,270,0.9090909090909091,1.0,0.9523809523809523,10
jpeg,1,271,0.8181818181818182,0.9,0.8571428571428572,10
jpeg,1,272,0.9,0.9,0.9,10
jpeg,1,273,0.9,0.9,0.9,10
jpeg,1,274,1.0,0.8,0.888888888888889,10
jpeg,1,275,0.8888888888888888,0.8,0.8421052631578948,10
jpeg,1,276,0.6,0.9,0.7200000000000001,10
jpeg,1,277,0.7692307692307693,1.0,0.8695652173913044,10
jpeg,1,278,1.0,0.6,0.7499999999999999,10
jpeg,1,279,0.9090909090909091,1.0,0.9523809523809523,10
jpeg,1,280,1.0,0.9,0.9473684210526316,10
jpeg,1,281,1.0,1.0,1.0,10
jpeg,1,282,1.0,0.9,0.9473684210526316,10
jpeg,1,283,1.0,1.0,1.0,10
jpeg,1,284,0.9090909090909091,1.0,0.9523809523809523,10
jpeg,1,285,1.0,1.0,1.0,10
jpeg,1,286,0.8333333333333334,1.0,0.9090909090909091,10
jpeg,1,287,0.8888888888888888,0.8,0.8421052631578948,10
jpeg,1,288,0.9,0.9,0.9,10
jpeg,1,289,0.9090909090909091,1.0,0.9523809523809523,10
jpeg,1,290,1.0,0.8,0.888888888888889,10
jpeg,1,291,0.9090909090909091,1.0,0.9523809523809523,10
jpeg,1,292,0.9,0.9,0.9,10
jpeg,1,293,1.0,0.7,0.8235294117647058,10
jpeg,1,294,0.7692307692307693,1.0,0.8695652173913044,10
jpeg,1,295,1.0,0.9,0.9473684210526316,10
jpeg,1,296,1.0,0.9,0.9473684210526316,10
jpeg,1,297,1.0,0.9,0.9473684210526316,10
jpeg,1,298,0.8333333333333334,1.0,0.9090909090909091,10
jpeg,1,299,0.8333333333333334,1.0,0.9090909090909091,10
jpeg,1,300,0.8333333333333334,1.0,0.9090909090909091,10
jpeg,1,301,0.9090909090909091,1.0,0.9523809523809523,10
jpeg,1,302,0.9090909090909091,1.0,0.9523809523809523,10
jpeg,1,303,0.9,0.9,0.9,10
jpeg,1,304,0.9090909090909091,1.0,0.9523809523809523,10
jpeg,1,305,0.8888888888888888,0.8,0.8421052631578948,10
jpeg,1,306,0.9,0.9,0.9,10
jpeg,1,307,1.0,1.0,1.0,10
jpeg,1,308,0.5333333333333333,0.8,0.64,10
jpeg,1,309,0.8333333333333334,1.0,0.9090909090909091,10
jpeg,1,310,0.8888888888888888,0.8,0.8421052631578948,10
jpeg,1,311,0.9090909090909091,1.0,0.9523809523809523,10
jpeg,1,312,0.9090909090909091,1.0,0.9523809523809523,10
jpeg,1,313,0.875,0.7,0.7777777777777777,10
jpeg,1,314,0.8888888888888888,0.8,0.8421052631578948,10
jpeg,1,315,1.0,1.0,1.0,10
jpeg,1,316,1.0,1.0,1.0,10
jpeg,1,317,1.0,1.0,1.0,10
jpeg,1,318,0.7142857142857143,1.0,0.8333333333333333,10
jpeg,1,319,0.9,0.9,0.9,10
jpeg,1,320,1.0,1.0,1.0,10
jpeg,1,321,1.0,0.9,0.9473684210526316,10
jpeg,1,322,0.5,0.8,0.6153846153846154,10
jpeg,1,323,0.8181818181818182,0.9,0.8571428571428572,10
jpeg,1,324,1.0,1.0,1.0,10
jpeg,1,325,0.8888888888888888,0.8,0.8421052631578948,10
jpeg,1,326,0.9090909090909091,1.0,0.9523809523809523,10
jpeg,1,327,0.9,0.9,0.9,10
jpeg,1,328,0.8333333333333334,1.0,0.9090909090909091,10
jpeg,1,329,1.0,0.9,0.9473684210526316,10
jpeg,1,330,0.9,0.9,0.9,10
jpeg,1,331,0.8333333333333334,1.0,0.9090909090909091,10
jpeg,1,332,0.7777777777777778,0.7,0.7368421052631577,10
jpeg,1,333,0.5,0.8,0.6153846153846154,10
jpeg,1,334,1.0,0.9,0.9473684210526316,10
jpeg,1,335,0.5555555555555556,0.5,0.5263157894736842,10
jpeg,1,336,0.8181818181818182,0.9,0.8571428571428572,10
jpeg,1,337,0.8181818181818182,0.9,0.8571428571428572,10
jpeg,1,338,0.8888888888888888,0.8,0.8421052631578948,10
jpeg,1,339,1.0,0.8,0.888888888888889,10
jpeg,1,340,0.8333333333333334,1.0,0.9090909090909091,10
jpeg,1,341,0.8181818181818182,0.9,0.8571428571428572,10
jpeg,1,342,0.9090909090909091,1.0,0.9523809523809523,10
jpeg,1,343,0.6923076923076923,0.9,0.7826086956521738,10
jpeg,1,344,1.0,1.0,1.0,10
jpeg,1,345,1.0,1.0,1.0,10
jpeg,1,346,1.0,0.5,0.6666666666666666,10
jpeg,1,347,0.6923076923076923,0.9,0.7826086956521738,10
jpeg,1,348,1.0,0.8,0.888888888888889,10
jpeg,1,349,0.75,0.9,0.8181818181818182,10
jpeg,1,350,1.0,1.0,1.0,10
jpeg,1,351,1.0,0.8,0.888888888888889,10
jpeg,1,352,1.0,0.9,0.9473684210526316,10
jpeg,1,353,0.7272727272727273,0.8,0.761904761904762,10
jpeg,1,354,0.875,0.7,0.7777777777777777,10
jpeg,1,355,1.0,0.9,0.9473684210526316,10
jpeg,1,356,1.0,1.0,1.0,10
jpeg,1,357,0.8181818181818182,0.9,0.8571428571428572,10
jpeg,1,358,0.8181818181818182,0.9,0.8571428571428572,10
jpeg,1,359,1.0,0.8,0.888888888888889,10
jpeg,1,360,0.8181818181818182,0.9,0.8571428571428572,10
jpeg,1,361,0.9,0.9,0.9,10
jpeg,1,362,1.0,1.0,1.0,10
jpeg,1,363,0.9090909090909091,1.0,0.9523809523809523,10
jpeg,1,364,1.0,0.9,0.9473684210526316,10
jpeg,1,365,1.0,0.9,0.9473684210526316,10
jpeg,1,366,0.9090909090909091,1.0,0.9523809523809523,10
jpeg,1,367,0.9090909090909091,1.0,0.9523809523809523,10
jpeg,1,368,0.5882352941176471,1.0,0.7407407407407407,10
jpeg,1,369,0.875,0.7,0.7777777777777777,10
jpeg,1,370,1.0,1.0,1.0,10
jpeg,1,371,1.0,0.8,0.888888888888889,10
jpeg,1,372,0.8,0.8,0.8000000000000002,10
jpeg,1,373,1.0,0.8,0.888888888888889,10
jpeg,1,374,1.0,0.4,0.5714285714285715,10
jpeg,1,375,1.0,1.0,1.0,10
jpeg,1,376,0.9090909090909091,1.0,0.9523809523809523,10
jpeg,1,377,1.0,0.9,0.9473684210526316,10
jpeg,1,378,1.0,1.0,1.0,10
jpeg,1,379,0.8888888888888888,0.8,0.8421052631578948,10
jpeg,1,380,0.9090909090909091,1.0,0.9523809523809523,10
jpeg,1,381,0.8,0.8,0.8000000000000002,10
jpeg,1,382,1.0,1.0,1.0,10
jpeg,1,383,1.0,0.7,0.8235294117647058,10
jpeg,1,384,1.0,0.9,0.9473684210526316,10
jpeg,1,385,0.75,0.9,0.8181818181818182,10
jpeg,1,386,1.0,0.9,0.9473684210526316,10
jpeg,1,387,0.9,0.9,0.9,10
jpeg,1,388,1.0,0.4,0.5714285714285715,10
jpeg,1,389,0.8,0.8,0.8000000000000002,10
jpeg,1,390,0.5833333333333334,0.7,0.6363636363636365,10
jpeg,1,391,0.9,0.9,0.9,10
jpeg,1,392,0.9,0.9,0.9,10
jpeg,1,393,1.0,0.9,0.9473684210526316,10
jpeg,1,394,0.875,0.7,0.7777777777777777,10
jpeg,1,395,0.9,0.9,0.9,10
jpeg,1,396,1.0,1.0,1.0,10
jpeg,1,397,1.0,1.0,1.0,10
jpeg,1,398,0.9090909090909091,1.0,0.9523809523809523,10
jpeg,1,399,0.8333333333333334,1.0,0.9090909090909091,10
jpeg,1,400,0.8888888888888888,0.8,0.8421052631578948,10
jpeg,1,401,1.0,1.0,1.0,10
jpeg,1,402,1.0,0.9,0.9473684210526316,10
jpeg,1,403,1.0,0.9,0.9473684210526316,10
jpeg,1,404,1.0,1.0,1.0,10
jpeg,1,405,0.7692307692307693,1.0,0.8695652173913044,10
jpeg,1,406,0.9090909090909091,1.0,0.9523809523809523,10
jpeg,1,407,0.75,0.9,0.8181818181818182,10
jpeg,1,408,0.8888888888888888,0.8,0.8421052631578948,10
jpeg,1,409,1.0,0.8,0.888888888888889,10
jpeg,1,410,0.6666666666666666,0.4,0.5,10
jpeg,1,411,1.0,1.0,1.0,10
jpeg,1,412,1.0,0.9,0.9473684210526316,10
jpeg,1,413,0.9090909090909091,1.0,0.9523809523809523,10
jpeg,1,414,1.0,0.9,0.9473684210526316,10
jpeg,1,415,0.9090909090909091,1.0,0.9523809523809523,10
jpeg,1,416,0.9090909090909091,1.0,0.9523809523809523,10
jpeg,1,417,0.9,0.9,0.9,10
jpeg,1,418,1.0,0.9,0.9473684210526316,10
jpeg,1,419,0.9090909090909091,1.0,0.9523809523809523,10
jpeg,1,420,0.8333333333333334,1.0,0.9090909090909091,10
jpeg,1,421,1.0,1.0,1.0,10
jpeg,1,422,0.9,0.9,0.9,10
jpeg,1,423,0.75,0.9,0.8181818181818182,10
jpeg,1,424,1.0,1.0,1.0,10
jpeg,1,425,0.8333333333333334,1.0,0.9090909090909091,10
jpeg,1,426,1.0,0.9,0.9473684210526316,10
jpeg,1,427,1.0,1.0,1.0,10
jpeg,1,428,1.0,0.8,0.888888888888889,10
jpeg,1,429,0.9,0.9,0.9,10
jpeg,1,430,0.9090909090909091,1.0,0.9523809523809523,10
jpeg,1,431,1.0,0.7,0.8235294117647058,10
jpeg,1,432,0.75,0.9,0.8181818181818182,10
jpeg,1,433,0.9,0.9,0.9,10
jpeg,1,434,1.0,0.8,0.888888888888889,10
jpeg,1,435,0.75,0.9,0.8181818181818182,10
jpeg,1,436,0.9,0.9,0.9,10
jpeg,1,437,0.9,0.9,0.9,10
jpeg,1,438,0.8,0.8,0.8000000000000002,10
jpeg,1,439,0.9,0.9,0.9,10
jpeg,1,440,1.0,1.0,1.0,10
jpeg,1,441,1.0,0.7,0.8235294117647058,10
jpeg,1,442,0.8571428571428571,0.6,0.7058823529411764,10
jpeg,1,443,1.0,1.0,1.0,10
jpeg,1,444,1.0,0.9,0.9473684210526316,10
jpeg,1,445,1.0,0.9,0.9473684210526316,10
jpeg,1,446,0.9,0.9,0.9,10
jpeg,1,447,1.0,0.9,0.9473684210526316,10
jpeg,1,448,0.8888888888888888,0.8,0.8421052631578948,10
jpeg,1,449,0.75,0.9,0.8181818181818182,10
jpeg,1,450,1.0,0.9,0.9473684210526316,10
jpeg,1,451,1.0,0.8,0.888888888888889,10
jpeg,1,452,1.0,1.0,1.0,10
jpeg,1,453,1.0,1.0,1.0,10
jpeg,1,454,0.9090909090909091,1.0,0.9523809523809523,10
jpeg,1,455,0.6363636363636364,0.7,0.6666666666666666,10
jpeg,1,456,0.6666666666666666,0.6,0.631578947368421,10
jpeg,1,457,1.0,1.0,1.0,10
jpeg,1,458,1.0,0.8,0.888888888888889,10
jpeg,1,459,1.0,1.0,1.0,10
jpeg,1,460,1.0,1.0,1.0,10
jpeg,1,461,0.8333333333333334,1.0,0.9090909090909091,10
jpeg,1,462,0.875,0.7,0.7777777777777777,10
jpeg,1,463,0.7692307692307693,1.0,0.8695652173913044,10
jpeg,1,464,1.0,0.9,0.9473684210526316,10
jpeg,1,465,0.8181818181818182,0.9,0.8571428571428572,10
jpeg,1,466,0.75,0.6,0.6666666666666665,10
jpeg,1,467,0.8571428571428571,0.6,0.7058823529411764,10
jpeg,1,468,0.875,0.7,0.7777777777777777,10
jpeg,1,469,0.6666666666666666,1.0,0.8,10
jpeg,1,470,0.8888888888888888,0.8,0.8421052631578948,10
jpeg,1,471,1.0,1.0,1.0,10
jpeg,1,472,0.7,0.7,0.7,10
jpeg,1,473,1.0,0.9,0.9473684210526316,10
jpeg,1,474,1.0,1.0,1.0,10
jpeg,1,475,0.7692307692307693,1.0,0.8695652173913044,10
jpeg,1,476,0.6923076923076923,0.9,0.7826086956521738,10
jpeg,1,477,0.9090909090909091,1.0,0.9523809523809523,10
jpeg,1,478,0.8888888888888888,0.8,0.8421052631578948,10
jpeg,1,479,0.9,0.9,0.9,10
jpeg,1,480,0.875,0.7,0.7777777777777777,10
jpeg,1,481,0.8,0.8,0.8000000000000002,10
jpeg,1,482,0.9,0.9,0.9,10
jpeg,1,483,0.8333333333333334,1.0,0.9090909090909091,10
jpeg,1,484,0.9090909090909091,1.0,0.9523809523809523,10
jpeg,1,485,1.0,0.9,0.9473684210526316,10
jpeg,1,486,0.8333333333333334,1.0,0.9090909090909091,10
jpeg,1,487,0.9,0.9,0.9,10
jpeg,1,488,0.8181818181818182,0.9,0.8571428571428572,10
jpeg,1,489,1.0,0.9,0.9473684210526316,10
jpeg,1,490,0.9,0.9,0.9,10
jpeg,1,491,0.9090909090909091,1.0,0.9523809523809523,10
jpeg,1,492,0.75,0.9,0.8181818181818182,10
jpeg,1,493,0.75,0.9,0.8181818181818182,10
jpeg,1,494,0.6666666666666666,0.8,0.7272727272727272,10
jpeg,1,495,0.5555555555555556,0.5,0.5263157894736842,10
jpeg,1,496,0.7,0.7,0.7,10
jpeg,1,497,0.7142857142857143,0.5,0.588235294117647,10
jpeg,1,498,0.9090909090909091,1.0,0.9523809523809523,10
jpeg,1,499,0.8888888888888888,0.8,0.8421052631578948,10
jpeg,2,000,1.0,1.0,1.0,10
jpeg,2,001,1.0,0.7,0.8235294117647058,10
jpeg,2,002,0.7692307692307693,1.0,0.8695652173913044,10
jpeg,2,003,0.9090909090909091,1.0,0.9523809523809523,10
jpeg,2,004,0.9090909090909091,1.0,0.9523809523809523,10
jpeg,2,005,1.0,0.7,0.8235294117647058,10
jpeg,2,006,0.8333333333333334,1.0,0.9090909090909091,10
jpeg,2,007,0.8333333333333334,1.0,0.9090909090909091,10
jpeg,2,008,0.7777777777777778,0.7,0.7368421052631577,10
jpeg,2,009,1.0,1.0,1.0,10
jpeg,2,010,1.0,1.0,1.0,10
jpeg,2,011,0.8181818181818182,0.9,0.8571428571428572,10
jpeg,2,012,0.9090909090909091,1.0,0.9523809523809523,10
jpeg,2,013,0.9090909090909091,1.0,0.9523809523809523,10
jpeg,2,014,1.0,0.9,0.9473684210526316,10
jpeg,2,015,0.9090909090909091,1.0,0.9523809523809523,10
jpeg,2,016,0.8181818181818182,0.9,0.8571428571428572,10
jpeg,2,017,1.0,0.9,0.9473684210526316,10
jpeg,2,018,1.0,1.0,1.0,10
jpeg,2,019,1.0,1.0,1.0,10
jpeg,2,020,0.9,0.9,0.9,10
jpeg,2,021,0.9,0.9,0.9,10
jpeg,2,022,0.8888888888888888,0.8,0.8421052631578948,10
jpeg,2,023,0.6666666666666666,1.0,0.8,10
jpeg,2,024,1.0,1.0,1.0,10
jpeg,2,025,0.8888888888888888,0.8,0.8421052631578948,10
jpeg,2,026,0.8181818181818182,0.9,0.8571428571428572,10
jpeg,2,027,1.0,1.0,1.0,10
jpeg,2,028,0.8888888888888888,0.8,0.8421052631578948,10
jpeg,2,029,1.0,0.8,0.888888888888889,10
jpeg,2,030,1.0,0.9,0.9473684210526316,10
jpeg,2,031,0.875,0.7,0.7777777777777777,10
jpeg,2,032,0.75,0.9,0.8181818181818182,10
jpeg,2,033,0.8181818181818182,0.9,0.8571428571428572,10
jpeg,2,034,1.0,0.9,0.9473684210526316,10
jpeg,2,035,0.9,0.9,0.9,10
jpeg,2,036,1.0,0.9,0.9473684210526316,10
jpeg,2,037,1.0,0.9,0.9473684210526316,10
jpeg,2,038,0.875,0.7,0.7777777777777777,10
jpeg,2,039,0.8888888888888888,0.8,0.8421052631578948,10
jpeg,2,040,0.9090909090909091,1.0,0.9523809523809523,10
jpeg,2,041,1.0,1.0,1.0,10
jpeg,2,042,0.9090909090909091,1.0,0.9523809523809523,10
jpeg,2,043,1.0,0.9,0.9473684210526316,10
jpeg,2,044,0.9090909090909091,1.0,0.9523809523809523,10
jpeg,2,045,1.0,1.0,1.0,10
jpeg,2,046,1.0,0.9,0.9473684210526316,10
jpeg,2,047,1.0,0.8,0.888888888888889,10
jpeg,2,048,0.9,0.9,0.9,10
jpeg,2,049,0.8,0.8,0.8000000000000002,10
jpeg,2,050,0.9,0.9,0.9,10
jpeg,2,051,1.0,1.0,1.0,10
jpeg,2,052,1.0,0.8,0.888888888888889,10
jpeg,2,053,0.9,0.9,0.9,10
jpeg,2,054,0.8888888888888888,0.8,0.8421052631578948,10
jpeg,2,055,0.9,0.9,0.9,10
jpeg,2,056,1.0,0.9,0.9473684210526316,10
jpeg,2,057,0.9,0.9,0.9,10
jpeg,2,058,1.0,1.0,1.0,10
jpeg,2,059,1.0,0.9,0.9473684210526316,10
jpeg,2,060,1.0,1.0,1.0,10
jpeg,2,061,1.0,1.0,1.0,10
jpeg,2,062,1.0,1.0,1.0,10
jpeg,2,063,0.9090909090909091,1.0,0.9523809523809523,10
jpeg,2,064,1.0,0.8,0.888888888888889,10
jpeg,2,065,1.0,0.9,0.9473684210526316,10
jpeg,2,066,0.9090909090909091,1.0,0.9523809523809523,10
jpeg,2,067,0.875,0.7,0.7777777777777777,10
jpeg,2,068,1.0,1.0,1.0,10
jpeg,2,069,0.8,0.8,0.8000000000000002,10
jpeg,2,070,1.0,1.0,1.0,10
jpeg,2,071,0.6,0.9,0.7200000000000001,10
jpeg,2,072,1.0,0.9,0.9473684210526316,10
jpeg,2,073,0.9090909090909091,1.0,0.9523809523809523,10
jpeg,2,074,0.75,0.9,0.8181818181818182,10
jpeg,2,075,0.8181818181818182,0.9,0.8571428571428572,10
jpeg,2,076,1.0,0.8,0.888888888888889,10
jpeg,2,077,1.0,1.0,1.0,10
jpeg,2,078,0.9,0.9,0.9,10
jpeg,2,079,0.8,0.8,0.8000000000000002,10
jpeg,2,080,1.0,0.8,0.888888888888889,10
jpeg,2,081,1.0,0.9,0.9473684210526316,10
jpeg,2,082,1.0,1.0,1.0,10
jpeg,2,083,1.0,1.0,1.0,10
jpeg,2,084,1.0,0.6,0.7499999999999999,10
jpeg,2,085,0.9090909090909091,1.0,0.9523809523809523,10
jpeg,2,086,0.9,0.9,0.9,10
jpeg,2,087,0.7692307692307693,1.0,0.8695652173913044,10
jpeg,2,088,0.75,0.9,0.8181818181818182,10
jpeg,2,089,1.0,1.0,1.0,10
jpeg,2,090,0.875,0.7,0.7777777777777777,10
jpeg,2,091,1.0,1.0,1.0,10
jpeg,2,092,1.0,0.9,0.9473684210526316,10
jpeg,2,093,1.0,1.0,1.0,10
jpeg,2,094,0.625,1.0,0.7692307692307693,10
jpeg,2,095,1.0,1.0,1.0,10
jpeg,2,096,1.0,0.9,0.9473684210526316,10
jpeg,2,097,1.0,0.9,0.9473684210526316,10
jpeg,2,098,0.9090909090909091,1.0,0.9523809523809523,10
jpeg,2,099,1.0,0.9,0.9473684210526316,10
jpeg,2,100,0.9090909090909091,1.0,0.9523809523809523,10
jpeg,2,101,1.0,1.0,1.0,10
jpeg,2,102,1.0,0.9,0.9473684210526316,10
jpeg,2,103,1.0,0.8,0.888888888888889,10
jpeg,2,104,1.0,0.9,0.9473684210526316,10
jpeg,2,105,1.0,1.0,1.0,10
jpeg,2,106,1.0,0.7,0.8235294117647058,10
jpeg,2,107,0.9090909090909091,1.0,0.9523809523809523,10
jpeg,2,108,1.0,1.0,1.0,10
jpeg,2,109,0.8333333333333334,1.0,0.9090909090909091,10
jpeg,2,110,1.0,0.8,0.888888888888889,10
jpeg,2,111,0.9,0.9,0.9,10
jpeg,2,112,1.0,1.0,1.0,10
jpeg,2,113,1.0,1.0,1.0,10
jpeg,2,114,1.0,1.0,1.0,10
jpeg,2,115,1.0,0.9,0.9473684210526316,10
jpeg,2,116,1.0,1.0,1.0,10
jpeg,2,117,1.0,1.0,1.0,10
jpeg,2,118,1.0,0.9,0.9473684210526316,10
jpeg,2,119,0.875,0.7,0.7777777777777777,10
jpeg,2,120,1.0,1.0,1.0,10
jpeg,2,121,0.6363636363636364,0.7,0.6666666666666666,10
jpeg,2,122,0.8571428571428571,0.6,0.7058823529411764,10
jpeg,2,123,0.8181818181818182,0.9,0.8571428571428572,10
jpeg,2,124,0.9090909090909091,1.0,0.9523809523809523,10
jpeg,2,125,0.8888888888888888,0.8,0.8421052631578948,10
jpeg,2,126,1.0,0.8,0.888888888888889,10
jpeg,2,127,0.7777777777777778,0.7,0.7368421052631577,10
jpeg,2,128,1.0,0.5,0.6666666666666666,10
jpeg,2,129,0.875,0.7,0.7777777777777777,10
jpeg,2,130,0.5714285714285714,0.8,0.6666666666666666,10
jpeg,2,131,0.6666666666666666,0.8,0.7272727272727272,10
jpeg,2,132,0.9090909090909091,1.0,0.9523809523809523,10
jpeg,2,133,0.9,0.9,0.9,10
jpeg,2,134,1.0,0.8,0.888888888888889,10
jpeg,2,135,0.7692307692307693,1.0,0.8695652173913044,10
jpeg,2,136,0.9,0.9,0.9,10
jpeg,2,137,0.7692307692307693,1.0,0.8695652173913044,10
jpeg,2,138,1.0,0.8,0.888888888888889,10
jpeg,2,139,0.5454545454545454,0.6,0.5714285714285713,10
jpeg,2,140,0.75,0.6,0.6666666666666665,10
jpeg,2,141,0.8181818181818182,0.9,0.8571428571428572,10
jpeg,2,142,1.0,0.7,0.8235294117647058,10
jpeg,2,143,0.75,0.6,0.6666666666666665,10
jpeg,2,144,0.7692307692307693,1.0,0.8695652173913044,10
jpeg,2,145,0.9090909090909091,1.0,0.9523809523809523,10
jpeg,2,146,1.0,1.0,1.0,10
jpeg,2,147,1.0,0.9,0.9473684210526316,10
jpeg,2,148,1.0,1.0,1.0,10
jpeg,2,149,1.0,0.9,0.9473684210526316,10
jpeg,2,150,0.9,0.9,0.9,10
jpeg,2,151,0.9090909090909091,1.0,0.9523809523809523,10
jpeg,2,152,0.9,0.9,0.9,10
jpeg,2,153,0.9090909090909091,1.0,0.9523809523809523,10
jpeg,2,154,0.8888888888888888,0.8,0.8421052631578948,10
jpeg,2,155,0.7272727272727273,0.8,0.761904761904762,10
jpeg,2,156,0.6666666666666666,0.6,0.631578947368421,10
jpeg,2,157,0.4444444444444444,0.4,0.4210526315789474,10
jpeg,2,158,0.8571428571428571,0.6,0.7058823529411764,10
jpeg,2,159,0.7272727272727273,0.8,0.761904761904762,10
jpeg,2,160,0.5,0.6,0.5454545454545454,10
jpeg,2,161,0.7,0.7,0.7,10
jpeg,2,162,1.0,0.9,0.9473684210526316,10
jpeg,2,163,0.7142857142857143,1.0,0.8333333333333333,10
jpeg,2,164,0.7272727272727273,0.8,0.761904761904762,10
jpeg,2,165,0.5555555555555556,0.5,0.5263157894736842,10
jpeg,2,166,0.6,0.6,0.6,10
jpeg,2,167,1.0,0.8,0.888888888888889,10
jpeg,2,168,0.9,0.9,0.9,10
jpeg,2,169,0.75,0.9,0.8181818181818182,10
jpeg,2,170,1.0,1.0,1.0,10
jpeg,2,171,0.6923076923076923,0.9,0.7826086956521738,10
jpeg,2,172,0.9,0.9,0.9,10
jpeg,2,173,0.9,0.9,0.9,10
jpeg,2,174,0.8888888888888888,0.8,0.8421052631578948,10
jpeg,2,175,0.7777777777777778,0.7,0.7368421052631577,10
jpeg,2,176,0.7692307692307693,1.0,0.8695652173913044,10
jpeg,2,177,0.875,0.7,0.7777777777777777,10
jpeg,2,178,0.7142857142857143,0.5,0.588235294117647,10
jpeg,2,179,1.0,0.7,0.8235294117647058,10
jpeg,2,180,0.6666666666666666,0.4,0.5,10
jpeg,2,181,0.8888888888888888,0.8,0.8421052631578948,10
jpeg,2,182,0.6363636363636364,0.7,0.6666666666666666,10
jpeg,2,183,0.7692307692307693,1.0,0.8695652173913044,10
jpeg,2,184,1.0,0.8,0.888888888888889,10
jpeg,2,185,0.75,0.9,0.8181818181818182,10
jpeg,2,186,0.75,0.9,0.8181818181818182,10
jpeg,2,187,0.5833333333333334,0.7,0.6363636363636365,10
jpeg,2,188,0.8,0.8,0.8000000000000002,10
jpeg,2,189,1.0,1.0,1.0,10
jpeg,2,190,0.8888888888888888,0.8,0.8421052631578948,10
jpeg,2,191,0.8888888888888888,0.8,0.8421052631578948,10
jpeg,2,192,1.0,0.8,0.888888888888889,10
jpeg,2,193,1.0,0.5,0.6666666666666666,10
jpeg,2,194,1.0,0.9,0.9473684210526316,10
jpeg,2,195,0.8888888888888888,0.8,0.8421052631578948,10
jpeg,2,196,0.9090909090909091,1.0,0.9523809523809523,10
jpeg,2,197,0.875,0.7,0.7777777777777777,10
jpeg,2,198,0.75,0.6,0.6666666666666665,10
jpeg,2,199,0.7,0.7,0.7,10
jpeg,2,200,0.8,0.8,0.8000000000000002,10
jpeg,2,201,1.0,0.7,0.8235294117647058,10
jpeg,2,202,0.7777777777777778,0.7,0.7368421052631577,10
jpeg,2,203,0.5833333333333334,0.7,0.6363636363636365,10
jpeg,2,204,0.6666666666666666,0.8,0.7272727272727272,10
jpeg,2,205,0.7692307692307693,1.0,0.8695652173913044,10
jpeg,2,206,0.875,0.7,0.7777777777777777,10
jpeg,2,207,0.8181818181818182,0.9,0.8571428571428572,10
jpeg,2,208,0.9,0.9,0.9,10
jpeg,2,209,0.8888888888888888,0.8,0.8421052631578948,10
jpeg,2,210,0.6428571428571429,0.9,0.75,10
jpeg,2,211,0.8181818181818182,0.9,0.8571428571428572,10
jpeg,2,212,0.875,0.7,0.7777777777777777,10
jpeg,2,213,0.8888888888888888,0.8,0.8421052631578948,10
jpeg,2,214,1.0,0.7,0.8235294117647058,10
jpeg,2,215,0.7272727272727273,0.8,0.761904761904762,10
jpeg,2,216,0.8888888888888888,0.8,0.8421052631578948,10
jpeg,2,217,0.8571428571428571,0.6,0.7058823529411764,10
jpeg,2,218,0.75,0.9,0.8181818181818182,10
jpeg,2,219,0.875,0.7,0.7777777777777777,10
jpeg,2,220,0.6666666666666666,0.8,0.7272727272727272,10
jpeg,2,221,1.0,0.8,0.888888888888889,10
jpeg,2,222,0.8181818181818182,0.9,0.8571428571428572,10
jpeg,2,223,1.0,1.0,1.0,10
jpeg,2,224,0.8571428571428571,0.6,0.7058823529411764,10
jpeg,2,225,0.5555555555555556,1.0,0.7142857142857143,10
jpeg,2,226,1.0,0.9,0.9473684210526316,10
jpeg,2,227,0.46153846153846156,0.6,0.5217391304347826,10
jpeg,2,228,1.0,0.6,0.7499999999999999,10
jpeg,2,229,1.0,0.9,0.9473684210526316,10
jpeg,2,230,1.0,0.8,0.888888888888889,10
jpeg,2,231,0.875,0.7,0.7777777777777777,10
jpeg,2,232,0.6666666666666666,0.8,0.7272727272727272,10
jpeg,2,233,0.75,0.6,0.6666666666666665,10
jpeg,2,234,0.9,0.9,0.9,10
jpeg,2,235,0.9,0.9,0.9,10
jpeg,2,236,0.8888888888888888,0.8,0.8421052631578948,10
jpeg,2,237,0.8888888888888888,0.8,0.8421052631578948,10
jpeg,2,238,0.7692307692307693,1.0,0.8695652173913044,10
jpeg,2,239,1.0,0.9,0.9473684210526316,10
jpeg,2,240,0.8888888888888888,0.8,0.8421052631578948,10
jpeg,2,241,0.7272727272727273,0.8,0.761904761904762,10
jpeg,2,242,1.0,0.7,0.8235294117647058,10
jpeg,2,243,0.8333333333333334,1.0,0.9090909090909091,10
jpeg,2,244,0.9,0.9,0.9,10
jpeg,2,245,0.9,0.9,0.9,10
jpeg,2,246,0.75,0.6,0.6666666666666665,10
jpeg,2,247,0.5714285714285714,0.4,0.47058823529411764,10
jpeg,2,248,0.8,0.8,0.8000000000000002,10
jpeg,2,249,0.5714285714285714,0.8,0.6666666666666666,10
jpeg,2,250,0.8333333333333334,1.0,0.9090909090909091,10
jpeg,2,251,1.0,1.0,1.0,10
jpeg,2,252,0.8888888888888888,0.8,0.8421052631578948,10
jpeg,2,253,0.6153846153846154,0.8,0.6956521739130435,10
jpeg,2,254,0.8,0.8,0.8000000000000002,10
jpeg,2,255,1.0,0.9,0.9473684210526316,10
jpeg,2,256,0.6,0.3,0.4,10
jpeg,2,257,0.7142857142857143,1.0,0.8333333333333333,10
jpeg,2,258,1.0,0.6,0.7499999999999999,10
jpeg,2,259,0.6153846153846154,0.8,0.6956521739130435,10
jpeg,2,260,0.8181818181818182,0.9,0.8571428571428572,10
jpeg,2,261,0.9090909090909091,1.0,0.9523809523809523,10
jpeg,2,262,0.75,0.9,0.8181818181818182,10
jpeg,2,263,0.9,0.9,0.9,10
jpeg,2,264,0.9090909090909091,1.0,0.9523809523809523,10
jpeg,2,265,0.6666666666666666,0.6,0.631578947368421,10
jpeg,2,266,0.7142857142857143,1.0,0.8333333333333333,10
jpeg,2,267,0.8888888888888888,0.8,0.8421052631578948,10
jpeg,2,268,0.8181818181818182,0.9,0.8571428571428572,10
jpeg,2,269,0.8333333333333334,1.0,0.9090909090909091,10
jpeg,2,270,0.9090909090909091,1.0,0.9523809523809523,10
jpeg,2,271,0.9,0.9,0.9,10
jpeg,2,272,0.9090909090909091,1.0,0.9523809523809523,10
jpeg,2,273,0.9,0.9,0.9,10
jpeg,2,274,1.0,0.7,0.8235294117647058,10
jpeg,2,275,0.7272727272727273,0.8,0.761904761904762,10
jpeg,2,276,0.6,0.9,0.7200000000000001,10
jpeg,2,277,0.8333333333333334,1.0,0.9090909090909091,10
jpeg,2,278,0.8888888888888888,0.8,0.8421052631578948,10
jpeg,2,279,0.9090909090909091,1.0,0.9523809523809523,10
jpeg,2,280,1.0,0.9,0.9473684210526316,10
jpeg,2,281,1.0,1.0,1.0,10
jpeg,2,282,1.0,0.8,0.888888888888889,10
jpeg,2,283,1.0,1.0,1.0,10
jpeg,2,284,0.9090909090909091,1.0,0.9523809523809523,10
jpeg,2,285,1.0,1.0,1.0,10
jpeg,2,286,0.8181818181818182,0.9,0.8571428571428572,10
jpeg,2,287,0.8888888888888888,0.8,0.8421052631578948,10
jpeg,2,288,0.9,0.9,0.9,10
jpeg,2,289,0.8333333333333334,1.0,0.9090909090909091,10
jpeg,2,290,1.0,0.9,0.9473684210526316,10
jpeg,2,291,1.0,1.0,1.0,10
jpeg,2,292,0.9,0.9,0.9,10
jpeg,2,293,1.0,0.7,0.8235294117647058,10
jpeg,2,294,0.7692307692307693,1.0,0.8695652173913044,10
jpeg,2,295,1.0,0.9,0.9473684210526316,10
jpeg,2,296,1.0,0.9,0.9473684210526316,10
jpeg,2,297,1.0,0.9,0.9473684210526316,10
jpeg,2,298,0.8333333333333334,1.0,0.9090909090909091,10
jpeg,2,299,0.7692307692307693,1.0,0.8695652173913044,10
jpeg,2,300,0.8333333333333334,1.0,0.9090909090909091,10
jpeg,2,301,0.9090909090909091,1.0,0.9523809523809523,10
jpeg,2,302,1.0,1.0,1.0,10
jpeg,2,303,0.9090909090909091,1.0,0.9523809523809523,10
jpeg,2,304,0.9090909090909091,1.0,0.9523809523809523,10
jpeg,2,305,0.8,0.8,0.8000000000000002,10
jpeg,2,306,0.9,0.9,0.9,10
jpeg,2,307,1.0,1.0,1.0,10
jpeg,2,308,0.5,0.8,0.6153846153846154,10
jpeg,2,309,0.7142857142857143,1.0,0.8333333333333333,10
jpeg,2,310,0.8888888888888888,0.8,0.8421052631578948,10
jpeg,2,311,1.0,1.0,1.0,10
jpeg,2,312,0.9090909090909091,1.0,0.9523809523809523,10
jpeg,2,313,0.8888888888888888,0.8,0.8421052631578948,10
jpeg,2,314,0.8888888888888888,0.8,0.8421052631578948,10
jpeg,2,315,1.0,1.0,1.0,10
jpeg,2,316,1.0,1.0,1.0,10
jpeg,2,317,1.0,0.9,0.9473684210526316,10
jpeg,2,318,0.7142857142857143,1.0,0.8333333333333333,10
jpeg,2,319,0.8181818181818182,0.9,0.8571428571428572,10
jpeg,2,320,1.0,1.0,1.0,10
jpeg,2,321,1.0,0.9,0.9473684210526316,10
jpeg,2,322,0.4375,0.7,0.5384615384615384,10
jpeg,2,323,0.9,0.9,0.9,10
jpeg,2,324,1.0,1.0,1.0,10
jpeg,2,325,1.0,0.8,0.888888888888889,10
jpeg,2,326,0.9090909090909091,1.0,0.9523809523809523,10
jpeg,2,327,0.9,0.9,0.9,10
jpeg,2,328,0.7692307692307693,1.0,0.8695652173913044,10
jpeg,2,329,1.0,0.9,0.9473684210526316,10
jpeg,2,330,0.9,0.9,0.9,10
jpeg,2,331,0.9090909090909091,1.0,0.9523809523809523,10
jpeg,2,332,0.7777777777777778,0.7,0.7368421052631577,10
jpeg,2,333,0.5294117647058824,0.9,0.6666666666666667,10
jpeg,2,334,0.9,0.9,0.9,10
jpeg,2,335,0.5,0.5,0.5,10
jpeg,2,336,0.8333333333333334,1.0,0.9090909090909091,10
jpeg,2,337,0.9,0.9,0.9,10
jpeg,2,338,0.7777777777777778,0.7,0.7368421052631577,10
jpeg,2,339,1.0,0.8,0.888888888888889,10
jpeg,2,340,0.9090909090909091,1.0,0.9523809523809523,10
jpeg,2,341,0.8181818181818182,0.9,0.8571428571428572,10
jpeg,2,342,0.9090909090909091,1.0,0.9523809523809523,10
jpeg,2,343,0.7272727272727273,0.8,0.761904761904762,10
jpeg,2,344,1.0,1.0,1.0,10
jpeg,2,345,1.0,1.0,1.0,10
jpeg,2,346,1.0,0.5,0.6666666666666666,10
jpeg,2,347,0.6428571428571429,0.9,0.75,10
jpeg,2,348,1.0,0.8,0.888888888888889,10
jpeg,2,349,0.75,0.9,0.8181818181818182,10
jpeg,2,350,1.0,1.0,1.0,10
jpeg,2,351,1.0,0.8,0.888888888888889,10
jpeg,2,352,1.0,0.9,0.9473684210526316,10
jpeg,2,353,0.8,0.8,0.8000000000000002,10
jpeg,2,354,0.875,0.7,0.7777777777777777,10
jpeg,2,355,1.0,0.9,0.9473684210526316,10
jpeg,2,356,1.0,1.0,1.0,10
jpeg,2,357,0.8,0.8,0.8000000000000002,10
jpeg,2,358,0.8333333333333334,1.0,0.9090909090909091,10
jpeg,2,359,0.9,0.9,0.9,10
jpeg,2,360,0.9090909090909091,1.0,0.9523809523809523,10
jpeg,2,361,0.9,0.9,0.9,10
jpeg,2,362,1.0,1.0,1.0,10
jpeg,2,363,0.9090909090909091,1.0,0.9523809523809523,10
jpeg,2,364,1.0,0.9,0.9473684210526316,10
jpeg,2,365,1.0,1.0,1.0,10
jpeg,2,366,1.0,1.0,1.0,10
jpeg,2,367,0.8181818181818182,0.9,0.8571428571428572,10
jpeg,2,368,0.6666666666666666,1.0,0.8,10
jpeg,2,369,0.875,0.7,0.7777777777777777,10
jpeg,2,370,0.9090909090909091,1.0,0.9523809523809523,10
jpeg,2,371,1.0,0.7,0.8235294117647058,10
jpeg,2,372,0.8888888888888888,0.8,0.8421052631578948,10
jpeg,2,373,0.8,0.8,0.8000000000000002,10
jpeg,2,374,1.0,0.4,0.5714285714285715,10
jpeg,2,375,1.0,1.0,1.0,10
jpeg,2,376,0.9090909090909091,1.0,0.9523809523809523,10
jpeg,2,377,1.0,0.9,0.9473684210526316,10
jpeg,2,378,1.0,1.0,1.0,10
jpeg,2,379,0.8888888888888888,0.8,0.8421052631578948,10
jpeg,2,380,0.8333333333333334,1.0,0.9090909090909091,10
jpeg,2,381,0.8,0.8,0.8000000000000002,10
jpeg,2,382,1.0,1.0,1.0,10
jpeg,2,383,1.0,0.7,0.8235294117647058,10
jpeg,2,384,1.0,0.9,0.9473684210526316,10
jpeg,2,385,0.75,0.9,0.8181818181818182,10
jpeg,2,386,0.8333333333333334,1.0,0.9090909090909091,10
jpeg,2,387,0.8888888888888888,0.8,0.8421052631578948,10
jpeg,2,388,1.0,0.4,0.5714285714285715,10
jpeg,2,389,0.7272727272727273,0.8,0.761904761904762,10
jpeg,2,390,0.6153846153846154,0.8,0.6956521739130435,10
jpeg,2,391,1.0,0.9,0.9473684210526316,10
jpeg,2,392,0.8888888888888888,0.8,0.8421052631578948,10
jpeg,2,393,1.0,0.8,0.888888888888889,10
jpeg,2,394,0.8888888888888888,0.8,0.8421052631578948,10
jpeg,2,395,0.9,0.9,0.9,10
jpeg,2,396,1.0,1.0,1.0,10
jpeg,2,397,1.0,1.0,1.0,10
jpeg,2,398,0.9090909090909091,1.0,0.9523809523809523,10
jpeg,2,399,0.8333333333333334,1.0,0.9090909090909091,10
jpeg,2,400,0.9,0.9,0.9,10
jpeg,2,401,1.0,1.0,1.0,10
jpeg,2,402,1.0,0.9,0.9473684210526316,10
jpeg,2,403,1.0,0.8,0.888888888888889,10
jpeg,2,404,1.0,0.9,0.9473684210526316,10
jpeg,2,405,0.7692307692307693,1.0,0.8695652173913044,10
jpeg,2,406,1.0,1.0,1.0,10
jpeg,2,407,0.7692307692307693,1.0,0.8695652173913044,10
jpeg,2,408,0.875,0.7,0.7777777777777777,10
jpeg,2,409,1.0,0.8,0.888888888888889,10
jpeg,2,410,0.7142857142857143,0.5,0.588235294117647,10
jpeg,2,411,0.9090909090909091,1.0,0.9523809523809523,10
jpeg,2,412,1.0,0.9,0.9473684210526316,10
jpeg,2,413,0.9090909090909091,1.0,0.9523809523809523,10
jpeg,2,414,0.8333333333333334,1.0,0.9090909090909091,10
jpeg,2,415,1.0,1.0,1.0,10
jpeg,2,416,0.7692307692307693,1.0,0.8695652173913044,10
jpeg,2,417,0.9090909090909091,1.0,0.9523809523809523,10
jpeg,2,418,1.0,0.9,0.9473684210526316,10
jpeg,2,419,0.9090909090909091,1.0,0.9523809523809523,10
jpeg,2,420,0.9090909090909091,1.0,0.9523809523809523,10
jpeg,2,421,1.0,1.0,1.0,10
jpeg,2,422,0.9,0.9,0.9,10
jpeg,2,423,0.8181818181818182,0.9,0.8571428571428572,10
jpeg,2,424,1.0,1.0,1.0,10
jpeg,2,425,0.9090909090909091,1.0,0.9523809523809523,10
jpeg,2,426,0.9,0.9,0.9,10
jpeg,2,427,1.0,1.0,1.0,10
jpeg,2,428,0.7,0.7,0.7,10
jpeg,2,429,0.8181818181818182,0.9,0.8571428571428572,10
jpeg,2,430,0.9,0.9,0.9,10
jpeg,2,431,0.8888888888888888,0.8,0.8421052631578948,10
jpeg,2,432,0.8181818181818182,0.9,0.8571428571428572,10
jpeg,2,433,1.0,0.9,0.9473684210526316,10
jpeg,2,434,1.0,0.8,0.888888888888889,10
jpeg,2,435,0.75,0.9,0.8181818181818182,10
jpeg,2,436,1.0,0.9,0.9473684210526316,10
jpeg,2,437,1.0,0.9,0.9473684210526316,10
jpeg,2,438,0.7777777777777778,0.7,0.7368421052631577,10
jpeg,2,439,0.8888888888888888,0.8,0.8421052631578948,10
jpeg,2,440,1.0,1.0,1.0,10
jpeg,2,441,1.0,0.8,0.888888888888889,10
jpeg,2,442,0.7142857142857143,0.5,0.588235294117647,10
jpeg,2,443,1.0,1.0,1.0,10
jpeg,2,444,1.0,0.9,0.9473684210526316,10
jpeg,2,445,1.0,0.9,0.9473684210526316,10
jpeg,2,446,0.8888888888888888,0.8,0.8421052631578948,10
jpeg,2,447,1.0,0.9,0.9473684210526316,10
jpeg,2,448,0.8888888888888888,0.8,0.8421052631578948,10
jpeg,2,449,0.7272727272727273,0.8,0.761904761904762,10
jpeg,2,450,1.0,0.9,0.9473684210526316,10
jpeg,2,451,0.8888888888888888,0.8,0.8421052631578948,10
jpeg,2,452,1.0,1.0,1.0,10
jpeg,2,453,1.0,0.9,0.9473684210526316,10
jpeg,2,454,0.9090909090909091,1.0,0.9523809523809523,10
jpeg,2,455,0.7,0.7,0.7,10
jpeg,2,456,0.7,0.7,0.7,10
jpeg,2,457,1.0,1.0,1.0,10
jpeg,2,458,0.8888888888888888,0.8,0.8421052631578948,10
jpeg,2,459,1.0,1.0,1.0,10
jpeg,2,460,1.0,1.0,1.0,10
jpeg,2,461,1.0,1.0,1.0,10
jpeg,2,462,0.9,0.9,0.9,10
jpeg,2,463,0.9090909090909091,1.0,0.9523809523809523,10
jpeg,2,464,1.0,0.9,0.9473684210526316,10
jpeg,2,465,0.8888888888888888,0.8,0.8421052631578948,10
jpeg,2,466,0.75,0.6,0.6666666666666665,10
jpeg,2,467,1.0,0.6,0.7499999999999999,10
jpeg,2,468,0.8,0.8,0.8000000000000002,10
jpeg,2,469,0.7142857142857143,1.0,0.8333333333333333,10
jpeg,2,470,0.8888888888888888,0.8,0.8421052631578948,10
jpeg,2,471,1.0,1.0,1.0,10
jpeg,2,472,0.6363636363636364,0.7,0.6666666666666666,10
jpeg,2,473,1.0,1.0,1.0,10
jpeg,2,474,1.0,1.0,1.0,10
jpeg,2,475,0.9090909090909091,1.0,0.9523809523809523,10
jpeg,2,476,0.5333333333333333,0.8,0.64,10
jpeg,2,477,0.9090909090909091,1.0,0.9523809523809523,10
jpeg,2,478,1.0,0.8,0.888888888888889,10
jpeg,2,479,1.0,0.9,0.9473684210526316,10
jpeg,2,480,0.8888888888888888,0.8,0.8421052631578948,10
jpeg,2,481,0.7272727272727273,0.8,0.761904761904762,10
jpeg,2,482,0.9,0.9,0.9,10
jpeg,2,483,0.9090909090909091,1.0,0.9523809523809523,10
jpeg,2,484,0.9090909090909091,1.0,0.9523809523809523,10
jpeg,2,485,1.0,0.9,0.9473684210526316,10
jpeg,2,486,0.8333333333333334,1.0,0.9090909090909091,10
jpeg,2,487,0.8,0.8,0.8000000000000002,10
jpeg,2,488,0.75,0.9,0.8181818181818182,10
jpeg,2,489,1.0,0.9,0.9473684210526316,10
jpeg,2,490,0.8181818181818182,0.9,0.8571428571428572,10
jpeg,2,491,1.0,1.0,1.0,10
jpeg,2,492,0.75,0.9,0.8181818181818182,10
jpeg,2,493,0.75,0.9,0.8181818181818182,10
jpeg,2,494,0.6153846153846154,0.8,0.6956521739130435,10
jpeg,2,495,0.5714285714285714,0.4,0.47058823529411764,10
jpeg,2,496,0.7,0.7,0.7,10
jpeg,2,497,0.7142857142857143,0.5,0.588235294117647,10
jpeg,2,498,0.9090909090909091,1.0,0.9523809523809523,10
jpeg,2,499,0.8888888888888888,0.8,0.8421052631578948,10
jpeg,3,000,1.0,1.0,1.0,10
jpeg,3,001,1.0,0.8,0.888888888888889,10
jpeg,3,002,0.9,0.9,0.9,10
jpeg,3,003,1.0,1.0,1.0,10
jpeg,3,004,0.8333333333333334,1.0,0.9090909090909091,10
jpeg,3,005,0.9,0.9,0.9,10
jpeg,3,006,0.75,0.9,0.8181818181818182,10
jpeg,3,007,0.6923076923076923,0.9,0.7826086956521738,10
jpeg,3,008,0.8571428571428571,0.6,0.7058823529411764,10
jpeg,3,009,1.0,1.0,1.0,10
jpeg,3,010,1.0,1.0,1.0,10
jpeg,3,011,0.8181818181818182,0.9,0.8571428571428572,10
jpeg,3,012,0.9090909090909091,1.0,0.9523809523809523,10
jpeg,3,013,0.8181818181818182,0.9,0.8571428571428572,10
jpeg,3,014,0.9,0.9,0.9,10
jpeg,3,015,0.9090909090909091,1.0,0.9523809523809523,10
jpeg,3,016,1.0,0.9,0.9473684210526316,10
jpeg,3,017,1.0,0.9,0.9473684210526316,10
jpeg,3,018,1.0,1.0,1.0,10
jpeg,3,019,1.0,0.9,0.9473684210526316,10
jpeg,3,020,0.9,0.9,0.9,10
jpeg,3,021,0.9,0.9,0.9,10
jpeg,3,022,0.8888888888888888,0.8,0.8421052631578948,10
jpeg,3,023,0.7692307692307693,1.0,0.8695652173913044,10
jpeg,3,024,1.0,1.0,1.0,10
jpeg,3,025,0.8888888888888888,0.8,0.8421052631578948,10
jpeg,3,026,0.9,0.9,0.9,10
jpeg,3,027,1.0,1.0,1.0,10
jpeg,3,028,1.0,0.8,0.888888888888889,10
jpeg,3,029,1.0,0.7,0.8235294117647058,10
jpeg,3,030,1.0,1.0,1.0,10
jpeg,3,031,0.875,0.7,0.7777777777777777,10
jpeg,3,032,0.8181818181818182,0.9,0.8571428571428572,10
jpeg,3,033,1.0,0.9,0.9473684210526316,10
jpeg,3,034,1.0,1.0,1.0,10
jpeg,3,035,0.6428571428571429,0.9,0.75,10
jpeg,3,036,1.0,0.8,0.888888888888889,10
jpeg,3,037,1.0,0.9,0.9473684210526316,10
jpeg,3,038,0.8,0.8,0.8000000000000002,10
jpeg,3,039,1.0,0.8,0.888888888888889,10
jpeg,3,040,0.9090909090909091,1.0,0.9523809523809523,10
jpeg,3,041,1.0,1.0,1.0,10
jpeg,3,042,0.9,0.9,0.9,10
jpeg,3,043,1.0,0.9,0.9473684210526316,10
jpeg,3,044,0.9090909090909091,1.0,0.9523809523809523,10
jpeg,3,045,1.0,1.0,1.0,10
jpeg,3,046,1.0,0.9,0.9473684210526316,10
jpeg,3,047,1.0,0.8,0.888888888888889,10
jpeg,3,048,0.8,0.8,0.8000000000000002,10
jpeg,3,049,0.7272727272727273,0.8,0.761904761904762,10
jpeg,3,050,0.9,0.9,0.9,10
jpeg,3,051,0.9090909090909091,1.0,0.9523809523809523,10
jpeg,3,052,1.0,0.7,0.8235294117647058,10
jpeg,3,053,1.0,0.9,0.9473684210526316,10
jpeg,3,054,0.8888888888888888,0.8,0.8421052631578948,10
jpeg,3,055,1.0,0.9,0.9473684210526316,10
jpeg,3,056,1.0,0.7,0.8235294117647058,10
jpeg,3,057,0.9,0.9,0.9,10
jpeg,3,058,1.0,1.0,1.0,10
jpeg,3,059,1.0,0.9,0.9473684210526316,10
jpeg,3,060,1.0,1.0,1.0,10
jpeg,3,061,1.0,1.0,1.0,10
jpeg,3,062,1.0,1.0,1.0,10
jpeg,3,063,0.8333333333333334,1.0,0.9090909090909091,10
jpeg,3,064,1.0,0.7,0.8235294117647058,10
jpeg,3,065,0.875,0.7,0.7777777777777777,10
jpeg,3,066,0.8333333333333334,1.0,0.9090909090909091,10
jpeg,3,067,0.8571428571428571,0.6,0.7058823529411764,10
jpeg,3,068,1.0,1.0,1.0,10
jpeg,3,069,0.7777777777777778,0.7,0.7368421052631577,10
jpeg,3,070,1.0,1.0,1.0,10
jpeg,3,071,0.6,0.9,0.7200000000000001,10
jpeg,3,072,1.0,1.0,1.0,10
jpeg,3,073,0.9,0.9,0.9,10
jpeg,3,074,0.8,0.8,0.8000000000000002,10
jpeg,3,075,0.8181818181818182,0.9,0.8571428571428572,10
jpeg,3,076,0.875,0.7,0.7777777777777777,10
jpeg,3,077,0.9,0.9,0.9,10
jpeg,3,078,0.9,0.9,0.9,10
jpeg,3,079,0.8,0.8,0.8000000000000002,10
jpeg,3,080,1.0,0.7,0.8235294117647058,10
jpeg,3,081,1.0,0.9,0.9473684210526316,10
jpeg,3,082,0.8333333333333334,1.0,0.9090909090909091,10
jpeg,3,083,1.0,1.0,1.0,10
jpeg,3,084,0.8333333333333334,0.5,0.625,10
jpeg,3,085,0.9090909090909091,1.0,0.9523809523809523,10
jpeg,3,086,1.0,1.0,1.0,10
jpeg,3,087,0.8333333333333334,1.0,0.9090909090909091,10
jpeg,3,088,0.7692307692307693,1.0,0.8695652173913044,10
jpeg,3,089,1.0,0.8,0.888888888888889,10
jpeg,3,090,1.0,0.7,0.8235294117647058,10
jpeg,3,091,1.0,1.0,1.0,10
jpeg,3,092,1.0,0.9,0.9473684210526316,10
jpeg,3,093,1.0,1.0,1.0,10
jpeg,3,094,0.6153846153846154,0.8,0.6956521739130435,10
jpeg,3,095,1.0,1.0,1.0,10
jpeg,3,096,1.0,1.0,1.0,10
jpeg,3,097,0.9,0.9,0.9,10
jpeg,3,098,0.9,0.9,0.9,10
jpeg,3,099,1.0,0.9,0.9473684210526316,10
jpeg,3,100,0.9,0.9,0.9,10
jpeg,3,101,1.0,1.0,1.0,10
jpeg,3,102,1.0,0.9,0.9473684210526316,10
jpeg,3,103,1.0,0.8,0.888888888888889,10
jpeg,3,104,1.0,0.9,0.9473684210526316,10
jpeg,3,105,1.0,1.0,1.0,10
jpeg,3,106,1.0,0.8,0.888888888888889,10
jpeg,3,107,1.0,1.0,1.0,10
jpeg,3,108,1.0,0.9,0.9473684210526316,10
jpeg,3,109,0.9090909090909091,1.0,0.9523809523809523,10
jpeg,3,110,1.0,0.7,0.8235294117647058,10
jpeg,3,111,0.8181818181818182,0.9,0.8571428571428572,10
jpeg,3,112,1.0,0.9,0.9473684210526316,10
jpeg,3,113,1.0,1.0,1.0,10
jpeg,3,114,1.0,1.0,1.0,10
jpeg,3,115,1.0,0.9,0.9473684210526316,10
jpeg,3,116,1.0,1.0,1.0,10
jpeg,3,117,1.0,1.0,1.0,10
jpeg,3,118,1.0,0.9,0.9473684210526316,10
jpeg,3,119,1.0,0.7,0.8235294117647058,10
jpeg,3,120,0.9090909090909091,1.0,0.9523809523809523,10
jpeg,3,121,0.5833333333333334,0.7,0.6363636363636365,10
jpeg,3,122,0.7142857142857143,0.5,0.588235294117647,10
jpeg,3,123,0.8181818181818182,0.9,0.8571428571428572,10
jpeg,3,124,1.0,1.0,1.0,10
jpeg,3,125,0.8181818181818182,0.9,0.8571428571428572,10
jpeg,3,126,1.0,0.8,0.888888888888889,10
jpeg,3,127,0.875,0.7,0.7777777777777777,10
jpeg,3,128,1.0,0.5,0.6666666666666666,10
jpeg,3,129,0.875,0.7,0.7777777777777777,10
jpeg,3,130,0.5833333333333334,0.7,0.6363636363636365,10
jpeg,3,131,0.5714285714285714,0.8,0.6666666666666666,10
jpeg,3,132,0.9090909090909091,1.0,0.9523809523809523,10
jpeg,3,133,0.8888888888888888,0.8,0.8421052631578948,10
jpeg,3,134,1.0,0.9,0.9473684210526316,10
jpeg,3,135,0.6666666666666666,1.0,0.8,10
jpeg,3,136,0.8,0.8,0.8000000000000002,10
jpeg,3,137,0.8333333333333334,1.0,0.9090909090909091,10
jpeg,3,138,0.8888888888888888,0.8,0.8421052631578948,10
jpeg,3,139,0.5454545454545454,0.6,0.5714285714285713,10
jpeg,3,140,0.6666666666666666,0.6,0.631578947368421,10
jpeg,3,141,0.75,0.9,0.8181818181818182,10
jpeg,3,142,0.8,0.8,0.8000000000000002,10
jpeg,3,143,0.7777777777777778,0.7,0.7368421052631577,10
jpeg,3,144,0.8333333333333334,1.0,0.9090909090909091,10
jpeg,3,145,0.9,0.9,0.9,10
jpeg,3,146,1.0,1.0,1.0,10
jpeg,3,147,0.9,0.9,0.9,10
jpeg,3,148,1.0,1.0,1.0,10
jpeg,3,149,1.0,0.9,0.9473684210526316,10
jpeg,3,150,0.9,0.9,0.9,10
jpeg,3,151,0.9090909090909091,1.0,0.9523809523809523,10
jpeg,3,152,0.9,0.9,0.9,10
jpeg,3,153,0.9090909090909091,1.0,0.9523809523809523,10
jpeg,3,154,0.9,0.9,0.9,10
jpeg,3,155,1.0,0.7,0.8235294117647058,10
jpeg,3,156,0.8571428571428571,0.6,0.7058823529411764,10
jpeg,3,157,0.5,0.5,0.5,10
jpeg,3,158,0.8333333333333334,0.5,0.625,10
jpeg,3,159,0.8888888888888888,0.8,0.8421052631578948,10
jpeg,3,160,0.42857142857142855,0.6,0.5,10
jpeg,3,161,0.6666666666666666,0.6,0.631578947368421,10
jpeg,3,162,0.9,0.9,0.9,10
jpeg,3,163,0.7142857142857143,1.0,0.8333333333333333,10
jpeg,3,164,0.75,0.9,0.8181818181818182,10
jpeg,3,165,0.5454545454545454,0.6,0.5714285714285713,10
jpeg,3,166,0.6666666666666666,0.6,0.631578947368421,10
jpeg,3,167,1.0,0.8,0.888888888888889,10
jpeg,3,168,0.8888888888888888,0.8,0.8421052631578948,10
jpeg,3,169,0.75,0.9,0.8181818181818182,10
jpeg,3,170,0.8333333333333334,1.0,0.9090909090909091,10
jpeg,3,171,0.75,0.9,0.8181818181818182,10
jpeg,3,172,0.9,0.9,0.9,10
jpeg,3,173,1.0,0.9,0.9473684210526316,10
jpeg,3,174,1.0,0.8,0.888888888888889,10
jpeg,3,175,0.7777777777777778,0.7,0.7368421052631577,10
jpeg,3,176,0.7142857142857143,1.0,0.8333333333333333,10
jpeg,3,177,0.8571428571428571,0.6,0.7058823529411764,10
jpeg,3,178,0.6666666666666666,0.6,0.631578947368421,10
jpeg,3,179,1.0,0.7,0.8235294117647058,10
jpeg,3,180,0.5714285714285714,0.4,0.47058823529411764,10
jpeg,3,181,0.875,0.7,0.7777777777777777,10
jpeg,3,182,0.5454545454545454,0.6,0.5714285714285713,10
jpeg,3,183,0.8181818181818182,0.9,0.8571428571428572,10
jpeg,3,184,1.0,0.8,0.888888888888889,10
jpeg,3,185,0.6923076923076923,0.9,0.7826086956521738,10
jpeg,3,186,0.9,0.9,0.9,10
jpeg,3,187,0.6666666666666666,0.8,0.7272727272727272,10
jpeg,3,188,0.8,0.8,0.8000000000000002,10
jpeg,3,189,1.0,1.0,1.0,10
jpeg,3,190,0.9,0.9,0.9,10
jpeg,3,191,0.7272727272727273,0.8,0.761904761904762,10
jpeg,3,192,1.0,0.8,0.888888888888889,10
jpeg,3,193,1.0,0.5,0.6666666666666666,10
jpeg,3,194,1.0,0.8,0.888888888888889,10
jpeg,3,195,0.8888888888888888,0.8,0.8421052631578948,10
jpeg,3,196,1.0,1.0,1.0,10
jpeg,3,197,0.875,0.7,0.7777777777777777,10
jpeg,3,198,0.75,0.6,0.6666666666666665,10
jpeg,3,199,0.875,0.7,0.7777777777777777,10
jpeg,3,200,0.8888888888888888,0.8,0.8421052631578948,10
jpeg,3,201,1.0,0.9,0.9473684210526316,10
jpeg,3,202,0.7,0.7,0.7,10
jpeg,3,203,0.5384615384615384,0.7,0.608695652173913,10
jpeg,3,204,0.7272727272727273,0.8,0.761904761904762,10
jpeg,3,205,0.7692307692307693,1.0,0.8695652173913044,10
jpeg,3,206,0.8888888888888888,0.8,0.8421052631578948,10
jpeg,3,207,0.875,0.7,0.7777777777777777,10
jpeg,3,208,0.9090909090909091,1.0,0.9523809523809523,10
jpeg,3,209,0.8,0.8,0.8000000000000002,10
jpeg,3,210,0.6666666666666666,0.8,0.7272727272727272,10
jpeg,3,211,0.8181818181818182,0.9,0.8571428571428572,10
jpeg,3,212,0.7777777777777778,0.7,0.7368421052631577,10
jpeg,3,213,0.8571428571428571,0.6,0.7058823529411764,10
jpeg,3,214,0.7777777777777778,0.7,0.7368421052631577,10
jpeg,3,215,0.7272727272727273,0.8,0.761904761904762,10
jpeg,3,216,0.8,0.8,0.8000000000000002,10
jpeg,3,217,0.8571428571428571,0.6,0.7058823529411764,10
jpeg,3,218,0.9,0.9,0.9,10
jpeg,3,219,0.7,0.7,0.7,10
jpeg,3,220,0.7272727272727273,0.8,0.761904761904762,10
jpeg,3,221,0.8888888888888888,0.8,0.8421052631578948,10
jpeg,3,222,0.8,0.8,0.8000000000000002,10
jpeg,3,223,1.0,1.0,1.0,10
jpeg,3,224,1.0,0.7,0.8235294117647058,10
jpeg,3,225,0.5,0.9,0.6428571428571429,10
jpeg,3,226,0.9,0.9,0.9,10
jpeg,3,227,0.5,0.7,0.5833333333333334,10
jpeg,3,228,1.0,0.6,0.7499999999999999,10
jpeg,3,229,1.0,0.8,0.888888888888889,10
jpeg,3,230,1.0,0.8,0.888888888888889,10
jpeg,3,231,1.0,0.8,0.888888888888889,10
jpeg,3,232,0.6428571428571429,0.9,0.75,10
jpeg,3,233,0.7142857142857143,0.5,0.588235294117647,10
jpeg,3,234,0.9,0.9,0.9,10
jpeg,3,235,0.9,0.9,0.9,10
jpeg,3,236,0.875,0.7,0.7777777777777777,10
jpeg,3,237,0.8,0.8,0.8000000000000002,10
jpeg,3,238,0.7692307692307693,1.0,0.8695652173913044,10
jpeg,3,239,1.0,0.9,0.9473684210526316,10
jpeg,3,240,0.8,0.8,0.8000000000000002,10
jpeg,3,241,0.6153846153846154,0.8,0.6956521739130435,10
jpeg,3,242,1.0,0.7,0.8235294117647058,10
jpeg,3,243,0.8333333333333334,1.0,0.9090909090909091,10
jpeg,3,244,0.9,0.9,0.9,10
jpeg,3,245,0.9,0.9,0.9,10
jpeg,3,246,0.6363636363636364,0.7,0.6666666666666666,10
jpeg,3,247,0.75,0.3,0.4285714285714285,10
jpeg,3,248,0.8,0.8,0.8000000000000002,10
jpeg,3,249,0.6428571428571429,0.9,0.75,10
jpeg,3,250,0.9090909090909091,1.0,0.9523809523809523,10
jpeg,3,251,1.0,1.0,1.0,10
jpeg,3,252,1.0,0.8,0.888888888888889,10
jpeg,3,253,0.6363636363636364,0.7,0.6666666666666666,10
jpeg,3,254,0.9,0.9,0.9,10
jpeg,3,255,0.9,0.9,0.9,10
jpeg,3,256,0.625,0.5,0.5555555555555556,10
jpeg,3,257,0.7142857142857143,1.0,0.8333333333333333,10
jpeg,3,258,1.0,0.6,0.7499999999999999,10
jpeg,3,259,0.6153846153846154,0.8,0.6956521739130435,10
jpeg,3,260,0.8333333333333334,1.0,0.9090909090909091,10
jpeg,3,261,0.8333333333333334,1.0,0.9090909090909091,10
jpeg,3,262,0.875,0.7,0.7777777777777777,10
jpeg,3,263,0.7142857142857143,1.0,0.8333333333333333,10
jpeg,3,264,0.9090909090909091,1.0,0.9523809523809523,10
jpeg,3,265,0.6153846153846154,0.8,0.6956521739130435,10
jpeg,3,266,0.8181818181818182,0.9,0.8571428571428572,10
jpeg,3,267,0.7777777777777778,0.7,0.7368421052631577,10
jpeg,3,268,0.75,0.9,0.8181818181818182,10
jpeg,3,269,0.9090909090909091,1.0,0.9523809523809523,10
jpeg,3,270,1.0,1.0,1.0,10
jpeg,3,271,0.75,0.9,0.8181818181818182,10
jpeg,3,272,0.9,0.9,0.9,10
jpeg,3,273,0.9,0.9,0.9,10
jpeg,3,274,1.0,0.5,0.6666666666666666,10
jpeg,3,275,0.6666666666666666,0.8,0.7272727272727272,10
jpeg,3,276,0.5333333333333333,0.8,0.64,10
jpeg,3,277,0.9,0.9,0.9,10
jpeg,3,278,0.8571428571428571,0.6,0.7058823529411764,10
jpeg,3,279,0.9090909090909091,1.0,0.9523809523809523,10
jpeg,3,280,1.0,0.9,0.9473684210526316,10
jpeg,3,281,0.9,0.9,0.9,10
jpeg,3,282,1.0,0.8,0.888888888888889,10
jpeg,3,283,1.0,1.0,1.0,10
jpeg,3,284,0.8333333333333334,1.0,0.9090909090909091,10
jpeg,3,285,0.9,0.9,0.9,10
jpeg,3,286,0.8333333333333334,1.0,0.9090909090909091,10
jpeg,3,287,0.8888888888888888,0.8,0.8421052631578948,10
jpeg,3,288,0.9,0.9,0.9,10
jpeg,3,289,0.9090909090909091,1.0,0.9523809523809523,10
jpeg,3,290,1.0,0.9,0.9473684210526316,10
jpeg,3,291,0.9090909090909091,1.0,0.9523809523809523,10
jpeg,3,292,0.8888888888888888,0.8,0.8421052631578948,10
jpeg,3,293,1.0,0.7,0.8235294117647058,10
jpeg,3,294,0.7142857142857143,1.0,0.8333333333333333,10
jpeg,3,295,0.9,0.9,0.9,10
jpeg,3,296,1.0,0.9,0.9473684210526316,10
jpeg,3,297,1.0,0.9,0.9473684210526316,10
jpeg,3,298,0.7142857142857143,1.0,0.8333333333333333,10
jpeg,3,299,0.7692307692307693,1.0,0.8695652173913044,10
jpeg,3,300,0.8333333333333334,1.0,0.9090909090909091,10
jpeg,3,301,0.9090909090909091,1.0,0.9523809523809523,10
jpeg,3,302,1.0,1.0,1.0,10
jpeg,3,303,0.8181818181818182,0.9,0.8571428571428572,10
jpeg,3,304,0.8333333333333334,1.0,0.9090909090909091,10
jpeg,3,305,0.8888888888888888,0.8,0.8421052631578948,10
jpeg,3,306,0.8181818181818182,0.9,0.8571428571428572,10
jpeg,3,307,1.0,1.0,1.0,10
jpeg,3,308,0.5714285714285714,0.8,0.6666666666666666,10
jpeg,3,309,0.7142857142857143,1.0,0.8333333333333333,10
jpeg,3,310,0.8888888888888888,0.8,0.8421052631578948,10
jpeg,3,311,1.0,0.9,0.9473684210526316,10
jpeg,3,312,0.8333333333333334,1.0,0.9090909090909091,10
jpeg,3,313,0.875,0.7,0.7777777777777777,10
jpeg,3,314,0.875,0.7,0.7777777777777777,10
jpeg,3,315,1.0,1.0,1.0,10
jpeg,3,316,1.0,1.0,1.0,10
jpeg,3,317,1.0,1.0,1.0,10
jpeg,3,318,0.7142857142857143,1.0,0.8333333333333333,10
jpeg,3,319,0.8181818181818182,0.9,0.8571428571428572,10
jpeg,3,320,1.0,1.0,1.0,10
jpeg,3,321,1.0,0.9,0.9473684210526316,10
jpeg,3,322,0.38461538461538464,0.5,0.4347826086956522,10
jpeg,3,323,0.8333333333333334,1.0,0.9090909090909091,10
jpeg,3,324,1.0,1.0,1.0,10
jpeg,3,325,0.9,0.9,0.9,10
jpeg,3,326,0.9,0.9,0.9,10
jpeg,3,327,0.6428571428571429,0.9,0.75,10
jpeg,3,328,0.8333333333333334,1.0,0.9090909090909091,10
jpeg,3,329,0.9,0.9,0.9,10
jpeg,3,330,0.9,0.9,0.9,10
jpeg,3,331,0.9090909090909091,1.0,0.9523809523809523,10
jpeg,3,332,0.7777777777777778,0.7,0.7368421052631577,10
jpeg,3,333,0.5263157894736842,1.0,0.6896551724137931,10
jpeg,3,334,1.0,0.6,0.7499999999999999,10
jpeg,3,335,0.5555555555555556,0.5,0.5263157894736842,10
jpeg,3,336,0.9090909090909091,1.0,0.9523809523809523,10
jpeg,3,337,0.8181818181818182,0.9,0.8571428571428572,10
jpeg,3,338,0.7,0.7,0.7,10
jpeg,3,339,1.0,0.9,0.9473684210526316,10
jpeg,3,340,0.8181818181818182,0.9,0.8571428571428572,10
jpeg,3,341,0.9,0.9,0.9,10
jpeg,3,342,0.9090909090909091,1.0,0.9523809523809523,10
jpeg,3,343,0.7272727272727273,0.8,0.761904761904762,10
jpeg,3,344,0.8333333333333334,1.0,0.9090909090909091,10
jpeg,3,345,1.0,0.8,0.888888888888889,10
jpeg,3,346,1.0,0.4,0.5714285714285715,10
jpeg,3,347,0.6923076923076923,0.9,0.7826086956521738,10
jpeg,3,348,1.0,0.8,0.888888888888889,10
jpeg,3,349,0.8181818181818182,0.9,0.8571428571428572,10
jpeg,3,350,1.0,1.0,1.0,10
jpeg,3,351,1.0,0.8,0.888888888888889,10
jpeg,3,352,0.9,0.9,0.9,10
jpeg,3,353,0.6153846153846154,0.8,0.6956521739130435,10
jpeg,3,354,0.875,0.7,0.7777777777777777,10
jpeg,3,355,0.9,0.9,0.9,10
jpeg,3,356,1.0,1.0,1.0,10
jpeg,3,357,0.9,0.9,0.9,10
jpeg,3,358,0.8333333333333334,1.0,0.9090909090909091,10
jpeg,3,359,0.9,0.9,0.9,10
jpeg,3,360,0.8333333333333334,1.0,0.9090909090909091,10
jpeg,3,361,0.9,0.9,0.9,10
jpeg,3,362,1.0,1.0,1.0,10
jpeg,3,363,0.9090909090909091,1.0,0.9523809523809523,10
jpeg,3,364,1.0,0.9,0.9473684210526316,10
jpeg,3,365,1.0,0.9,0.9473684210526316,10
jpeg,3,366,1.0,0.9,0.9473684210526316,10
jpeg,3,367,0.9,0.9,0.9,10
jpeg,3,368,0.6666666666666666,1.0,0.8,10
jpeg,3,369,0.875,0.7,0.7777777777777777,10
jpeg,3,370,1.0,1.0,1.0,10
jpeg,3,371,1.0,0.8,0.888888888888889,10
jpeg,3,372,0.875,0.7,0.7777777777777777,10
jpeg,3,373,1.0,0.8,0.888888888888889,10
jpeg,3,374,1.0,0.4,0.5714285714285715,10
jpeg,3,375,1.0,1.0,1.0,10
jpeg,3,376,0.9090909090909091,1.0,0.9523809523809523,10
jpeg,3,377,1.0,0.9,0.9473684210526316,10
jpeg,3,378,1.0,1.0,1.0,10
jpeg,3,379,0.8888888888888888,0.8,0.8421052631578948,10
jpeg,3,380,0.9090909090909091,1.0,0.9523809523809523,10
jpeg,3,381,0.5384615384615384,0.7,0.608695652173913,10
jpeg,3,382,1.0,1.0,1.0,10
jpeg,3,383,1.0,0.9,0.9473684210526316,10
jpeg,3,384,1.0,0.9,0.9473684210526316,10
jpeg,3,385,0.75,0.9,0.8181818181818182,10
jpeg,3,386,0.8181818181818182,0.9,0.8571428571428572,10
jpeg,3,387,0.8888888888888888,0.8,0.8421052631578948,10
jpeg,3,388,1.0,0.4,0.5714285714285715,10
jpeg,3,389,0.7272727272727273,0.8,0.761904761904762,10
jpeg,3,390,0.5714285714285714,0.8,0.6666666666666666,10
jpeg,3,391,0.9,0.9,0.9,10
jpeg,3,392,0.75,0.9,0.8181818181818182,10
jpeg,3,393,1.0,0.8,0.888888888888889,10
jpeg,3,394,0.8888888888888888,0.8,0.8421052631578948,10
jpeg,3,395,0.8181818181818182,0.9,0.8571428571428572,10
jpeg,3,396,1.0,1.0,1.0,10
jpeg,3,397,1.0,1.0,1.0,10
jpeg,3,398,0.8333333333333334,1.0,0.9090909090909091,10
jpeg,3,399,0.7692307692307693,1.0,0.8695652173913044,10
jpeg,3,400,0.8181818181818182,0.9,0.8571428571428572,10
jpeg,3,401,1.0,1.0,1.0,10
jpeg,3,402,1.0,0.9,0.9473684210526316,10
jpeg,3,403,1.0,0.8,0.888888888888889,10
jpeg,3,404,1.0,0.9,0.9473684210526316,10
jpeg,3,405,0.7142857142857143,1.0,0.8333333333333333,10
jpeg,3,406,1.0,1.0,1.0,10
jpeg,3,407,0.6923076923076923,0.9,0.7826086956521738,10
jpeg,3,408,0.7777777777777778,0.7,0.7368421052631577,10
jpeg,3,409,1.0,0.8,0.888888888888889,10
jpeg,3,410,0.6666666666666666,0.4,0.5,10
jpeg,3,411,1.0,1.0,1.0,10
jpeg,3,412,1.0,0.9,0.9473684210526316,10
jpeg,3,413,0.9090909090909091,1.0,0.9523809523809523,10
jpeg,3,414,0.9090909090909091,1.0,0.9523809523809523,10
jpeg,3,415,1.0,1.0,1.0,10
jpeg,3,416,0.7692307692307693,1.0,0.8695652173913044,10
jpeg,3,417,0.8181818181818182,0.9,0.8571428571428572,10
jpeg,3,418,1.0,1.0,1.0,10
jpeg,3,419,1.0,1.0,1.0,10
jpeg,3,420,0.7692307692307693,1.0,0.8695652173913044,10
jpeg,3,421,1.0,1.0,1.0,10
jpeg,3,422,0.8888888888888888,0.8,0.8421052631578948,10
jpeg,3,423,0.75,0.9,0.8181818181818182,10
jpeg,3,424,0.9090909090909091,1.0,0.9523809523809523,10
jpeg,3,425,1.0,1.0,1.0,10
jpeg,3,426,0.9,0.9,0.9,10
jpeg,3,427,1.0,1.0,1.0,10
jpeg,3,428,0.75,0.9,0.8181818181818182,10
jpeg,3,429,0.8181818181818182,0.9,0.8571428571428572,10
jpeg,3,430,0.9,0.9,0.9,10
jpeg,3,431,1.0,0.9,0.9473684210526316,10
jpeg,3,432,0.6923076923076923,0.9,0.7826086956521738,10
jpeg,3,433,1.0,0.9,0.9473684210526316,10
jpeg,3,434,1.0,0.8,0.888888888888889,10
jpeg,3,435,0.75,0.9,0.8181818181818182,10
jpeg,3,436,1.0,0.9,0.9473684210526316,10
jpeg,3,437,1.0,0.9,0.9473684210526316,10
jpeg,3,438,0.7777777777777778,0.7,0.7368421052631577,10
jpeg,3,439,0.8888888888888888,0.8,0.8421052631578948,10
jpeg,3,440,1.0,1.0,1.0,10
jpeg,3,441,1.0,0.7,0.8235294117647058,10
jpeg,3,442,0.625,0.5,0.5555555555555556,10
jpeg,3,443,1.0,1.0,1.0,10
jpeg,3,444,1.0,1.0,1.0,10
jpeg,3,445,1.0,0.9,0.9473684210526316,10
jpeg,3,446,0.875,0.7,0.7777777777777777,10
jpeg,3,447,1.0,0.9,0.9473684210526316,10
jpeg,3,448,0.8888888888888888,0.8,0.8421052631578948,10
jpeg,3,449,0.8,0.8,0.8000000000000002,10
jpeg,3,450,1.0,0.9,0.9473684210526316,10
jpeg,3,451,1.0,0.7,0.8235294117647058,10
jpeg,3,452,1.0,1.0,1.0,10
jpeg,3,453,0.9,0.9,0.9,10
jpeg,3,454,0.9090909090909091,1.0,0.9523809523809523,10
jpeg,3,455,0.6666666666666666,0.6,0.631578947368421,10
jpeg,3,456,0.6,0.6,0.6,10
jpeg,3,457,1.0,1.0,1.0,10
jpeg,3,458,1.0,0.8,0.888888888888889,10
jpeg,3,459,1.0,1.0,1.0,10
jpeg,3,460,1.0,1.0,1.0,10
jpeg,3,461,1.0,1.0,1.0,10
jpeg,3,462,0.9,0.9,0.9,10
jpeg,3,463,0.75,0.9,0.8181818181818182,10
jpeg,3,464,1.0,0.9,0.9473684210526316,10
jpeg,3,465,0.8888888888888888,0.8,0.8421052631578948,10
jpeg,3,466,0.6666666666666666,0.6,0.631578947368421,10
jpeg,3,467,0.8571428571428571,0.6,0.7058823529411764,10
jpeg,3,468,0.8888888888888888,0.8,0.8421052631578948,10
jpeg,3,469,0.7692307692307693,1.0,0.8695652173913044,10
jpeg,3,470,0.8888888888888888,0.8,0.8421052631578948,10
jpeg,3,471,1.0,1.0,1.0,10
jpeg,3,472,0.8,0.8,0.8000000000000002,10
jpeg,3,473,0.875,0.7,0.7777777777777777,10
jpeg,3,474,1.0,1.0,1.0,10
jpeg,3,475,0.9090909090909091,1.0,0.9523809523809523,10
jpeg,3,476,0.5714285714285714,0.8,0.6666666666666666,10
jpeg,3,477,0.8333333333333334,1.0,0.9090909090909091,10
jpeg,3,478,1.0,0.8,0.888888888888889,10
jpeg,3,479,0.9,0.9,0.9,10
jpeg,3,480,0.875,0.7,0.7777777777777777,10
jpeg,3,481,0.7272727272727273,0.8,0.761904761904762,10
jpeg,3,482,0.8888888888888888,0.8,0.8421052631578948,10
jpeg,3,483,0.9090909090909091,1.0,0.9523809523809523,10
jpeg,3,484,0.8333333333333334,1.0,0.9090909090909091,10
jpeg,3,485,1.0,0.9,0.9473684210526316,10
jpeg,3,486,0.9,0.9,0.9,10
jpeg,3,487,0.8181818181818182,0.9,0.8571428571428572,10
jpeg,3,488,0.75,0.9,0.8181818181818182,10
jpeg,3,489,0.9,0.9,0.9,10
jpeg,3,490,0.8181818181818182,0.9,0.8571428571428572,10
jpeg,3,491,0.9090909090909091,1.0,0.9523809523809523,10
jpeg,3,492,0.6923076923076923,0.9,0.7826086956521738,10
jpeg,3,493,0.75,0.9,0.8181818181818182,10
jpeg,3,494,0.6666666666666666,0.8,0.7272727272727272,10
jpeg,3,495,0.7142857142857143,0.5,0.588235294117647,10
jpeg,3,496,0.7272727272727273,0.8,0.761904761904762,10
jpeg,3,497,0.7142857142857143,0.5,0.588235294117647,10
jpeg,3,498,0.9090909090909091,1.0,0.9523809523809523,10
jpeg,3,499,0.8888888888888888,0.8,0.8421052631578948,10
jpeg,4,000,1.0,1.0,1.0,10
jpeg,4,001,1.0,0.8,0.888888888888889,10
jpeg,4,002,0.8181818181818182,0.9,0.8571428571428572,10
jpeg,4,003,1.0,0.9,0.9473684210526316,10
jpeg,4,004,0.8333333333333334,1.0,0.9090909090909091,10
jpeg,4,005,1.0,0.8,0.888888888888889,10
jpeg,4,006,0.8333333333333334,1.0,0.9090909090909091,10
jpeg,4,007,0.7272727272727273,0.8,0.761904761904762,10
jpeg,4,008,0.7777777777777778,0.7,0.7368421052631577,10
jpeg,4,009,0.9,0.9,0.9,10
jpeg,4,010,1.0,0.9,0.9473684210526316,10
jpeg,4,011,0.9,0.9,0.9,10
jpeg,4,012,0.9,0.9,0.9,10
jpeg,4,013,0.7692307692307693,1.0,0.8695652173913044,10
jpeg,4,014,0.8888888888888888,0.8,0.8421052631578948,10
jpeg,4,015,0.9,0.9,0.9,10
jpeg,4,016,0.9,0.9,0.9,10
jpeg,4,017,1.0,0.9,0.9473684210526316,10
jpeg,4,018,0.9090909090909091,1.0,0.9523809523809523,10
jpeg,4,019,1.0,0.9,0.9473684210526316,10
jpeg,4,020,0.8181818181818182,0.9,0.8571428571428572,10
jpeg,4,021,1.0,0.9,0.9473684210526316,10
jpeg,4,022,0.7272727272727273,0.8,0.761904761904762,10
jpeg,4,023,0.7142857142857143,1.0,0.8333333333333333,10
jpeg,4,024,1.0,1.0,1.0,10
jpeg,4,025,0.7777777777777778,0.7,0.7368421052631577,10
jpeg,4,026,0.7,0.7,0.7,10
jpeg,4,027,1.0,0.9,0.9473684210526316,10
jpeg,4,028,1.0,0.8,0.888888888888889,10
jpeg,4,029,1.0,0.7,0.8235294117647058,10
jpeg,4,030,1.0,0.9,0.9473684210526316,10
jpeg,4,031,0.875,0.7,0.7777777777777777,10
jpeg,4,032,0.75,0.9,0.8181818181818182,10
jpeg,4,033,0.8,0.8,0.8000000000000002,10
jpeg,4,034,0.75,0.9,0.8181818181818182,10
jpeg,4,035,0.6428571428571429,0.9,0.75,10
jpeg,4,036,1.0,0.8,0.888888888888889,10
jpeg,4,037,0.875,0.7,0.7777777777777777,10
jpeg,4,038,0.7777777777777778,0.7,0.7368421052631577,10
jpeg,4,039,0.8333333333333334,0.5,0.625,10
jpeg,4,040,0.9,0.9,0.9,10
jpeg,4,041,0.9090909090909091,1.0,0.9523809523809523,10
jpeg,4,042,0.9,0.9,0.9,10
jpeg,4,043,1.0,0.8,0.888888888888889,10
jpeg,4,044,1.0,0.9,0.9473684210526316,10
jpeg,4,045,1.0,1.0,1.0,10
jpeg,4,046,1.0,1.0,1.0,10
jpeg,4,047,1.0,0.8,0.888888888888889,10
jpeg,4,048,0.7272727272727273,0.8,0.761904761904762,10
jpeg,4,049,0.8,0.8,0.8000000000000002,10
jpeg,4,050,0.8,0.8,0.8000000000000002,10
jpeg,4,051,0.8333333333333334,1.0,0.9090909090909091,10
jpeg,4,052,0.7777777777777778,0.7,0.7368421052631577,10
jpeg,4,053,1.0,0.8,0.888888888888889,10
jpeg,4,054,1.0,0.8,0.888888888888889,10
jpeg,4,055,0.9,0.9,0.9,10
jpeg,4,056,1.0,0.7,0.8235294117647058,10
jpeg,4,057,0.6666666666666666,0.8,0.7272727272727272,10
jpeg,4,058,1.0,1.0,1.0,10
jpeg,4,059,1.0,0.9,0.9473684210526316,10
jpeg,4,060,1.0,1.0,1.0,10
jpeg,4,061,1.0,1.0,1.0,10
jpeg,4,062,1.0,1.0,1.0,10
jpeg,4,063,0.9,0.9,0.9,10
jpeg,4,064,1.0,0.5,0.6666666666666666,10
jpeg,4,065,0.8888888888888888,0.8,0.8421052631578948,10
jpeg,4,066,0.7142857142857143,1.0,0.8333333333333333,10
jpeg,4,067,1.0,0.6,0.7499999999999999,10
jpeg,4,068,1.0,1.0,1.0,10
jpeg,4,069,0.75,0.6,0.6666666666666665,10
jpeg,4,070,1.0,1.0,1.0,10
jpeg,4,071,0.6428571428571429,0.9,0.75,10
jpeg,4,072,1.0,1.0,1.0,10
jpeg,4,073,0.9,0.9,0.9,10
jpeg,4,074,0.7272727272727273,0.8,0.761904761904762,10
jpeg,4,075,0.8181818181818182,0.9,0.8571428571428572,10
jpeg,4,076,1.0,0.7,0.8235294117647058,10
jpeg,4,077,1.0,0.9,0.9473684210526316,10
jpeg,4,078,0.7777777777777778,0.7,0.7368421052631577,10
jpeg,4,079,0.8,0.8,0.8000000000000002,10
jpeg,4,080,1.0,0.6,0.7499999999999999,10
jpeg,4,081,0.9,0.9,0.9,10
jpeg,4,082,0.8333333333333334,1.0,0.9090909090909091,10
jpeg,4,083,1.0,1.0,1.0,10
jpeg,4,084,1.0,0.6,0.7499999999999999,10
jpeg,4,085,0.9090909090909091,1.0,0.9523809523809523,10
jpeg,4,086,1.0,0.9,0.9473684210526316,10
jpeg,4,087,0.7142857142857143,1.0,0.8333333333333333,10
jpeg,4,088,0.6428571428571429,0.9,0.75,10
jpeg,4,089,1.0,0.9,0.9473684210526316,10
jpeg,4,090,1.0,0.6,0.7499999999999999,10
jpeg,4,091,1.0,1.0,1.0,10
jpeg,4,092,1.0,0.9,0.9473684210526316,10
jpeg,4,093,1.0,1.0,1.0,10
jpeg,4,094,0.5625,0.9,0.6923076923076923,10
jpeg,4,095,1.0,1.0,1.0,10
jpeg,4,096,1.0,1.0,1.0,10
jpeg,4,097,0.9,0.9,0.9,10
jpeg,4,098,0.8181818181818182,0.9,0.8571428571428572,10
jpeg,4,099,1.0,0.9,0.9473684210526316,10
jpeg,4,100,1.0,0.9,0.9473684210526316,10
jpeg,4,101,1.0,1.0,1.0,10
jpeg,4,102,1.0,0.9,0.9473684210526316,10
jpeg,4,103,1.0,0.8,0.888888888888889,10
jpeg,4,104,1.0,0.8,0.888888888888889,10
jpeg,4,105,0.9090909090909091,1.0,0.9523809523809523,10
jpeg,4,106,0.875,0.7,0.7777777777777777,10
jpeg,4,107,1.0,1.0,1.0,10
jpeg,4,108,0.8888888888888888,0.8,0.8421052631578948,10
jpeg,4,109,0.9,0.9,0.9,10
jpeg,4,110,0.875,0.7,0.7777777777777777,10
jpeg,4,111,0.9,0.9,0.9,10
jpeg,4,112,1.0,0.9,0.9473684210526316,10
jpeg,4,113,1.0,1.0,1.0,10
jpeg,4,114,0.9,0.9,0.9,10
jpeg,4,115,1.0,0.9,0.9473684210526316,10
jpeg,4,116,0.9090909090909091,1.0,0.9523809523809523,10
jpeg,4,117,1.0,1.0,1.0,10
jpeg,4,118,1.0,0.9,0.9473684210526316,10
jpeg,4,119,1.0,0.7,0.8235294117647058,10
jpeg,4,120,0.8333333333333334,1.0,0.9090909090909091,10
jpeg,4,121,0.5,0.5,0.5,10
jpeg,4,122,0.6666666666666666,0.4,0.5,10
jpeg,4,123,0.7272727272727273,0.8,0.761904761904762,10
jpeg,4,124,0.9,0.9,0.9,10
jpeg,4,125,0.8,0.8,0.8000000000000002,10
jpeg,4,126,0.8888888888888888,0.8,0.8421052631578948,10
jpeg,4,127,0.6666666666666666,0.6,0.631578947368421,10
jpeg,4,128,1.0,0.5,0.6666666666666666,10
jpeg,4,129,0.75,0.6,0.6666666666666665,10
jpeg,4,130,0.6363636363636364,0.7,0.6666666666666666,10
jpeg,4,131,0.6153846153846154,0.8,0.6956521739130435,10
jpeg,4,132,0.9090909090909091,1.0,0.9523809523809523,10
jpeg,4,133,1.0,0.8,0.888888888888889,10
jpeg,4,134,0.8888888888888888,0.8,0.8421052631578948,10
jpeg,4,135,0.5882352941176471,1.0,0.7407407407407407,10
jpeg,4,136,0.9,0.9,0.9,10
jpeg,4,137,0.6666666666666666,1.0,0.8,10
jpeg,4,138,0.8,0.8,0.8000000000000002,10
jpeg,4,139,0.5833333333333334,0.7,0.6363636363636365,10
jpeg,4,140,0.8333333333333334,0.5,0.625,10
jpeg,4,141,0.8888888888888888,0.8,0.8421052631578948,10
jpeg,4,142,0.875,0.7,0.7777777777777777,10
jpeg,4,143,0.75,0.6,0.6666666666666665,10
jpeg,4,144,0.7692307692307693,1.0,0.8695652173913044,10
jpeg,4,145,1.0,0.9,0.9473684210526316,10
jpeg,4,146,0.9,0.9,0.9,10
jpeg,4,147,0.8888888888888888,0.8,0.8421052631578948,10
jpeg,4,148,1.0,1.0,1.0,10
jpeg,4,149,0.9,0.9,0.9,10
jpeg,4,150,0.8888888888888888,0.8,0.8421052631578948,10
jpeg,4,151,0.9090909090909091,1.0,0.9523809523809523,10
jpeg,4,152,0.8888888888888888,0.8,0.8421052631578948,10
jpeg,4,153,0.8333333333333334,1.0,0.9090909090909091,10
jpeg,4,154,0.8,0.8,0.8000000000000002,10
jpeg,4,155,0.8,0.8,0.8000000000000002,10
jpeg,4,156,0.75,0.6,0.6666666666666665,10
jpeg,4,157,0.6666666666666666,0.4,0.5,10
jpeg,4,158,0.8333333333333334,0.5,0.625,10
jpeg,4,159,0.7,0.7,0.7,10
jpeg,4,160,0.5625,0.9,0.6923076923076923,10
jpeg,4,161,0.6,0.6,0.6,10
jpeg,4,162,0.8,0.8,0.8000000000000002,10
jpeg,4,163,0.8333333333333334,1.0,0.9090909090909091,10
jpeg,4,164,0.8181818181818182,0.9,0.8571428571428572,10
jpeg,4,165,0.5,0.4,0.4444444444444445,10
jpeg,4,166,0.5555555555555556,0.5,0.5263157894736842,10
jpeg,4,167,1.0,0.8,0.888888888888889,10
jpeg,4,168,0.9,0.9,0.9,10
jpeg,4,169,0.75,0.9,0.8181818181818182,10
jpeg,4,170,0.8333333333333334,1.0,0.9090909090909091,10
jpeg,4,171,1.0,0.8,0.888888888888889,10
jpeg,4,172,0.7272727272727273,0.8,0.761904761904762,10
jpeg,4,173,1.0,0.9,0.9473684210526316,10
jpeg,4,174,1.0,0.7,0.8235294117647058,10
jpeg,4,175,0.75,0.6,0.6666666666666665,10
jpeg,4,176,0.7142857142857143,1.0,0.8333333333333333,10
jpeg,4,177,0.8571428571428571,0.6,0.7058823529411764,10
jpeg,4,178,0.5555555555555556,0.5,0.5263157894736842,10
jpeg,4,179,1.0,0.8,0.888888888888889,10
jpeg,4,180,0.5,0.4,0.4444444444444445,10
jpeg,4,181,0.6363636363636364,0.7,0.6666666666666666,10
jpeg,4,182,0.6,0.6,0.6,10
jpeg,4,183,0.6923076923076923,0.9,0.7826086956521738,10
jpeg,4,184,0.8888888888888888,0.8,0.8421052631578948,10
jpeg,4,185,0.75,0.9,0.8181818181818182,10
jpeg,4,186,1.0,0.9,0.9473684210526316,10
jpeg,4,187,0.6363636363636364,0.7,0.6666666666666666,10
jpeg,4,188,0.875,0.7,0.7777777777777777,10
jpeg,4,189,1.0,1.0,1.0,10
jpeg,4,190,0.6666666666666666,0.8,0.7272727272727272,10
jpeg,4,191,0.8181818181818182,0.9,0.8571428571428572,10
jpeg,4,192,0.875,0.7,0.7777777777777777,10
jpeg,4,193,1.0,0.5,0.6666666666666666,10
jpeg,4,194,0.7777777777777778,0.7,0.7368421052631577,10
jpeg,4,195,0.8571428571428571,0.6,0.7058823529411764,10
jpeg,4,196,1.0,0.9,0.9473684210526316,10
jpeg,4,197,0.8571428571428571,0.6,0.7058823529411764,10
jpeg,4,198,0.6363636363636364,0.7,0.6666666666666666,10
jpeg,4,199,0.7777777777777778,0.7,0.7368421052631577,10
jpeg,4,200,0.7272727272727273,0.8,0.761904761904762,10
jpeg,4,201,0.75,0.6,0.6666666666666665,10
jpeg,4,202,0.7272727272727273,0.8,0.761904761904762,10
jpeg,4,203,0.5833333333333334,0.7,0.6363636363636365,10
jpeg,4,204,0.6428571428571429,0.9,0.75,10
jpeg,4,205,0.9090909090909091,1.0,0.9523809523809523,10
jpeg,4,206,1.0,0.7,0.8235294117647058,10
jpeg,4,207,1.0,0.7,0.8235294117647058,10
jpeg,4,208,0.8,0.8,0.8000000000000002,10
jpeg,4,209,0.7272727272727273,0.8,0.761904761904762,10
jpeg,4,210,0.8,0.8,0.8000000000000002,10
jpeg,4,211,0.9,0.9,0.9,10
jpeg,4,212,0.75,0.6,0.6666666666666665,10
jpeg,4,213,0.8571428571428571,0.6,0.7058823529411764,10
jpeg,4,214,0.6,0.6,0.6,10
jpeg,4,215,0.6153846153846154,0.8,0.6956521739130435,10
jpeg,4,216,0.7,0.7,0.7,10
jpeg,4,217,0.7142857142857143,0.5,0.588235294117647,10
jpeg,4,218,0.8181818181818182,0.9,0.8571428571428572,10
jpeg,4,219,0.7777777777777778,0.7,0.7368421052631577,10
jpeg,4,220,0.6666666666666666,0.8,0.7272727272727272,10
jpeg,4,221,0.8888888888888888,0.8,0.8421052631578948,10
jpeg,4,222,0.6666666666666666,0.8,0.7272727272727272,10
jpeg,4,223,0.9090909090909091,1.0,0.9523809523809523,10
jpeg,4,224,0.8333333333333334,0.5,0.625,10
jpeg,4,225,0.45,0.9,0.6,10
jpeg,4,226,1.0,0.9,0.9473684210526316,10
jpeg,4,227,0.42857142857142855,0.6,0.5,10
jpeg,4,228,1.0,0.5,0.6666666666666666,10
jpeg,4,229,0.875,0.7,0.7777777777777777,10
jpeg,4,230,0.875,0.7,0.7777777777777777,10
jpeg,4,231,0.75,0.9,0.8181818181818182,10
jpeg,4,232,0.5,0.5,0.5,10
jpeg,4,233,0.6,0.3,0.4,10
jpeg,4,234,1.0,0.9,0.9473684210526316,10
jpeg,4,235,0.8181818181818182,0.9,0.8571428571428572,10
jpeg,4,236,1.0,0.9,0.9473684210526316,10
jpeg,4,237,1.0,0.8,0.888888888888889,10
jpeg,4,238,0.7692307692307693,1.0,0.8695652173913044,10
jpeg,4,239,1.0,1.0,1.0,10
jpeg,4,240,0.6428571428571429,0.9,0.75,10
jpeg,4,241,0.5714285714285714,0.8,0.6666666666666666,10
jpeg,4,242,0.8571428571428571,0.6,0.7058823529411764,10
jpeg,4,243,0.8333333333333334,1.0,0.9090909090909091,10
jpeg,4,244,0.9,0.9,0.9,10
jpeg,4,245,0.6666666666666666,0.8,0.7272727272727272,10
jpeg,4,246,0.7142857142857143,0.5,0.588235294117647,10
jpeg,4,247,0.3333333333333333,0.2,0.25,10
jpeg,4,248,0.8,0.8,0.8000000000000002,10
jpeg,4,249,0.6666666666666666,0.8,0.7272727272727272,10
jpeg,4,250,0.9090909090909091,1.0,0.9523809523809523,10
jpeg,4,251,1.0,1.0,1.0,10
jpeg,4,252,1.0,0.8,0.888888888888889,10
jpeg,4,253,0.6363636363636364,0.7,0.6666666666666666,10
jpeg,4,254,0.75,0.9,0.8181818181818182,10
jpeg,4,255,0.8181818181818182,0.9,0.8571428571428572,10
jpeg,4,256,0.5,0.4,0.4444444444444445,10
jpeg,4,257,0.6666666666666666,1.0,0.8,10
jpeg,4,258,0.8571428571428571,0.6,0.7058823529411764,10
jpeg,4,259,0.7,0.7,0.7,10
jpeg,4,260,0.8181818181818182,0.9,0.8571428571428572,10
jpeg,4,261,0.9090909090909091,1.0,0.9523809523809523,10
jpeg,4,262,0.8,0.8,0.8000000000000002,10
jpeg,4,263,0.6923076923076923,0.9,0.7826086956521738,10
jpeg,4,264,0.9090909090909091,1.0,0.9523809523809523,10
jpeg,4,265,0.5384615384615384,0.7,0.608695652173913,10
jpeg,4,266,0.6666666666666666,1.0,0.8,10
jpeg,4,267,1.0,0.7,0.8235294117647058,10
jpeg,4,268,0.7,0.7,0.7,10
jpeg,4,269,0.8333333333333334,1.0,0.9090909090909091,10
jpeg,4,270,0.8333333333333334,1.0,0.9090909090909091,10
jpeg,4,271,0.7272727272727273,0.8,0.761904761904762,10
jpeg,4,272,1.0,0.8,0.888888888888889,10
jpeg,4,273,0.8,0.8,0.8000000000000002,10
jpeg,4,274,1.0,0.5,0.6666666666666666,10
jpeg,4,275,0.7777777777777778,0.7,0.7368421052631577,10
jpeg,4,276,0.45,0.9,0.6,10
jpeg,4,277,0.7777777777777778,0.7,0.7368421052631577,10
jpeg,4,278,0.7142857142857143,0.5,0.588235294117647,10
jpeg,4,279,0.9090909090909091,1.0,0.9523809523809523,10
jpeg,4,280,0.9,0.9,0.9,10
jpeg,4,281,1.0,0.8,0.888888888888889,10
jpeg,4,282,1.0,0.8,0.888888888888889,10
jpeg,4,283,1.0,1.0,1.0,10
jpeg,4,284,0.8181818181818182,0.9,0.8571428571428572,10
jpeg,4,285,0.9,0.9,0.9,10
jpeg,4,286,0.9,0.9,0.9,10
jpeg,4,287,0.8888888888888888,0.8,0.8421052631578948,10
jpeg,4,288,0.8181818181818182,0.9,0.8571428571428572,10
jpeg,4,289,0.8888888888888888,0.8,0.8421052631578948,10
jpeg,4,290,1.0,0.9,0.9473684210526316,10
jpeg,4,291,0.9090909090909091,1.0,0.9523809523809523,10
jpeg,4,292,0.8888888888888888,0.8,0.8421052631578948,10
jpeg,4,293,0.875,0.7,0.7777777777777777,10
jpeg,4,294,0.6666666666666666,0.8,0.7272727272727272,10
jpeg,4,295,0.9,0.9,0.9,10
jpeg,4,296,0.9,0.9,0.9,10
jpeg,4,297,1.0,0.8,0.888888888888889,10
jpeg,4,298,0.7692307692307693,1.0,0.8695652173913044,10
jpeg,4,299,0.8333333333333334,1.0,0.9090909090909091,10
jpeg,4,300,0.8333333333333334,1.0,0.9090909090909091,10
jpeg,4,301,0.9090909090909091,1.0,0.9523809523809523,10
jpeg,4,302,1.0,1.0,1.0,10
jpeg,4,303,0.9,0.9,0.9,10
jpeg,4,304,0.9090909090909091,1.0,0.9523809523809523,10
jpeg,4,305,0.8888888888888888,0.8,0.8421052631578948,10
jpeg,4,306,0.9090909090909091,1.0,0.9523809523809523,10
jpeg,4,307,1.0,1.0,1.0,10
jpeg,4,308,0.6153846153846154,0.8,0.6956521739130435,10
jpeg,4,309,0.7142857142857143,1.0,0.8333333333333333,10
jpeg,4,310,1.0,0.8,0.888888888888889,10
jpeg,4,311,1.0,1.0,1.0,10
jpeg,4,312,0.9090909090909091,1.0,0.9523809523809523,10
jpeg,4,313,0.7777777777777778,0.7,0.7368421052631577,10
jpeg,4,314,0.75,0.6,0.6666666666666665,10
jpeg,4,315,1.0,1.0,1.0,10
jpeg,4,316,1.0,1.0,1.0,10
jpeg,4,317,1.0,0.9,0.9473684210526316,10
jpeg,4,318,0.6923076923076923,0.9,0.7826086956521738,10
jpeg,4,319,0.9,0.9,0.9,10
jpeg,4,320,1.0,1.0,1.0,10
jpeg,4,321,1.0,0.9,0.9473684210526316,10
jpeg,4,322,0.3333333333333333,0.4,0.3636363636363636,10
jpeg,4,323,0.9,0.9,0.9,10
jpeg,4,324,0.9090909090909091,1.0,0.9523809523809523,10
jpeg,4,325,1.0,0.8,0.888888888888889,10
jpeg,4,326,0.9090909090909091,1.0,0.9523809523809523,10
jpeg,4,327,0.8181818181818182,0.9,0.8571428571428572,10
jpeg,4,328,0.8333333333333334,1.0,0.9090909090909091,10
jpeg,4,329,0.9,0.9,0.9,10
jpeg,4,330,0.7692307692307693,1.0,0.8695652173913044,10
jpeg,4,331,0.9090909090909091,1.0,0.9523809523809523,10
jpeg,4,332,0.6153846153846154,0.8,0.6956521739130435,10
jpeg,4,333,0.5263157894736842,1.0,0.6896551724137931,10
jpeg,4,334,1.0,0.9,0.9473684210526316,10
jpeg,4,335,0.4,0.4,0.4000000000000001,10
jpeg,4,336,0.9090909090909091,1.0,0.9523809523809523,10
jpeg,4,337,0.8,0.8,0.8000000000000002,10
jpeg,4,338,0.7777777777777778,0.7,0.7368421052631577,10
jpeg,4,339,1.0,0.8,0.888888888888889,10
jpeg,4,340,0.9090909090909091,1.0,0.9523809523809523,10
jpeg,4,341,0.875,0.7,0.7777777777777777,10
jpeg,4,342,0.8333333333333334,1.0,0.9090909090909091,10
jpeg,4,343,0.5833333333333334,0.7,0.6363636363636365,10
jpeg,4,344,1.0,1.0,1.0,10
jpeg,4,345,0.8888888888888888,0.8,0.8421052631578948,10
jpeg,4,346,1.0,0.5,0.6666666666666666,10
jpeg,4,347,0.8,0.8,0.8000000000000002,10
jpeg,4,348,0.8888888888888888,0.8,0.8421052631578948,10
jpeg,4,349,0.8181818181818182,0.9,0.8571428571428572,10
jpeg,4,350,1.0,1.0,1.0,10
jpeg,4,351,1.0,0.8,0.888888888888889,10
jpeg,4,352,0.9,0.9,0.9,10
jpeg,4,353,0.5833333333333334,0.7,0.6363636363636365,10
jpeg,4,354,1.0,0.7,0.8235294117647058,10
jpeg,4,355,0.8181818181818182,0.9,0.8571428571428572,10
jpeg,4,356,1.0,0.9,0.9473684210526316,10
jpeg,4,357,0.8888888888888888,0.8,0.8421052631578948,10
jpeg,4,358,0.8181818181818182,0.9,0.8571428571428572,10
jpeg,4,359,0.8,0.8,0.8000000000000002,10
jpeg,4,360,0.9,0.9,0.9,10
jpeg,4,361,1.0,0.8,0.888888888888889,10
jpeg,4,362,1.0,1.0,1.0,10
jpeg,4,363,0.9090909090909091,1.0,0.9523809523809523,10
jpeg,4,364,1.0,0.9,0.9473684210526316,10
jpeg,4,365,0.9,0.9,0.9,10
jpeg,4,366,0.75,0.9,0.8181818181818182,10
jpeg,4,367,1.0,0.9,0.9473684210526316,10
jpeg,4,368,0.7692307692307693,1.0,0.8695652173913044,10
jpeg,4,369,0.7777777777777778,0.7,0.7368421052631577,10
jpeg,4,370,0.9090909090909091,1.0,0.9523809523809523,10
jpeg,4,371,1.0,0.8,0.888888888888889,10
jpeg,4,372,0.875,0.7,0.7777777777777777,10
jpeg,4,373,1.0,0.8,0.888888888888889,10
jpeg,4,374,0.8,0.4,0.5333333333333333,10
jpeg,4,375,0.9090909090909091,1.0,0.9523809523809523,10
jpeg,4,376,1.0,1.0,1.0,10
jpeg,4,377,1.0,0.9,0.9473684210526316,10
jpeg,4,378,1.0,1.0,1.0,10
jpeg,4,379,0.9,0.9,0.9,10
jpeg,4,380,0.9090909090909091,1.0,0.9523809523809523,10
jpeg,4,381,0.6363636363636364,0.7,0.6666666666666666,10
jpeg,4,382,1.0,1.0,1.0,10
jpeg,4,383,1.0,0.8,0.888888888888889,10
jpeg,4,384,0.9,0.9,0.9,10
jpeg,4,385,0.9,0.9,0.9,10
jpeg,4,386,0.8181818181818182,0.9,0.8571428571428572,10
jpeg,4,387,0.8181818181818182,0.9,0.8571428571428572,10
jpeg,4,388,1.0,0.4,0.5714285714285715,10
jpeg,4,389,0.75,0.9,0.8181818181818182,10
jpeg,4,390,0.8888888888888888,0.8,0.8421052631578948,10
jpeg,4,391,1.0,0.9,0.9473684210526316,10
jpeg,4,392,0.6923076923076923,0.9,0.7826086956521738,10
jpeg,4,393,0.8,0.8,0.8000000000000002,10
jpeg,4,394,1.0,0.8,0.888888888888889,10
jpeg,4,395,0.75,0.9,0.8181818181818182,10
jpeg,4,396,1.0,1.0,1.0,10
jpeg,4,397,1.0,1.0,1.0,10
jpeg,4,398,0.7692307692307693,1.0,0.8695652173913044,10
jpeg,4,399,0.7142857142857143,1.0,0.8333333333333333,10
jpeg,4,400,0.8888888888888888,0.8,0.8421052631578948,10
jpeg,4,401,0.9090909090909091,1.0,0.9523809523809523,10
jpeg,4,402,1.0,0.9,0.9473684210526316,10
jpeg,4,403,1.0,0.9,0.9473684210526316,10
jpeg,4,404,1.0,0.9,0.9473684210526316,10
jpeg,4,405,0.7142857142857143,1.0,0.8333333333333333,10
jpeg,4,406,0.9090909090909091,1.0,0.9523809523809523,10
jpeg,4,407,0.7692307692307693,1.0,0.8695652173913044,10
jpeg,4,408,0.875,0.7,0.7777777777777777,10
jpeg,4,409,0.8888888888888888,0.8,0.8421052631578948,10
jpeg,4,410,0.6666666666666666,0.4,0.5,10
jpeg,4,411,0.9,0.9,0.9,10
jpeg,4,412,1.0,1.0,1.0,10
jpeg,4,413,0.75,0.9,0.8181818181818182,10
jpeg,4,414,0.9,0.9,0.9,10
jpeg,4,415,1.0,1.0,1.0,10
jpeg,4,416,0.6666666666666666,1.0,0.8,10
jpeg,4,417,1.0,0.7,0.8235294117647058,10
jpeg,4,418,0.9090909090909091,1.0,0.9523809523809523,10
jpeg,4,419,1.0,1.0,1.0,10
jpeg,4,420,0.75,0.9,0.8181818181818182,10
jpeg,4,421,1.0,0.8,0.888888888888889,10
jpeg,4,422,1.0,0.9,0.9473684210526316,10
jpeg,4,423,0.6428571428571429,0.9,0.75,10
jpeg,4,424,0.8333333333333334,1.0,0.9090909090909091,10
jpeg,4,425,1.0,1.0,1.0,10
jpeg,4,426,0.9,0.9,0.9,10
jpeg,4,427,1.0,0.9,0.9473684210526316,10
jpeg,4,428,0.8181818181818182,0.9,0.8571428571428572,10
jpeg,4,429,0.8181818181818182,0.9,0.8571428571428572,10
jpeg,4,430,0.9,0.9,0.9,10
jpeg,4,431,0.9,0.9,0.9,10
jpeg,4,432,0.6923076923076923,0.9,0.7826086956521738,10
jpeg,4,433,1.0,1.0,1.0,10
jpeg,4,434,1.0,0.8,0.888888888888889,10
jpeg,4,435,0.6923076923076923,0.9,0.7826086956521738,10
jpeg,4,436,1.0,0.8,0.888888888888889,10
jpeg,4,437,0.8888888888888888,0.8,0.8421052631578948,10
jpeg,4,438,0.7777777777777778,0.7,0.7368421052631577,10
jpeg,4,439,0.8,0.8,0.8000000000000002,10
jpeg,4,440,1.0,1.0,1.0,10
jpeg,4,441,1.0,0.7,0.8235294117647058,10
jpeg,4,442,0.5,0.4,0.4444444444444445,10
jpeg,4,443,1.0,1.0,1.0,10
jpeg,4,444,0.9090909090909091,1.0,0.9523809523809523,10
jpeg,4,445,1.0,0.9,0.9473684210526316,10
jpeg,4,446,0.8571428571428571,0.6,0.7058823529411764,10
jpeg,4,447,1.0,0.9,0.9473684210526316,10
jpeg,4,448,1.0,0.8,0.888888888888889,10
jpeg,4,449,0.7272727272727273,0.8,0.761904761904762,10
jpeg,4,450,1.0,1.0,1.0,10
jpeg,4,451,0.875,0.7,0.7777777777777777,10
jpeg,4,452,0.9090909090909091,1.0,0.9523809523809523,10
jpeg,4,453,0.8333333333333334,1.0,0.9090909090909091,10
jpeg,4,454,1.0,1.0,1.0,10
jpeg,4,455,0.6,0.6,0.6,10
jpeg,4,456,0.6,0.6,0.6,10
jpeg,4,457,1.0,0.9,0.9473684210526316,10
jpeg,4,458,0.8,0.8,0.8000000000000002,10
jpeg,4,459,1.0,1.0,1.0,10
jpeg,4,460,1.0,1.0,1.0,10
jpeg,4,461,1.0,1.0,1.0,10
jpeg,4,462,0.8181818181818182,0.9,0.8571428571428572,10
jpeg,4,463,0.75,0.9,0.8181818181818182,10
jpeg,4,464,1.0,0.9,0.9473684210526316,10
jpeg,4,465,0.8181818181818182,0.9,0.8571428571428572,10
jpeg,4,466,0.5454545454545454,0.6,0.5714285714285713,10
jpeg,4,467,0.7777777777777778,0.7,0.7368421052631577,10
jpeg,4,468,0.8181818181818182,0.9,0.8571428571428572,10
jpeg,4,469,0.9090909090909091,1.0,0.9523809523809523,10
jpeg,4,470,0.875,0.7,0.7777777777777777,10
jpeg,4,471,1.0,1.0,1.0,10
jpeg,4,472,0.7272727272727273,0.8,0.761904761904762,10
jpeg,4,473,0.8888888888888888,0.8,0.8421052631578948,10
jpeg,4,474,0.9090909090909091,1.0,0.9523809523809523,10
jpeg,4,475,0.8333333333333334,1.0,0.9090909090909091,10
jpeg,4,476,0.6666666666666666,0.8,0.7272727272727272,10
jpeg,4,477,0.7692307692307693,1.0,0.8695652173913044,10
jpeg,4,478,1.0,0.7,0.8235294117647058,10
jpeg,4,479,0.9,0.9,0.9,10
jpeg,4,480,0.9,0.9,0.9,10
jpeg,4,481,0.8,0.8,0.8000000000000002,10
jpeg,4,482,0.8888888888888888,0.8,0.8421052631578948,10
jpeg,4,483,0.7142857142857143,1.0,0.8333333333333333,10
jpeg,4,484,0.7142857142857143,1.0,0.8333333333333333,10
jpeg,4,485,1.0,0.9,0.9473684210526316,10
jpeg,4,486,0.75,0.9,0.8181818181818182,10
jpeg,4,487,0.7272727272727273,0.8,0.761904761904762,10
jpeg,4,488,0.7272727272727273,0.8,0.761904761904762,10
jpeg,4,489,0.9,0.9,0.9,10
jpeg,4,490,0.8181818181818182,0.9,0.8571428571428572,10
jpeg,4,491,1.0,1.0,1.0,10
jpeg,4,492,0.6428571428571429,0.9,0.75,10
jpeg,4,493,0.8181818181818182,0.9,0.8571428571428572,10
jpeg,4,494,0.6666666666666666,0.8,0.7272727272727272,10
jpeg,4,495,0.8,0.4,0.5333333333333333,10
jpeg,4,496,0.6923076923076923,0.9,0.7826086956521738,10
jpeg,4,497,0.6666666666666666,0.6,0.631578947368421,10
jpeg,4,498,0.9090909090909091,1.0,0.9523809523809523,10
jpeg,4,499,0.8888888888888888,0.8,0.8421052631578948,10
